event_id,user_id,session_id,event_type,event_time,movie_id,duration_ms,success
1,u_0760,s_00001,session_start,2026-08-21 10:01:00,,,
2,u_0760,s_00001,search,2026-08-21 10:01:05,,,
3,u_0760,s_00001,api_request,2026-08-21 10:01:06,,4767,1
4,u_0760,s_00001,random_pick,2026-08-21 10:01:08,,,
5,u_0760,s_00001,view_movie_card,2026-08-21 10:01:18,m_0259,,
6,u_0760,s_00001,view_movie_card,2026-08-21 10:01:28,m_0367,,
7,u_0460,s_00002,session_start,2026-08-18 15:14:00,,,
8,u_0460,s_00002,search,2026-08-18 15:14:14,,,
9,u_0460,s_00002,api_request,2026-08-18 15:14:14,,1607,1
10,u_0460,s_00002,random_pick,2026-08-18 15:14:17,,,
11,u_0460,s_00002,view_movie_card,2026-08-18 15:14:22,m_0048,,
12,u_0619,s_00003,session_start,2026-08-12 22:22:00,,,
13,u_0619,s_00003,search,2026-08-12 22:22:02,,,
14,u_0619,s_00003,api_request,2026-08-12 22:22:05,,3400,1
15,u_0619,s_00003,view_movie_card,2026-08-12 22:22:21,m_0296,,
16,u_0619,s_00003,add_favorite,2026-08-12 22:22:23,m_0296,,
17,u_0792,s_00004,session_start,2026-08-02 19:14:00,,,
18,u_0792,s_00004,search,2026-08-02 19:14:03,,,
19,u_0792,s_00004,api_request,2026-08-02 19:14:05,,3413,1
20,u_0792,s_00004,view_movie_card,2026-08-02 19:14:21,m_0182,,
21,u_0792,s_00004,add_favorite,2026-08-02 19:14:26,m_0182,,
22,u_0792,s_00004,view_movie_card,2026-08-02 19:14:19,m_0312,,
23,u_0168,s_00005,session_start,2026-08-18 20:15:00,,,
24,u_0168,s_00005,search,2026-08-18 20:15:06,,,
25,u_0168,s_00005,api_request,2026-08-18 20:15:11,,2099,1
26,u_0168,s_00005,view_movie_card,2026-08-18 20:15:23,m_0421,,
27,u_0168,s_00005,add_favorite,2026-08-18 20:15:29,m_0421,,
28,u_0168,s_00005,view_movie_card,2026-08-18 20:15:45,m_0138,,
29,u_0168,s_00005,add_favorite,2026-08-18 20:15:51,m_0138,,
30,u_0168,s_00005,view_movie_card,2026-08-18 20:15:44,m_0336,,
31,u_0168,s_00005,view_movie_card,2026-08-18 20:16:27,m_0074,,
32,u_0552,s_00006,session_start,2026-08-08 20:35:00,,,
33,u_0552,s_00006,search,2026-08-08 20:35:11,,,
34,u_0552,s_00006,api_request,2026-08-08 20:35:14,,3571,1
35,u_0552,s_00006,random_pick,2026-08-08 20:35:18,,,
36,u_0552,s_00006,view_movie_card,2026-08-08 20:35:21,m_0387,,
37,u_0552,s_00006,add_favorite,2026-08-08 20:35:23,m_0387,,
38,u_0552,s_00006,view_movie_card,2026-08-08 20:35:32,m_0322,,
39,u_0552,s_00006,add_favorite,2026-08-08 20:35:39,m_0322,,
40,u_0552,s_00006,view_movie_card,2026-08-08 20:35:35,m_0198,,
41,u_0552,s_00006,view_movie_card,2026-08-08 20:36:30,m_0271,,
42,u_0552,s_00006,view_movie_card,2026-08-08 20:35:39,m_0349,,
43,u_0769,s_00007,session_start,2026-08-22 23:34:00,,,
44,u_0769,s_00007,search,2026-08-22 23:34:12,,,
45,u_0769,s_00007,api_request,2026-08-22 23:34:14,,3861,1
46,u_0769,s_00007,view_movie_card,2026-08-22 23:34:27,m_0498,,
47,u_0109,s_00008,session_start,2026-08-06 17:58:00,,,
48,u_0109,s_00008,search,2026-08-06 17:58:06,,,
49,u_0109,s_00008,api_request,2026-08-06 17:58:11,,1929,1
50,u_0109,s_00008,view_movie_card,2026-08-06 17:58:16,m_0307,,
51,u_0109,s_00008,view_movie_card,2026-08-06 17:58:21,m_0058,,
52,u_0109,s_00008,view_movie_card,2026-08-06 17:58:53,m_0123,,
53,u_0109,s_00008,add_favorite,2026-08-06 17:58:55,m_0123,,
54,u_0836,s_00009,session_start,2026-08-03 20:31:00,,,
55,u_0836,s_00009,search,2026-08-03 20:31:14,,,
56,u_0836,s_00009,api_request,2026-08-03 20:31:18,,1351,1
57,u_0836,s_00009,random_pick,2026-08-03 20:31:23,,,
58,u_0836,s_00009,view_movie_card,2026-08-03 20:31:36,m_0494,,
59,u_0836,s_00009,add_favorite,2026-08-03 20:31:40,m_0494,,
60,u_0836,s_00009,view_movie_card,2026-08-03 20:31:46,m_0205,,
61,u_0836,s_00009,view_movie_card,2026-08-03 20:32:06,m_0225,,
62,u_0836,s_00009,view_movie_card,2026-08-03 20:32:34,m_0062,,
63,u_0836,s_00009,view_movie_card,2026-08-03 20:31:53,m_0174,,
64,u_0836,s_00009,add_favorite,2026-08-03 20:31:57,m_0174,,
65,u_0073,s_00010,session_start,2026-08-19 12:00:00,,,
66,u_0073,s_00010,search,2026-08-19 12:00:02,,,
67,u_0073,s_00010,api_request,2026-08-19 12:00:04,,557,1
68,u_0286,s_00011,session_start,2026-08-03 17:15:00,,,
69,u_0286,s_00011,search,2026-08-03 17:15:05,,,
70,u_0286,s_00011,api_request,2026-08-03 17:15:09,,4977,1
71,u_0286,s_00011,view_movie_card,2026-08-03 17:15:27,m_0098,,
72,u_0286,s_00011,add_favorite,2026-08-03 17:15:34,m_0098,,
73,u_0479,s_00012,session_start,2026-08-12 15:26:00,,,
74,u_0479,s_00012,search,2026-08-12 15:26:02,,,
75,u_0479,s_00012,api_request,2026-08-12 15:26:07,,1106,1
76,u_0479,s_00012,view_movie_card,2026-08-12 15:26:15,m_0128,,
77,u_0479,s_00012,add_favorite,2026-08-12 15:26:23,m_0128,,
78,u_0479,s_00012,view_movie_card,2026-08-12 15:26:25,m_0217,,
79,u_0479,s_00012,add_favorite,2026-08-12 15:26:33,m_0217,,
80,u_0479,s_00012,view_movie_card,2026-08-12 15:26:43,m_0448,,
81,u_0877,s_00013,session_start,2026-08-15 21:55:00,,,
82,u_0877,s_00013,search,2026-08-15 21:55:02,,,
83,u_0877,s_00013,api_request,2026-08-15 21:55:07,,420,1
84,u_0243,s_00014,session_start,2026-08-30 21:54:00,,,
85,u_0243,s_00014,search,2026-08-30 21:54:09,,,
86,u_0243,s_00014,api_request,2026-08-30 21:54:13,,3585,1
87,u_0400,s_00015,session_start,2026-08-06 15:00:00,,,
88,u_0400,s_00015,search,2026-08-06 15:00:14,,,
89,u_0400,s_00015,api_request,2026-08-06 15:00:17,,4852,1
90,u_0400,s_00015,random_pick,2026-08-06 15:00:19,,,
91,u_0400,s_00015,view_movie_card,2026-08-06 15:00:23,m_0297,,
92,u_0400,s_00015,view_movie_card,2026-08-06 15:00:29,m_0383,,
93,u_0515,s_00016,session_start,2026-08-02 18:30:00,,,
94,u_0521,s_00017,session_start,2026-08-17 11:03:00,,,
95,u_0521,s_00017,search,2026-08-17 11:03:04,,,
96,u_0521,s_00017,api_request,2026-08-17 11:03:04,,2226,1
97,u_0521,s_00017,view_movie_card,2026-08-17 11:03:10,m_0318,,
98,u_0521,s_00017,add_favorite,2026-08-17 11:03:16,m_0318,,
99,u_0521,s_00017,view_movie_card,2026-08-17 11:03:30,m_0105,,
100,u_0521,s_00017,view_movie_card,2026-08-17 11:03:49,m_0123,,
101,u_0521,s_00017,view_movie_card,2026-08-17 11:03:40,m_0344,,
102,u_0521,s_00017,view_movie_card,2026-08-17 11:04:39,m_0162,,
103,u_0470,s_00018,session_start,2026-08-30 10:00:00,,,
104,u_0470,s_00018,search,2026-08-30 10:00:11,,,
105,u_0470,s_00018,api_request,2026-08-30 10:00:12,,2046,1
106,u_0470,s_00018,random_pick,2026-08-30 10:00:13,,,
107,u_0470,s_00018,view_movie_card,2026-08-30 10:00:24,m_0190,,
108,u_0721,s_00019,session_start,2026-08-15 22:34:00,,,
109,u_0721,s_00019,search,2026-08-15 22:34:14,,,
110,u_0721,s_00019,api_request,2026-08-15 22:34:19,,4843,1
111,u_0721,s_00019,view_movie_card,2026-08-15 22:34:28,m_0136,,
112,u_0721,s_00019,add_favorite,2026-08-15 22:34:30,m_0136,,
113,u_0721,s_00019,view_movie_card,2026-08-15 22:34:37,m_0140,,
114,u_0721,s_00019,view_movie_card,2026-08-15 22:34:52,m_0368,,
115,u_0271,s_00020,session_start,2026-08-22 19:54:00,,,
116,u_0271,s_00020,search,2026-08-22 19:54:06,,,
117,u_0271,s_00020,api_request,2026-08-22 19:54:06,,3769,1
118,u_0790,s_00021,session_start,2026-08-02 09:21:00,,,
119,u_0790,s_00021,search,2026-08-02 09:21:06,,,
120,u_0790,s_00021,api_request,2026-08-02 09:21:07,,4819,1
121,u_0790,s_00021,random_pick,2026-08-02 09:21:09,,,
122,u_0790,s_00021,view_movie_card,2026-08-02 09:21:13,m_0428,,
123,u_0790,s_00021,view_movie_card,2026-08-02 09:21:25,m_0221,,
124,u_0790,s_00021,add_favorite,2026-08-02 09:21:30,m_0221,,
125,u_0816,s_00022,session_start,2026-08-12 23:59:00,,,
126,u_0216,s_00023,session_start,2026-08-02 23:22:00,,,
127,u_0216,s_00023,search,2026-08-02 23:22:12,,,
128,u_0216,s_00023,api_request,2026-08-02 23:22:13,,4886,1
129,u_0159,s_00024,session_start,2026-08-14 18:47:00,,,
130,u_0820,s_00025,session_start,2026-08-08 22:10:00,,,
131,u_0820,s_00025,search,2026-08-08 22:10:08,,,
132,u_0820,s_00025,api_request,2026-08-08 22:10:08,,3021,1
133,u_0885,s_00026,session_start,2026-08-14 21:42:00,,,
134,u_0885,s_00026,search,2026-08-14 21:42:05,,,
135,u_0885,s_00026,api_request,2026-08-14 21:42:07,,1185,1
136,u_0885,s_00026,view_movie_card,2026-08-14 21:42:18,m_0419,,
137,u_0815,s_00027,session_start,2026-08-12 13:52:00,,,
138,u_0815,s_00027,search,2026-08-12 13:52:05,,,
139,u_0815,s_00027,api_request,2026-08-12 13:52:05,,3564,1
140,u_0815,s_00027,view_movie_card,2026-08-12 13:52:18,m_0180,,
141,u_0815,s_00027,view_movie_card,2026-08-12 13:52:39,m_0348,,
142,u_0815,s_00027,view_movie_card,2026-08-12 13:52:50,m_0481,,
143,u_0815,s_00027,add_favorite,2026-08-12 13:52:55,m_0481,,
144,u_0815,s_00027,view_movie_card,2026-08-12 13:52:45,m_0298,,
145,u_0611,s_00028,session_start,2026-08-09 09:06:00,,,
146,u_0611,s_00028,search,2026-08-09 09:06:13,,,
147,u_0611,s_00028,api_request,2026-08-09 09:06:15,,4489,1
148,u_0611,s_00028,random_pick,2026-08-09 09:06:16,,,
149,u_0611,s_00028,view_movie_card,2026-08-09 09:06:33,m_0001,,
150,u_0611,s_00028,view_movie_card,2026-08-09 09:06:37,m_0187,,
151,u_0611,s_00028,view_movie_card,2026-08-09 09:07:00,m_0320,,
152,u_0611,s_00028,view_movie_card,2026-08-09 09:06:47,m_0369,,
153,u_0419,s_00029,session_start,2026-08-17 13:42:00,,,
154,u_0419,s_00029,search,2026-08-17 13:42:13,,,
155,u_0419,s_00029,api_request,2026-08-17 13:42:15,,1871,1
156,u_0419,s_00029,view_movie_card,2026-08-17 13:42:25,m_0316,,
157,u_0419,s_00029,view_movie_card,2026-08-17 13:42:49,m_0281,,
158,u_0419,s_00029,view_movie_card,2026-08-17 13:42:57,m_0147,,
159,u_0419,s_00029,add_favorite,2026-08-17 13:43:03,m_0147,,
160,u_0419,s_00029,view_movie_card,2026-08-17 13:43:31,m_0227,,
161,u_0419,s_00029,view_movie_card,2026-08-17 13:43:10,m_0262,,
162,u_0174,s_00030,session_start,2026-08-29 21:47:00,,,
163,u_0174,s_00030,search,2026-08-29 21:47:06,,,
164,u_0174,s_00030,api_request,2026-08-29 21:47:10,,3045,1
165,u_0174,s_00030,random_pick,2026-08-29 21:47:13,,,
166,u_0174,s_00030,view_movie_card,2026-08-29 21:47:22,m_0413,,
167,u_0174,s_00030,add_favorite,2026-08-29 21:47:23,m_0413,,
168,u_0174,s_00030,view_movie_card,2026-08-29 21:47:22,m_0126,,
169,u_0174,s_00030,view_movie_card,2026-08-29 21:47:31,m_0234,,
170,u_0174,s_00030,view_movie_card,2026-08-29 21:47:54,m_0368,,
171,u_0174,s_00030,view_movie_card,2026-08-29 21:48:50,m_0205,,
172,u_0769,s_00031,session_start,2026-08-21 20:00:00,,,
173,u_0769,s_00031,search,2026-08-21 20:00:03,,,
174,u_0769,s_00031,api_request,2026-08-21 20:00:06,,4543,1
175,u_0769,s_00031,view_movie_card,2026-08-21 20:00:14,m_0234,,
176,u_0769,s_00031,add_favorite,2026-08-21 20:00:22,m_0234,,
177,u_0769,s_00031,view_movie_card,2026-08-21 20:00:36,m_0487,,
178,u_0737,s_00032,session_start,2026-08-15 18:52:00,,,
179,u_0737,s_00032,search,2026-08-15 18:52:08,,,
180,u_0737,s_00032,api_request,2026-08-15 18:52:12,,1603,1
181,u_0737,s_00032,random_pick,2026-08-15 18:52:14,,,
182,u_0737,s_00032,view_movie_card,2026-08-15 18:52:25,m_0393,,
183,u_0737,s_00032,view_movie_card,2026-08-15 18:52:52,m_0321,,
184,u_0293,s_00033,session_start,2026-08-15 10:45:00,,,
185,u_0293,s_00033,search,2026-08-15 10:45:07,,,
186,u_0293,s_00033,api_request,2026-08-15 10:45:09,,960,1
187,u_0293,s_00033,view_movie_card,2026-08-15 10:45:20,m_0033,,
188,u_0426,s_00034,session_start,2026-08-11 17:29:00,,,
189,u_0426,s_00034,search,2026-08-11 17:29:15,,,
190,u_0426,s_00034,api_request,2026-08-11 17:29:18,,5084,1
191,u_0784,s_00035,session_start,2026-08-01 22:56:00,,,
192,u_0784,s_00035,search,2026-08-01 22:56:09,,,
193,u_0784,s_00035,api_request,2026-08-01 22:56:09,,2746,1
194,u_0784,s_00035,view_movie_card,2026-08-01 22:56:27,m_0276,,
195,u_0784,s_00035,view_movie_card,2026-08-01 22:56:33,m_0250,,
196,u_0784,s_00035,add_favorite,2026-08-01 22:56:40,m_0250,,
197,u_0784,s_00035,view_movie_card,2026-08-01 22:57:09,m_0015,,
198,u_0784,s_00035,view_movie_card,2026-08-01 22:57:17,m_0371,,
199,u_0784,s_00035,add_favorite,2026-08-01 22:57:25,m_0371,,
200,u_0547,s_00036,session_start,2026-08-30 11:39:00,,,
201,u_0547,s_00036,search,2026-08-30 11:39:08,,,
202,u_0547,s_00036,api_request,2026-08-30 11:39:13,,522,1
203,u_0547,s_00036,view_movie_card,2026-08-30 11:39:23,m_0026,,
204,u_0547,s_00036,view_movie_card,2026-08-30 11:39:43,m_0109,,
205,u_0389,s_00037,session_start,2026-08-11 21:56:00,,,
206,u_0389,s_00037,search,2026-08-11 21:56:15,,,
207,u_0389,s_00037,api_request,2026-08-11 21:56:18,,970,1
208,u_0389,s_00037,random_pick,2026-08-11 21:56:21,,,
209,u_0389,s_00037,view_movie_card,2026-08-11 21:56:30,m_0333,,
210,u_0389,s_00037,add_favorite,2026-08-11 21:56:31,m_0333,,
211,u_0389,s_00037,view_movie_card,2026-08-11 21:56:28,m_0487,,
212,u_0389,s_00037,view_movie_card,2026-08-11 21:56:33,m_0319,,
213,u_0389,s_00037,add_favorite,2026-08-11 21:56:36,m_0319,,
214,u_0578,s_00038,session_start,2026-08-16 19:07:00,,,
215,u_0786,s_00039,session_start,2026-08-15 20:16:00,,,
216,u_0786,s_00039,search,2026-08-15 20:16:11,,,
217,u_0786,s_00039,api_request,2026-08-15 20:16:16,,1238,1
218,u_0786,s_00039,random_pick,2026-08-15 20:16:21,,,
219,u_0786,s_00039,view_movie_card,2026-08-15 20:16:21,m_0476,,
220,u_0407,s_00040,session_start,2026-08-22 23:24:00,,,
221,u_0708,s_00041,session_start,2026-08-07 10:37:00,,,
222,u_0708,s_00041,search,2026-08-07 10:37:05,,,
223,u_0708,s_00041,api_request,2026-08-07 10:37:06,,2770,1
224,u_0816,s_00042,session_start,2026-08-20 21:07:00,,,
225,u_0546,s_00043,session_start,2026-08-26 09:22:00,,,
226,u_0546,s_00043,search,2026-08-26 09:22:07,,,
227,u_0546,s_00043,api_request,2026-08-26 09:22:07,,3095,1
228,u_0546,s_00043,view_movie_card,2026-08-26 09:22:25,m_0492,,
229,u_0546,s_00043,view_movie_card,2026-08-26 09:22:45,m_0363,,
230,u_0546,s_00043,add_favorite,2026-08-26 09:22:48,m_0363,,
231,u_0277,s_00044,session_start,2026-08-24 17:41:00,,,
232,u_0277,s_00044,search,2026-08-24 17:41:10,,,
233,u_0277,s_00044,api_request,2026-08-24 17:41:14,,5153,1
234,u_0277,s_00044,view_movie_card,2026-08-24 17:41:21,m_0143,,
235,u_0277,s_00044,view_movie_card,2026-08-24 17:41:38,m_0385,,
236,u_0277,s_00044,view_movie_card,2026-08-24 17:42:05,m_0173,,
237,u_0277,s_00044,add_favorite,2026-08-24 17:42:11,m_0173,,
238,u_0277,s_00044,view_movie_card,2026-08-24 17:41:54,m_0250,,
239,u_0277,s_00044,add_favorite,2026-08-24 17:41:59,m_0250,,
240,u_0611,s_00045,session_start,2026-08-11 13:56:00,,,
241,u_0611,s_00045,search,2026-08-11 13:56:06,,,
242,u_0611,s_00045,api_request,2026-08-11 13:56:10,,4565,0
243,u_0611,s_00045,error_shown,2026-08-11 13:56:10,,,
244,u_0417,s_00046,session_start,2026-08-03 12:46:00,,,
245,u_0417,s_00046,search,2026-08-03 12:46:14,,,
246,u_0417,s_00046,api_request,2026-08-03 12:46:16,,4320,1
247,u_0417,s_00046,random_pick,2026-08-03 12:46:20,,,
248,u_0417,s_00046,view_movie_card,2026-08-03 12:46:28,m_0157,,
249,u_0544,s_00047,session_start,2026-08-12 16:35:00,,,
250,u_0544,s_00047,search,2026-08-12 16:35:13,,,
251,u_0544,s_00047,api_request,2026-08-12 16:35:17,,4017,1
252,u_0544,s_00047,random_pick,2026-08-12 16:35:19,,,
253,u_0544,s_00047,view_movie_card,2026-08-12 16:35:32,m_0062,,
254,u_0197,s_00048,session_start,2026-08-25 20:11:00,,,
255,u_0197,s_00048,search,2026-08-25 20:11:09,,,
256,u_0197,s_00048,api_request,2026-08-25 20:11:11,,4597,1
257,u_0197,s_00048,view_movie_card,2026-08-25 20:11:25,m_0117,,
258,u_0197,s_00048,view_movie_card,2026-08-25 20:11:39,m_0008,,
259,u_0197,s_00048,view_movie_card,2026-08-25 20:11:38,m_0141,,
260,u_0197,s_00048,add_favorite,2026-08-25 20:11:39,m_0141,,
261,u_0197,s_00048,view_movie_card,2026-08-25 20:12:07,m_0358,,
262,u_0197,s_00048,view_movie_card,2026-08-25 20:12:51,m_0053,,
263,u_0491,s_00049,session_start,2026-08-19 13:30:00,,,
264,u_0491,s_00049,search,2026-08-19 13:30:04,,,
265,u_0491,s_00049,api_request,2026-08-19 13:30:04,,4213,1
266,u_0491,s_00049,view_movie_card,2026-08-19 13:30:10,m_0078,,
267,u_0491,s_00049,add_favorite,2026-08-19 13:30:15,m_0078,,
268,u_0572,s_00050,session_start,2026-08-03 12:07:00,,,
269,u_0572,s_00050,search,2026-08-03 12:07:11,,,
270,u_0572,s_00050,api_request,2026-08-03 12:07:16,,2148,1
271,u_0572,s_00050,view_movie_card,2026-08-03 12:07:30,m_0441,,
272,u_0572,s_00050,view_movie_card,2026-08-03 12:07:52,m_0157,,
273,u_0102,s_00051,session_start,2026-08-02 18:47:00,,,
274,u_0271,s_00052,session_start,2026-08-07 19:13:00,,,
275,u_0271,s_00052,search,2026-08-07 19:13:04,,,
276,u_0271,s_00052,api_request,2026-08-07 19:13:06,,914,1
277,u_0271,s_00052,view_movie_card,2026-08-07 19:13:26,m_0150,,
278,u_0271,s_00052,add_favorite,2026-08-07 19:13:31,m_0150,,
279,u_0271,s_00052,view_movie_card,2026-08-07 19:13:34,m_0360,,
280,u_0271,s_00053,session_start,2026-08-03 19:14:00,,,
281,u_0271,s_00053,search,2026-08-03 19:14:12,,,
282,u_0271,s_00053,api_request,2026-08-03 19:14:17,,1920,1
283,u_0271,s_00053,view_movie_card,2026-08-03 19:14:30,m_0424,,
284,u_0271,s_00053,add_favorite,2026-08-03 19:14:31,m_0424,,
285,u_0271,s_00053,view_movie_card,2026-08-03 19:14:37,m_0406,,
286,u_0296,s_00054,session_start,2026-08-24 22:36:00,,,
287,u_0296,s_00054,search,2026-08-24 22:36:09,,,
288,u_0296,s_00054,api_request,2026-08-24 22:36:14,,3597,1
289,u_0449,s_00055,session_start,2026-08-17 17:31:00,,,
290,u_0449,s_00055,search,2026-08-17 17:31:02,,,
291,u_0449,s_00055,api_request,2026-08-17 17:31:05,,2351,1
292,u_0449,s_00055,view_movie_card,2026-08-17 17:31:10,m_0392,,
293,u_0782,s_00056,session_start,2026-08-09 18:02:00,,,
294,u_0782,s_00056,search,2026-08-09 18:02:09,,,
295,u_0782,s_00056,api_request,2026-08-09 18:02:13,,2578,1
296,u_0782,s_00056,view_movie_card,2026-08-09 18:02:33,m_0497,,
297,u_0782,s_00056,add_favorite,2026-08-09 18:02:39,m_0497,,
298,u_0782,s_00056,view_movie_card,2026-08-09 18:02:49,m_0171,,
299,u_0338,s_00057,session_start,2026-08-04 22:10:00,,,
300,u_0338,s_00057,search,2026-08-04 22:10:09,,,
301,u_0338,s_00057,api_request,2026-08-04 22:10:11,,3580,1
302,u_0091,s_00058,session_start,2026-08-18 09:29:00,,,
303,u_0091,s_00058,search,2026-08-18 09:29:07,,,
304,u_0091,s_00058,api_request,2026-08-18 09:29:08,,3611,1
305,u_0891,s_00059,session_start,2026-08-27 09:42:00,,,
306,u_0891,s_00059,search,2026-08-27 09:42:08,,,
307,u_0891,s_00059,api_request,2026-08-27 09:42:08,,3263,1
308,u_0891,s_00059,view_movie_card,2026-08-27 09:42:14,m_0105,,
309,u_0891,s_00059,view_movie_card,2026-08-27 09:42:26,m_0475,,
310,u_0125,s_00060,session_start,2026-08-29 20:31:00,,,
311,u_0125,s_00060,search,2026-08-29 20:31:12,,,
312,u_0125,s_00060,api_request,2026-08-29 20:31:17,,1597,1
313,u_0125,s_00060,view_movie_card,2026-08-29 20:31:29,m_0431,,
314,u_0853,s_00061,session_start,2026-08-15 10:41:00,,,
315,u_0853,s_00061,search,2026-08-15 10:41:13,,,
316,u_0853,s_00061,api_request,2026-08-15 10:41:15,,2539,1
317,u_0853,s_00061,view_movie_card,2026-08-15 10:41:34,m_0283,,
318,u_0853,s_00061,add_favorite,2026-08-15 10:41:38,m_0283,,
319,u_0853,s_00061,view_movie_card,2026-08-15 10:41:33,m_0443,,
320,u_0853,s_00061,add_favorite,2026-08-15 10:41:40,m_0443,,
321,u_0520,s_00062,session_start,2026-08-11 23:50:00,,,
322,u_0520,s_00062,search,2026-08-11 23:50:02,,,
323,u_0520,s_00062,api_request,2026-08-11 23:50:04,,5108,1
324,u_0520,s_00062,view_movie_card,2026-08-11 23:50:23,m_0276,,
325,u_0520,s_00062,view_movie_card,2026-08-11 23:50:34,m_0283,,
326,u_0520,s_00062,view_movie_card,2026-08-11 23:50:55,m_0234,,
327,u_0245,s_00063,session_start,2026-08-28 12:44:00,,,
328,u_0245,s_00063,search,2026-08-28 12:44:05,,,
329,u_0245,s_00063,api_request,2026-08-28 12:44:08,,6874,0
330,u_0245,s_00063,error_shown,2026-08-28 12:44:08,,,
331,u_0391,s_00064,session_start,2026-08-23 23:51:00,,,
332,u_0391,s_00064,search,2026-08-23 23:51:12,,,
333,u_0391,s_00064,api_request,2026-08-23 23:51:17,,4357,1
334,u_0340,s_00065,session_start,2026-08-05 17:37:00,,,
335,u_0340,s_00065,search,2026-08-05 17:37:15,,,
336,u_0340,s_00065,api_request,2026-08-05 17:37:18,,4043,1
337,u_0340,s_00065,view_movie_card,2026-08-05 17:37:27,m_0039,,
338,u_0710,s_00066,session_start,2026-08-09 14:39:00,,,
339,u_0710,s_00066,search,2026-08-09 14:39:03,,,
340,u_0710,s_00066,api_request,2026-08-09 14:39:05,,4671,1
341,u_0710,s_00066,view_movie_card,2026-08-09 14:39:25,m_0447,,
342,u_0647,s_00067,session_start,2026-08-20 10:15:00,,,
343,u_0647,s_00067,search,2026-08-20 10:15:06,,,
344,u_0647,s_00067,api_request,2026-08-20 10:15:08,,3855,1
345,u_0894,s_00068,session_start,2026-08-25 19:45:00,,,
346,u_0894,s_00068,search,2026-08-25 19:45:04,,,
347,u_0894,s_00068,api_request,2026-08-25 19:45:09,,537,1
348,u_0894,s_00068,random_pick,2026-08-25 19:45:12,,,
349,u_0894,s_00068,view_movie_card,2026-08-25 19:45:27,m_0075,,
350,u_0894,s_00068,view_movie_card,2026-08-25 19:45:45,m_0290,,
351,u_0894,s_00068,view_movie_card,2026-08-25 19:45:39,m_0088,,
352,u_0894,s_00068,add_favorite,2026-08-25 19:45:46,m_0088,,
353,u_0510,s_00069,session_start,2026-08-20 19:15:00,,,
354,u_0654,s_00070,session_start,2026-08-05 12:29:00,,,
355,u_0654,s_00070,search,2026-08-05 12:29:06,,,
356,u_0654,s_00070,api_request,2026-08-05 12:29:11,,6811,0
357,u_0654,s_00070,error_shown,2026-08-05 12:29:11,,,
358,u_0560,s_00071,session_start,2026-08-29 13:43:00,,,
359,u_0560,s_00071,search,2026-08-29 13:43:09,,,
360,u_0560,s_00071,api_request,2026-08-29 13:43:12,,2750,1
361,u_0560,s_00071,random_pick,2026-08-29 13:43:15,,,
362,u_0560,s_00071,view_movie_card,2026-08-29 13:43:23,m_0197,,
363,u_0560,s_00071,view_movie_card,2026-08-29 13:43:28,m_0122,,
364,u_0717,s_00072,session_start,2026-08-12 18:18:00,,,
365,u_0717,s_00072,search,2026-08-12 18:18:15,,,
366,u_0717,s_00072,api_request,2026-08-12 18:18:20,,366,1
367,u_0717,s_00072,view_movie_card,2026-08-12 18:18:26,m_0467,,
368,u_0717,s_00072,view_movie_card,2026-08-12 18:19:00,m_0427,,
369,u_0717,s_00072,view_movie_card,2026-08-12 18:19:02,m_0398,,
370,u_0225,s_00073,session_start,2026-08-20 21:22:00,,,
371,u_0225,s_00073,search,2026-08-20 21:22:11,,,
372,u_0225,s_00073,api_request,2026-08-20 21:22:13,,1420,1
373,u_0225,s_00073,view_movie_card,2026-08-20 21:22:27,m_0404,,
374,u_0225,s_00073,view_movie_card,2026-08-20 21:22:45,m_0375,,
375,u_0225,s_00073,add_favorite,2026-08-20 21:22:50,m_0375,,
376,u_0225,s_00073,view_movie_card,2026-08-20 21:22:58,m_0383,,
377,u_0225,s_00073,view_movie_card,2026-08-20 21:22:57,m_0068,,
378,u_0514,s_00074,session_start,2026-08-29 14:33:00,,,
379,u_0845,s_00075,session_start,2026-08-27 11:16:00,,,
380,u_0892,s_00076,session_start,2026-08-26 13:47:00,,,
381,u_0892,s_00076,search,2026-08-26 13:47:03,,,
382,u_0892,s_00076,api_request,2026-08-26 13:47:07,,1453,1
383,u_0892,s_00076,view_movie_card,2026-08-26 13:47:24,m_0496,,
384,u_0810,s_00077,session_start,2026-08-18 14:05:00,,,
385,u_0810,s_00077,search,2026-08-18 14:05:06,,,
386,u_0810,s_00077,api_request,2026-08-18 14:05:10,,3319,1
387,u_0810,s_00077,view_movie_card,2026-08-18 14:05:26,m_0056,,
388,u_0810,s_00077,view_movie_card,2026-08-18 14:05:50,m_0013,,
389,u_0810,s_00077,view_movie_card,2026-08-18 14:05:55,m_0469,,
390,u_0844,s_00078,session_start,2026-08-21 10:40:00,,,
391,u_0844,s_00078,search,2026-08-21 10:40:13,,,
392,u_0844,s_00078,api_request,2026-08-21 10:40:15,,1255,1
393,u_0844,s_00078,random_pick,2026-08-21 10:40:19,,,
394,u_0844,s_00078,view_movie_card,2026-08-21 10:40:23,m_0050,,
395,u_0844,s_00078,view_movie_card,2026-08-21 10:40:33,m_0199,,
396,u_0844,s_00078,view_movie_card,2026-08-21 10:41:09,m_0301,,
397,u_0844,s_00078,view_movie_card,2026-08-21 10:40:51,m_0454,,
398,u_0844,s_00078,view_movie_card,2026-08-21 10:40:55,m_0427,,
399,u_0707,s_00079,session_start,2026-08-14 13:02:00,,,
400,u_0707,s_00079,search,2026-08-14 13:02:09,,,
401,u_0707,s_00079,api_request,2026-08-14 13:02:12,,3271,1
402,u_0707,s_00079,view_movie_card,2026-08-14 13:02:28,m_0032,,
403,u_0707,s_00079,view_movie_card,2026-08-14 13:02:34,m_0496,,
404,u_0707,s_00079,add_favorite,2026-08-14 13:02:42,m_0496,,
405,u_0707,s_00079,view_movie_card,2026-08-14 13:02:33,m_0340,,
406,u_0707,s_00079,add_favorite,2026-08-14 13:02:34,m_0340,,
407,u_0250,s_00080,session_start,2026-08-02 21:21:00,,,
408,u_0071,s_00081,session_start,2026-08-26 18:13:00,,,
409,u_0071,s_00081,search,2026-08-26 18:13:10,,,
410,u_0071,s_00081,api_request,2026-08-26 18:13:11,,2208,1
411,u_0071,s_00081,view_movie_card,2026-08-26 18:13:16,m_0142,,
412,u_0257,s_00082,session_start,2026-08-05 11:34:00,,,
413,u_0257,s_00082,search,2026-08-05 11:34:03,,,
414,u_0257,s_00082,api_request,2026-08-05 11:34:08,,1379,1
415,u_0257,s_00082,random_pick,2026-08-05 11:34:11,,,
416,u_0257,s_00082,view_movie_card,2026-08-05 11:34:13,m_0090,,
417,u_0257,s_00082,view_movie_card,2026-08-05 11:34:26,m_0380,,
418,u_0257,s_00082,view_movie_card,2026-08-05 11:34:32,m_0382,,
419,u_0257,s_00082,add_favorite,2026-08-05 11:34:40,m_0382,,
420,u_0608,s_00083,session_start,2026-08-25 14:32:00,,,
421,u_0608,s_00083,search,2026-08-25 14:32:10,,,
422,u_0608,s_00083,api_request,2026-08-25 14:32:12,,655,1
423,u_0608,s_00083,view_movie_card,2026-08-25 14:32:26,m_0235,,
424,u_0608,s_00083,view_movie_card,2026-08-25 14:32:22,m_0032,,
425,u_0608,s_00083,view_movie_card,2026-08-25 14:33:03,m_0219,,
426,u_0608,s_00083,view_movie_card,2026-08-25 14:33:32,m_0365,,
427,u_0330,s_00084,session_start,2026-08-03 23:05:00,,,
428,u_0330,s_00084,search,2026-08-03 23:05:03,,,
429,u_0330,s_00084,api_request,2026-08-03 23:05:04,,5095,1
430,u_0330,s_00084,view_movie_card,2026-08-03 23:05:18,m_0233,,
431,u_0719,s_00085,session_start,2026-08-14 10:50:00,,,
432,u_0719,s_00085,search,2026-08-14 10:50:12,,,
433,u_0719,s_00085,api_request,2026-08-14 10:50:17,,4816,1
434,u_0719,s_00085,view_movie_card,2026-08-14 10:50:29,m_0212,,
435,u_0748,s_00086,session_start,2026-08-15 15:26:00,,,
436,u_0748,s_00086,search,2026-08-15 15:26:08,,,
437,u_0748,s_00086,api_request,2026-08-15 15:26:10,,3366,1
438,u_0069,s_00087,session_start,2026-08-22 23:30:00,,,
439,u_0069,s_00087,search,2026-08-22 23:30:03,,,
440,u_0069,s_00087,api_request,2026-08-22 23:30:03,,3352,1
441,u_0576,s_00088,session_start,2026-08-18 09:37:00,,,
442,u_0576,s_00088,search,2026-08-18 09:37:12,,,
443,u_0576,s_00088,api_request,2026-08-18 09:37:13,,3764,1
444,u_0615,s_00089,session_start,2026-08-24 09:18:00,,,
445,u_0615,s_00089,search,2026-08-24 09:18:03,,,
446,u_0615,s_00089,api_request,2026-08-24 09:18:07,,1567,1
447,u_0615,s_00089,random_pick,2026-08-24 09:18:12,,,
448,u_0615,s_00089,view_movie_card,2026-08-24 09:18:23,m_0059,,
449,u_0440,s_00090,session_start,2026-08-19 12:51:00,,,
450,u_0440,s_00090,search,2026-08-19 12:51:14,,,
451,u_0440,s_00090,api_request,2026-08-19 12:51:19,,4860,1
452,u_0440,s_00090,view_movie_card,2026-08-19 12:51:32,m_0015,,
453,u_0440,s_00090,add_favorite,2026-08-19 12:51:37,m_0015,,
454,u_0440,s_00090,view_movie_card,2026-08-19 12:51:49,m_0180,,
455,u_0440,s_00090,add_favorite,2026-08-19 12:51:52,m_0180,,
456,u_0440,s_00090,view_movie_card,2026-08-19 12:52:10,m_0036,,
457,u_0440,s_00090,add_favorite,2026-08-19 12:52:11,m_0036,,
458,u_0440,s_00090,view_movie_card,2026-08-19 12:51:47,m_0383,,
459,u_0350,s_00091,session_start,2026-08-13 15:29:00,,,
460,u_0350,s_00091,search,2026-08-13 15:29:06,,,
461,u_0350,s_00091,api_request,2026-08-13 15:29:08,,4949,1
462,u_0350,s_00091,random_pick,2026-08-13 15:29:13,,,
463,u_0350,s_00091,view_movie_card,2026-08-13 15:29:14,m_0346,,
464,u_0350,s_00091,add_favorite,2026-08-13 15:29:22,m_0346,,
465,u_0350,s_00091,view_movie_card,2026-08-13 15:29:44,m_0249,,
466,u_0350,s_00091,view_movie_card,2026-08-13 15:30:02,m_0140,,
467,u_0350,s_00091,add_favorite,2026-08-13 15:30:04,m_0140,,
468,u_0350,s_00091,view_movie_card,2026-08-13 15:30:12,m_0221,,
469,u_0350,s_00091,add_favorite,2026-08-13 15:30:20,m_0221,,
470,u_0047,s_00092,session_start,2026-08-17 19:19:00,,,
471,u_0047,s_00092,search,2026-08-17 19:19:11,,,
472,u_0047,s_00092,api_request,2026-08-17 19:19:11,,5469,0
473,u_0047,s_00092,error_shown,2026-08-17 19:19:11,,,
474,u_0783,s_00093,session_start,2026-08-07 21:08:00,,,
475,u_0783,s_00093,search,2026-08-07 21:08:07,,,
476,u_0783,s_00093,api_request,2026-08-07 21:08:08,,6527,0
477,u_0783,s_00093,error_shown,2026-08-07 21:08:08,,,
478,u_0546,s_00094,session_start,2026-08-06 11:24:00,,,
479,u_0546,s_00094,search,2026-08-06 11:24:10,,,
480,u_0546,s_00094,api_request,2026-08-06 11:24:14,,3201,1
481,u_0546,s_00094,random_pick,2026-08-06 11:24:15,,,
482,u_0546,s_00094,view_movie_card,2026-08-06 11:24:33,m_0472,,
483,u_0546,s_00094,add_favorite,2026-08-06 11:24:39,m_0472,,
484,u_0546,s_00094,view_movie_card,2026-08-06 11:24:50,m_0294,,
485,u_0546,s_00094,view_movie_card,2026-08-06 11:25:08,m_0149,,
486,u_0546,s_00094,add_favorite,2026-08-06 11:25:09,m_0149,,
487,u_0546,s_00094,view_movie_card,2026-08-06 11:25:14,m_0088,,
488,u_0707,s_00095,session_start,2026-08-20 16:53:00,,,
489,u_0109,s_00096,session_start,2026-08-03 15:54:00,,,
490,u_0109,s_00096,search,2026-08-03 15:54:11,,,
491,u_0109,s_00096,api_request,2026-08-03 15:54:14,,3542,1
492,u_0342,s_00097,session_start,2026-08-24 14:14:00,,,
493,u_0342,s_00097,search,2026-08-24 14:14:03,,,
494,u_0342,s_00097,api_request,2026-08-24 14:14:07,,4646,1
495,u_0342,s_00097,random_pick,2026-08-24 14:14:09,,,
496,u_0342,s_00097,view_movie_card,2026-08-24 14:14:19,m_0053,,
497,u_0342,s_00097,add_favorite,2026-08-24 14:14:23,m_0053,,
498,u_0342,s_00097,view_movie_card,2026-08-24 14:14:27,m_0309,,
499,u_0342,s_00097,add_favorite,2026-08-24 14:14:29,m_0309,,
500,u_0342,s_00097,view_movie_card,2026-08-24 14:14:37,m_0488,,
501,u_0342,s_00097,view_movie_card,2026-08-24 14:15:27,m_0238,,
502,u_0698,s_00098,session_start,2026-08-25 18:28:00,,,
503,u_0640,s_00099,session_start,2026-08-19 19:40:00,,,
504,u_0640,s_00099,search,2026-08-19 19:40:12,,,
505,u_0640,s_00099,api_request,2026-08-19 19:40:14,,859,1
506,u_0640,s_00099,view_movie_card,2026-08-19 19:40:20,m_0181,,
507,u_0640,s_00099,view_movie_card,2026-08-19 19:40:42,m_0237,,
508,u_0294,s_00100,session_start,2026-08-02 14:53:00,,,
509,u_0294,s_00100,search,2026-08-02 14:53:15,,,
510,u_0294,s_00100,api_request,2026-08-02 14:53:15,,4453,1
511,u_0294,s_00100,view_movie_card,2026-08-02 14:53:21,m_0231,,
512,u_0294,s_00100,view_movie_card,2026-08-02 14:53:37,m_0165,,
513,u_0462,s_00101,session_start,2026-08-17 11:03:00,,,
514,u_0462,s_00101,search,2026-08-17 11:03:15,,,
515,u_0462,s_00101,api_request,2026-08-17 11:03:18,,990,1
516,u_0462,s_00101,random_pick,2026-08-17 11:03:22,,,
517,u_0462,s_00101,view_movie_card,2026-08-17 11:03:37,m_0269,,
518,u_0290,s_00102,session_start,2026-08-06 14:23:00,,,
519,u_0290,s_00102,search,2026-08-06 14:23:14,,,
520,u_0290,s_00102,api_request,2026-08-06 14:23:16,,728,1
521,u_0338,s_00103,session_start,2026-08-21 14:04:00,,,
522,u_0338,s_00103,search,2026-08-21 14:04:12,,,
523,u_0338,s_00103,api_request,2026-08-21 14:04:15,,1531,1
524,u_0338,s_00103,random_pick,2026-08-21 14:04:18,,,
525,u_0338,s_00103,view_movie_card,2026-08-21 14:04:29,m_0496,,
526,u_0338,s_00103,view_movie_card,2026-08-21 14:04:49,m_0067,,
527,u_0386,s_00104,session_start,2026-08-03 13:35:00,,,
528,u_0386,s_00104,search,2026-08-03 13:35:07,,,
529,u_0386,s_00104,api_request,2026-08-03 13:35:08,,4612,1
530,u_0386,s_00104,view_movie_card,2026-08-03 13:35:13,m_0186,,
531,u_0386,s_00104,view_movie_card,2026-08-03 13:35:30,m_0175,,
532,u_0386,s_00104,view_movie_card,2026-08-03 13:36:08,m_0099,,
533,u_0303,s_00105,session_start,2026-08-05 11:04:00,,,
534,u_0303,s_00105,search,2026-08-05 11:04:03,,,
535,u_0303,s_00105,api_request,2026-08-05 11:04:07,,4613,1
536,u_0303,s_00105,view_movie_card,2026-08-05 11:04:16,m_0306,,
537,u_0710,s_00106,session_start,2026-08-06 11:53:00,,,
538,u_0710,s_00106,search,2026-08-06 11:53:14,,,
539,u_0710,s_00106,api_request,2026-08-06 11:53:15,,657,1
540,u_0710,s_00106,random_pick,2026-08-06 11:53:19,,,
541,u_0710,s_00106,view_movie_card,2026-08-06 11:53:29,m_0386,,
542,u_0710,s_00106,view_movie_card,2026-08-06 11:53:53,m_0120,,
543,u_0710,s_00106,view_movie_card,2026-08-06 11:53:57,m_0495,,
544,u_0199,s_00107,session_start,2026-08-16 23:53:00,,,
545,u_0199,s_00107,search,2026-08-16 23:53:11,,,
546,u_0199,s_00107,api_request,2026-08-16 23:53:14,,2608,1
547,u_0199,s_00107,view_movie_card,2026-08-16 23:53:24,m_0419,,
548,u_0199,s_00107,add_favorite,2026-08-16 23:53:27,m_0419,,
549,u_0199,s_00107,view_movie_card,2026-08-16 23:53:40,m_0027,,
550,u_0106,s_00108,session_start,2026-08-28 14:35:00,,,
551,u_0106,s_00108,search,2026-08-28 14:35:10,,,
552,u_0106,s_00108,api_request,2026-08-28 14:35:11,,1613,1
553,u_0106,s_00108,random_pick,2026-08-28 14:35:15,,,
554,u_0106,s_00108,view_movie_card,2026-08-28 14:35:18,m_0485,,
555,u_0106,s_00108,view_movie_card,2026-08-28 14:35:49,m_0453,,
556,u_0106,s_00108,view_movie_card,2026-08-28 14:35:26,m_0213,,
557,u_0106,s_00108,add_favorite,2026-08-28 14:35:32,m_0213,,
558,u_0106,s_00108,view_movie_card,2026-08-28 14:35:59,m_0198,,
559,u_0327,s_00109,session_start,2026-08-12 12:01:00,,,
560,u_0344,s_00110,session_start,2026-08-27 20:41:00,,,
561,u_0344,s_00110,search,2026-08-27 20:41:04,,,
562,u_0344,s_00110,api_request,2026-08-27 20:41:04,,4170,1
563,u_0344,s_00110,view_movie_card,2026-08-27 20:41:23,m_0316,,
564,u_0344,s_00110,add_favorite,2026-08-27 20:41:25,m_0316,,
565,u_0856,s_00111,session_start,2026-08-01 13:13:00,,,
566,u_0856,s_00111,search,2026-08-01 13:13:13,,,
567,u_0856,s_00111,api_request,2026-08-01 13:13:18,,1210,1
568,u_0856,s_00111,random_pick,2026-08-01 13:13:20,,,
569,u_0856,s_00111,view_movie_card,2026-08-01 13:13:36,m_0328,,
570,u_0857,s_00112,session_start,2026-08-15 10:07:00,,,
571,u_0648,s_00113,session_start,2026-08-20 17:01:00,,,
572,u_0648,s_00113,search,2026-08-20 17:01:05,,,
573,u_0648,s_00113,api_request,2026-08-20 17:01:06,,312,1
574,u_0648,s_00113,view_movie_card,2026-08-20 17:01:13,m_0269,,
575,u_0520,s_00114,session_start,2026-08-03 17:34:00,,,
576,u_0520,s_00114,search,2026-08-03 17:34:10,,,
577,u_0520,s_00114,api_request,2026-08-03 17:34:14,,6851,0
578,u_0520,s_00114,error_shown,2026-08-03 17:34:14,,,
579,u_0383,s_00115,session_start,2026-08-02 19:24:00,,,
580,u_0383,s_00115,search,2026-08-02 19:24:02,,,
581,u_0383,s_00115,api_request,2026-08-02 19:24:05,,3124,1
582,u_0383,s_00115,random_pick,2026-08-02 19:24:10,,,
583,u_0383,s_00115,view_movie_card,2026-08-02 19:24:20,m_0069,,
584,u_0383,s_00115,add_favorite,2026-08-02 19:24:26,m_0069,,
585,u_0383,s_00115,view_movie_card,2026-08-02 19:24:25,m_0426,,
586,u_0383,s_00115,view_movie_card,2026-08-02 19:25:02,m_0357,,
587,u_0065,s_00116,session_start,2026-08-06 21:08:00,,,
588,u_0065,s_00116,search,2026-08-06 21:08:09,,,
589,u_0065,s_00116,api_request,2026-08-06 21:08:09,,658,1
590,u_0318,s_00117,session_start,2026-08-29 09:20:00,,,
591,u_0318,s_00117,search,2026-08-29 09:20:15,,,
592,u_0318,s_00117,api_request,2026-08-29 09:20:19,,599,1
593,u_0318,s_00117,view_movie_card,2026-08-29 09:20:25,m_0444,,
594,u_0377,s_00118,session_start,2026-08-09 10:51:00,,,
595,u_0377,s_00118,search,2026-08-09 10:51:08,,,
596,u_0377,s_00118,api_request,2026-08-09 10:51:11,,3467,1
597,u_0377,s_00118,view_movie_card,2026-08-09 10:51:27,m_0474,,
598,u_0745,s_00119,session_start,2026-08-09 21:05:00,,,
599,u_0745,s_00119,search,2026-08-09 21:05:08,,,
600,u_0745,s_00119,api_request,2026-08-09 21:05:13,,1778,1
601,u_0745,s_00119,random_pick,2026-08-09 21:05:16,,,
602,u_0745,s_00119,view_movie_card,2026-08-09 21:05:27,m_0229,,
603,u_0455,s_00120,session_start,2026-08-14 11:44:00,,,
604,u_0455,s_00120,search,2026-08-14 11:44:02,,,
605,u_0455,s_00120,api_request,2026-08-14 11:44:05,,3863,1
606,u_0455,s_00120,view_movie_card,2026-08-14 11:44:12,m_0344,,
607,u_0455,s_00120,view_movie_card,2026-08-14 11:44:37,m_0263,,
608,u_0455,s_00120,view_movie_card,2026-08-14 11:44:35,m_0488,,
609,u_0455,s_00120,add_favorite,2026-08-14 11:44:43,m_0488,,
610,u_0455,s_00120,view_movie_card,2026-08-14 11:44:29,m_0065,,
611,u_0455,s_00120,add_favorite,2026-08-14 11:44:35,m_0065,,
612,u_0455,s_00120,view_movie_card,2026-08-14 11:45:25,m_0197,,
613,u_0696,s_00121,session_start,2026-08-02 18:09:00,,,
614,u_0696,s_00121,search,2026-08-02 18:09:07,,,
615,u_0696,s_00121,api_request,2026-08-02 18:09:10,,929,1
616,u_0696,s_00121,view_movie_card,2026-08-02 18:09:23,m_0128,,
617,u_0696,s_00121,view_movie_card,2026-08-02 18:09:20,m_0377,,
618,u_0696,s_00121,add_favorite,2026-08-02 18:09:27,m_0377,,
619,u_0269,s_00122,session_start,2026-08-30 17:07:00,,,
620,u_0269,s_00122,search,2026-08-30 17:07:13,,,
621,u_0269,s_00122,api_request,2026-08-30 17:07:16,,2639,1
622,u_0269,s_00122,random_pick,2026-08-30 17:07:18,,,
623,u_0269,s_00122,view_movie_card,2026-08-30 17:07:23,m_0232,,
624,u_0269,s_00122,add_favorite,2026-08-30 17:07:31,m_0232,,
625,u_0269,s_00122,view_movie_card,2026-08-30 17:07:30,m_0415,,
626,u_0269,s_00122,view_movie_card,2026-08-30 17:08:01,m_0342,,
627,u_0269,s_00122,view_movie_card,2026-08-30 17:07:44,m_0282,,
628,u_0269,s_00122,view_movie_card,2026-08-30 17:08:26,m_0436,,
629,u_0269,s_00122,add_favorite,2026-08-30 17:08:29,m_0436,,
630,u_0230,s_00123,session_start,2026-08-26 14:32:00,,,
631,u_0230,s_00123,search,2026-08-26 14:32:05,,,
632,u_0230,s_00123,api_request,2026-08-26 14:32:06,,4347,1
633,u_0230,s_00123,view_movie_card,2026-08-26 14:32:15,m_0314,,
634,u_0230,s_00123,view_movie_card,2026-08-26 14:32:20,m_0159,,
635,u_0539,s_00124,session_start,2026-08-23 20:30:00,,,
636,u_0539,s_00124,search,2026-08-23 20:30:08,,,
637,u_0539,s_00124,api_request,2026-08-23 20:30:12,,2897,1
638,u_0539,s_00124,view_movie_card,2026-08-23 20:30:28,m_0066,,
639,u_0539,s_00124,view_movie_card,2026-08-23 20:30:32,m_0394,,
640,u_0890,s_00125,session_start,2026-08-14 17:58:00,,,
641,u_0890,s_00125,search,2026-08-14 17:58:03,,,
642,u_0890,s_00125,api_request,2026-08-14 17:58:07,,1648,1
643,u_0890,s_00125,random_pick,2026-08-14 17:58:12,,,
644,u_0890,s_00125,view_movie_card,2026-08-14 17:58:21,m_0434,,
645,u_0890,s_00125,add_favorite,2026-08-14 17:58:25,m_0434,,
646,u_0890,s_00125,view_movie_card,2026-08-14 17:58:33,m_0065,,
647,u_0890,s_00125,view_movie_card,2026-08-14 17:58:28,m_0258,,
648,u_0890,s_00125,view_movie_card,2026-08-14 17:58:43,m_0088,,
649,u_0890,s_00125,view_movie_card,2026-08-14 17:59:22,m_0432,,
650,u_0030,s_00126,session_start,2026-08-02 22:55:00,,,
651,u_0030,s_00126,search,2026-08-02 22:55:12,,,
652,u_0030,s_00126,api_request,2026-08-02 22:55:16,,2026,1
653,u_0030,s_00126,view_movie_card,2026-08-02 22:55:36,m_0456,,
654,u_0030,s_00126,view_movie_card,2026-08-02 22:55:44,m_0329,,
655,u_0827,s_00127,session_start,2026-08-16 12:51:00,,,
656,u_0827,s_00127,search,2026-08-16 12:51:06,,,
657,u_0827,s_00127,api_request,2026-08-16 12:51:09,,790,1
658,u_0827,s_00127,view_movie_card,2026-08-16 12:51:24,m_0311,,
659,u_0827,s_00127,add_favorite,2026-08-16 12:51:30,m_0311,,
660,u_0827,s_00127,view_movie_card,2026-08-16 12:51:41,m_0500,,
661,u_0576,s_00128,session_start,2026-08-25 14:32:00,,,
662,u_0576,s_00128,search,2026-08-25 14:32:05,,,
663,u_0576,s_00128,api_request,2026-08-25 14:32:09,,3983,1
664,u_0576,s_00128,random_pick,2026-08-25 14:32:13,,,
665,u_0576,s_00128,view_movie_card,2026-08-25 14:32:27,m_0128,,
666,u_0336,s_00129,session_start,2026-08-29 11:52:00,,,
667,u_0782,s_00130,session_start,2026-08-24 14:12:00,,,
668,u_0782,s_00130,search,2026-08-24 14:12:10,,,
669,u_0782,s_00130,api_request,2026-08-24 14:12:14,,2827,1
670,u_0782,s_00130,view_movie_card,2026-08-24 14:12:33,m_0495,,
671,u_0052,s_00131,session_start,2026-08-19 14:03:00,,,
672,u_0052,s_00131,search,2026-08-19 14:03:11,,,
673,u_0052,s_00131,api_request,2026-08-19 14:03:16,,2640,1
674,u_0052,s_00131,view_movie_card,2026-08-19 14:03:29,m_0373,,
675,u_0052,s_00131,view_movie_card,2026-08-19 14:03:50,m_0188,,
676,u_0052,s_00131,add_favorite,2026-08-19 14:03:51,m_0188,,
677,u_0052,s_00131,view_movie_card,2026-08-19 14:03:49,m_0186,,
678,u_0052,s_00131,view_movie_card,2026-08-19 14:03:44,m_0198,,
679,u_0846,s_00132,session_start,2026-08-25 17:17:00,,,
680,u_0132,s_00133,session_start,2026-08-22 18:07:00,,,
681,u_0348,s_00134,session_start,2026-08-13 14:50:00,,,
682,u_0348,s_00134,search,2026-08-13 14:50:07,,,
683,u_0348,s_00134,api_request,2026-08-13 14:50:08,,4470,1
684,u_0348,s_00134,random_pick,2026-08-13 14:50:11,,,
685,u_0348,s_00134,view_movie_card,2026-08-13 14:50:28,m_0266,,
686,u_0144,s_00135,session_start,2026-08-20 23:32:00,,,
687,u_0144,s_00135,search,2026-08-20 23:32:11,,,
688,u_0144,s_00135,api_request,2026-08-20 23:32:13,,2751,1
689,u_0144,s_00135,view_movie_card,2026-08-20 23:32:33,m_0363,,
690,u_0144,s_00135,view_movie_card,2026-08-20 23:32:53,m_0418,,
691,u_0144,s_00135,add_favorite,2026-08-20 23:32:59,m_0418,,
692,u_0598,s_00136,session_start,2026-08-22 10:26:00,,,
693,u_0598,s_00136,search,2026-08-22 10:26:13,,,
694,u_0598,s_00136,api_request,2026-08-22 10:26:18,,5189,1
695,u_0598,s_00136,view_movie_card,2026-08-22 10:26:30,m_0370,,
696,u_0598,s_00136,add_favorite,2026-08-22 10:26:38,m_0370,,
697,u_0598,s_00136,view_movie_card,2026-08-22 10:26:38,m_0269,,
698,u_0598,s_00136,view_movie_card,2026-08-22 10:27:09,m_0076,,
699,u_0598,s_00136,view_movie_card,2026-08-22 10:27:06,m_0017,,
700,u_0598,s_00136,view_movie_card,2026-08-22 10:26:58,m_0098,,
701,u_0598,s_00136,add_favorite,2026-08-22 10:27:04,m_0098,,
702,u_0708,s_00137,session_start,2026-08-14 11:26:00,,,
703,u_0708,s_00137,search,2026-08-14 11:26:10,,,
704,u_0708,s_00137,api_request,2026-08-14 11:26:15,,810,1
705,u_0708,s_00137,view_movie_card,2026-08-14 11:26:35,m_0270,,
706,u_0708,s_00137,view_movie_card,2026-08-14 11:26:35,m_0236,,
707,u_0693,s_00138,session_start,2026-08-11 17:22:00,,,
708,u_0693,s_00138,search,2026-08-11 17:22:13,,,
709,u_0693,s_00138,api_request,2026-08-11 17:22:18,,2465,1
710,u_0693,s_00138,random_pick,2026-08-11 17:22:23,,,
711,u_0693,s_00138,view_movie_card,2026-08-11 17:22:32,m_0116,,
712,u_0722,s_00139,session_start,2026-08-10 21:18:00,,,
713,u_0722,s_00139,search,2026-08-10 21:18:13,,,
714,u_0722,s_00139,api_request,2026-08-10 21:18:17,,3157,1
715,u_0722,s_00139,view_movie_card,2026-08-10 21:18:31,m_0063,,
716,u_0722,s_00139,view_movie_card,2026-08-10 21:18:51,m_0459,,
717,u_0722,s_00139,view_movie_card,2026-08-10 21:19:05,m_0489,,
718,u_0722,s_00139,view_movie_card,2026-08-10 21:18:53,m_0149,,
719,u_0722,s_00139,add_favorite,2026-08-10 21:18:55,m_0149,,
720,u_0722,s_00139,view_movie_card,2026-08-10 21:19:37,m_0474,,
721,u_0220,s_00140,session_start,2026-08-09 20:30:00,,,
722,u_0220,s_00140,search,2026-08-09 20:30:10,,,
723,u_0220,s_00140,api_request,2026-08-09 20:30:12,,2525,1
724,u_0220,s_00140,view_movie_card,2026-08-09 20:30:24,m_0026,,
725,u_0220,s_00140,view_movie_card,2026-08-09 20:30:36,m_0327,,
726,u_0735,s_00141,session_start,2026-08-04 15:21:00,,,
727,u_0735,s_00141,search,2026-08-04 15:21:12,,,
728,u_0735,s_00141,api_request,2026-08-04 15:21:13,,7508,0
729,u_0735,s_00141,error_shown,2026-08-04 15:21:13,,,
730,u_0669,s_00142,session_start,2026-08-30 11:26:00,,,
731,u_0667,s_00143,session_start,2026-08-29 16:30:00,,,
732,u_0667,s_00143,search,2026-08-29 16:30:06,,,
733,u_0667,s_00143,api_request,2026-08-29 16:30:08,,784,1
734,u_0238,s_00144,session_start,2026-08-03 19:36:00,,,
735,u_0238,s_00144,search,2026-08-03 19:36:13,,,
736,u_0238,s_00144,api_request,2026-08-03 19:36:13,,1734,1
737,u_0238,s_00144,view_movie_card,2026-08-03 19:36:19,m_0429,,
738,u_0238,s_00144,view_movie_card,2026-08-03 19:36:53,m_0096,,
739,u_0238,s_00144,view_movie_card,2026-08-03 19:36:55,m_0449,,
740,u_0238,s_00144,add_favorite,2026-08-03 19:37:00,m_0449,,
741,u_0238,s_00144,view_movie_card,2026-08-03 19:36:45,m_0476,,
742,u_0557,s_00145,session_start,2026-08-10 16:41:00,,,
743,u_0557,s_00145,search,2026-08-10 16:41:04,,,
744,u_0557,s_00145,api_request,2026-08-10 16:41:08,,1879,1
745,u_0470,s_00146,session_start,2026-08-11 11:46:00,,,
746,u_0470,s_00146,search,2026-08-11 11:46:13,,,
747,u_0470,s_00146,api_request,2026-08-11 11:46:14,,5761,0
748,u_0470,s_00146,error_shown,2026-08-11 11:46:14,,,
749,u_0691,s_00147,session_start,2026-08-26 13:36:00,,,
750,u_0691,s_00147,search,2026-08-26 13:36:04,,,
751,u_0691,s_00147,api_request,2026-08-26 13:36:09,,3621,1
752,u_0411,s_00148,session_start,2026-08-17 14:05:00,,,
753,u_0411,s_00148,search,2026-08-17 14:05:04,,,
754,u_0411,s_00148,api_request,2026-08-17 14:05:05,,2332,1
755,u_0411,s_00148,view_movie_card,2026-08-17 14:05:18,m_0489,,
756,u_0411,s_00148,view_movie_card,2026-08-17 14:05:15,m_0134,,
757,u_0684,s_00149,session_start,2026-08-23 12:03:00,,,
758,u_0684,s_00149,search,2026-08-23 12:03:06,,,
759,u_0684,s_00149,api_request,2026-08-23 12:03:07,,4416,1
760,u_0319,s_00150,session_start,2026-08-29 20:49:00,,,
761,u_0319,s_00150,search,2026-08-29 20:49:12,,,
762,u_0319,s_00150,api_request,2026-08-29 20:49:14,,2109,1
763,u_0319,s_00150,random_pick,2026-08-29 20:49:19,,,
764,u_0319,s_00150,view_movie_card,2026-08-29 20:49:30,m_0213,,
765,u_0551,s_00151,session_start,2026-08-30 16:48:00,,,
766,u_0551,s_00151,search,2026-08-30 16:48:15,,,
767,u_0551,s_00151,api_request,2026-08-30 16:48:16,,5180,1
768,u_0541,s_00152,session_start,2026-08-03 17:28:00,,,
769,u_0541,s_00152,search,2026-08-03 17:28:03,,,
770,u_0541,s_00152,api_request,2026-08-03 17:28:07,,4786,1
771,u_0154,s_00153,session_start,2026-08-07 18:34:00,,,
772,u_0154,s_00153,search,2026-08-07 18:34:15,,,
773,u_0154,s_00153,api_request,2026-08-07 18:34:19,,1982,1
774,u_0154,s_00153,view_movie_card,2026-08-07 18:34:38,m_0415,,
775,u_0154,s_00153,add_favorite,2026-08-07 18:34:41,m_0415,,
776,u_0154,s_00153,view_movie_card,2026-08-07 18:34:55,m_0234,,
777,u_0827,s_00154,session_start,2026-08-18 16:43:00,,,
778,u_0827,s_00154,search,2026-08-18 16:43:02,,,
779,u_0827,s_00154,api_request,2026-08-18 16:43:05,,324,1
780,u_0827,s_00154,random_pick,2026-08-18 16:43:08,,,
781,u_0827,s_00154,view_movie_card,2026-08-18 16:43:12,m_0278,,
782,u_0827,s_00154,view_movie_card,2026-08-18 16:43:19,m_0479,,
783,u_0788,s_00155,session_start,2026-08-10 15:11:00,,,
784,u_0788,s_00155,search,2026-08-10 15:11:12,,,
785,u_0788,s_00155,api_request,2026-08-10 15:11:17,,3367,1
786,u_0387,s_00156,session_start,2026-08-13 16:55:00,,,
787,u_0387,s_00156,search,2026-08-13 16:55:12,,,
788,u_0387,s_00156,api_request,2026-08-13 16:55:17,,1389,1
789,u_0387,s_00156,random_pick,2026-08-13 16:55:22,,,
790,u_0387,s_00156,view_movie_card,2026-08-13 16:55:34,m_0271,,
791,u_0387,s_00156,add_favorite,2026-08-13 16:55:38,m_0271,,
792,u_0024,s_00157,session_start,2026-08-27 09:48:00,,,
793,u_0558,s_00158,session_start,2026-08-15 19:46:00,,,
794,u_0558,s_00158,search,2026-08-15 19:46:08,,,
795,u_0558,s_00158,api_request,2026-08-15 19:46:10,,3135,1
796,u_0558,s_00158,view_movie_card,2026-08-15 19:46:18,m_0017,,
797,u_0017,s_00159,session_start,2026-08-14 18:49:00,,,
798,u_0017,s_00159,search,2026-08-14 18:49:03,,,
799,u_0017,s_00159,api_request,2026-08-14 18:49:04,,3957,1
800,u_0017,s_00159,random_pick,2026-08-14 18:49:05,,,
801,u_0017,s_00159,view_movie_card,2026-08-14 18:49:21,m_0225,,
802,u_0017,s_00159,view_movie_card,2026-08-14 18:49:26,m_0387,,
803,u_0017,s_00159,view_movie_card,2026-08-14 18:49:22,m_0072,,
804,u_0750,s_00160,session_start,2026-08-10 12:52:00,,,
805,u_0750,s_00160,search,2026-08-10 12:52:11,,,
806,u_0750,s_00160,api_request,2026-08-10 12:52:16,,2926,1
807,u_0750,s_00160,view_movie_card,2026-08-10 12:52:28,m_0212,,
808,u_0750,s_00160,view_movie_card,2026-08-10 12:52:28,m_0286,,
809,u_0750,s_00160,view_movie_card,2026-08-10 12:52:46,m_0321,,
810,u_0750,s_00160,view_movie_card,2026-08-10 12:53:36,m_0025,,
811,u_0805,s_00161,session_start,2026-08-21 19:24:00,,,
812,u_0805,s_00161,search,2026-08-21 19:24:13,,,
813,u_0805,s_00161,api_request,2026-08-21 19:24:16,,2756,1
814,u_0805,s_00161,view_movie_card,2026-08-21 19:24:28,m_0154,,
815,u_0805,s_00161,view_movie_card,2026-08-21 19:24:34,m_0413,,
816,u_0805,s_00161,view_movie_card,2026-08-21 19:24:34,m_0288,,
817,u_0138,s_00162,session_start,2026-08-14 17:33:00,,,
818,u_0138,s_00162,search,2026-08-14 17:33:06,,,
819,u_0138,s_00162,api_request,2026-08-14 17:33:07,,947,1
820,u_0549,s_00163,session_start,2026-08-28 14:05:00,,,
821,u_0549,s_00163,search,2026-08-28 14:05:05,,,
822,u_0549,s_00163,api_request,2026-08-28 14:05:05,,623,1
823,u_0602,s_00164,session_start,2026-08-07 21:48:00,,,
824,u_0602,s_00164,search,2026-08-07 21:48:10,,,
825,u_0602,s_00164,api_request,2026-08-07 21:48:11,,3027,1
826,u_0602,s_00164,random_pick,2026-08-07 21:48:13,,,
827,u_0602,s_00164,view_movie_card,2026-08-07 21:48:19,m_0383,,
828,u_0602,s_00164,view_movie_card,2026-08-07 21:48:51,m_0469,,
829,u_0602,s_00164,view_movie_card,2026-08-07 21:48:44,m_0204,,
830,u_0602,s_00164,view_movie_card,2026-08-07 21:49:11,m_0398,,
831,u_0368,s_00165,session_start,2026-08-15 17:41:00,,,
832,u_0368,s_00165,search,2026-08-15 17:41:07,,,
833,u_0368,s_00165,api_request,2026-08-15 17:41:11,,4117,1
834,u_0368,s_00165,view_movie_card,2026-08-15 17:41:26,m_0469,,
835,u_0368,s_00165,add_favorite,2026-08-15 17:41:32,m_0469,,
836,u_0368,s_00165,view_movie_card,2026-08-15 17:41:47,m_0024,,
837,u_0368,s_00165,view_movie_card,2026-08-15 17:41:47,m_0380,,
838,u_0368,s_00165,add_favorite,2026-08-15 17:41:52,m_0380,,
839,u_0368,s_00165,view_movie_card,2026-08-15 17:42:23,m_0152,,
840,u_0368,s_00165,add_favorite,2026-08-15 17:42:29,m_0152,,
841,u_0368,s_00165,view_movie_card,2026-08-15 17:42:11,m_0195,,
842,u_0671,s_00166,session_start,2026-08-08 16:35:00,,,
843,u_0842,s_00167,session_start,2026-08-11 13:48:00,,,
844,u_0842,s_00167,search,2026-08-11 13:48:13,,,
845,u_0842,s_00167,api_request,2026-08-11 13:48:18,,4075,1
846,u_0842,s_00167,random_pick,2026-08-11 13:48:23,,,
847,u_0842,s_00167,view_movie_card,2026-08-11 13:48:38,m_0095,,
848,u_0842,s_00167,view_movie_card,2026-08-11 13:48:30,m_0269,,
849,u_0842,s_00167,add_favorite,2026-08-11 13:48:32,m_0269,,
850,u_0842,s_00167,view_movie_card,2026-08-11 13:48:36,m_0392,,
851,u_0842,s_00167,add_favorite,2026-08-11 13:48:39,m_0392,,
852,u_0070,s_00168,session_start,2026-08-27 19:14:00,,,
853,u_0070,s_00168,search,2026-08-27 19:14:02,,,
854,u_0070,s_00168,api_request,2026-08-27 19:14:03,,3357,1
855,u_0070,s_00168,view_movie_card,2026-08-27 19:14:23,m_0338,,
856,u_0070,s_00168,view_movie_card,2026-08-27 19:14:13,m_0273,,
857,u_0740,s_00169,session_start,2026-08-01 09:33:00,,,
858,u_0740,s_00169,search,2026-08-01 09:33:06,,,
859,u_0740,s_00169,api_request,2026-08-01 09:33:06,,3827,1
860,u_0099,s_00170,session_start,2026-08-30 11:06:00,,,
861,u_0099,s_00170,search,2026-08-30 11:06:05,,,
862,u_0099,s_00170,api_request,2026-08-30 11:06:06,,2367,1
863,u_0081,s_00171,session_start,2026-08-09 21:25:00,,,
864,u_0081,s_00171,search,2026-08-09 21:25:08,,,
865,u_0081,s_00171,api_request,2026-08-09 21:25:11,,2150,1
866,u_0081,s_00171,random_pick,2026-08-09 21:25:12,,,
867,u_0081,s_00171,view_movie_card,2026-08-09 21:25:18,m_0208,,
868,u_0081,s_00171,view_movie_card,2026-08-09 21:25:51,m_0029,,
869,u_0081,s_00171,view_movie_card,2026-08-09 21:25:41,m_0043,,
870,u_0340,s_00172,session_start,2026-08-14 19:50:00,,,
871,u_0340,s_00172,search,2026-08-14 19:50:15,,,
872,u_0340,s_00172,api_request,2026-08-14 19:50:15,,648,1
873,u_0340,s_00172,view_movie_card,2026-08-14 19:50:35,m_0139,,
874,u_0340,s_00172,add_favorite,2026-08-14 19:50:37,m_0139,,
875,u_0340,s_00172,view_movie_card,2026-08-14 19:50:41,m_0461,,
876,u_0340,s_00172,view_movie_card,2026-08-14 19:50:33,m_0092,,
877,u_0340,s_00172,view_movie_card,2026-08-14 19:51:15,m_0009,,
878,u_0841,s_00173,session_start,2026-08-19 11:48:00,,,
879,u_0841,s_00173,search,2026-08-19 11:48:08,,,
880,u_0841,s_00173,api_request,2026-08-19 11:48:08,,4919,1
881,u_0841,s_00173,view_movie_card,2026-08-19 11:48:23,m_0197,,
882,u_0841,s_00173,view_movie_card,2026-08-19 11:48:26,m_0405,,
883,u_0841,s_00173,view_movie_card,2026-08-19 11:48:29,m_0257,,
884,u_0841,s_00173,view_movie_card,2026-08-19 11:49:12,m_0028,,
885,u_0841,s_00173,add_favorite,2026-08-19 11:49:16,m_0028,,
886,u_0620,s_00174,session_start,2026-08-27 10:21:00,,,
887,u_0620,s_00174,search,2026-08-27 10:21:11,,,
888,u_0620,s_00174,api_request,2026-08-27 10:21:14,,2973,1
889,u_0620,s_00174,view_movie_card,2026-08-27 10:21:34,m_0117,,
890,u_0697,s_00175,session_start,2026-08-13 15:11:00,,,
891,u_0697,s_00175,search,2026-08-13 15:11:08,,,
892,u_0697,s_00175,api_request,2026-08-13 15:11:08,,2719,1
893,u_0275,s_00176,session_start,2026-08-23 10:05:00,,,
894,u_0275,s_00176,search,2026-08-23 10:05:13,,,
895,u_0275,s_00176,api_request,2026-08-23 10:05:18,,3491,1
896,u_0275,s_00176,random_pick,2026-08-23 10:05:21,,,
897,u_0275,s_00176,view_movie_card,2026-08-23 10:05:37,m_0185,,
898,u_0192,s_00177,session_start,2026-08-04 11:05:00,,,
899,u_0192,s_00177,search,2026-08-04 11:05:10,,,
900,u_0192,s_00177,api_request,2026-08-04 11:05:14,,1146,1
901,u_0192,s_00177,random_pick,2026-08-04 11:05:19,,,
902,u_0192,s_00177,view_movie_card,2026-08-04 11:05:29,m_0443,,
903,u_0192,s_00177,view_movie_card,2026-08-04 11:05:42,m_0212,,
904,u_0573,s_00178,session_start,2026-08-03 20:57:00,,,
905,u_0174,s_00179,session_start,2026-08-08 18:33:00,,,
906,u_0174,s_00179,search,2026-08-08 18:33:04,,,
907,u_0174,s_00179,api_request,2026-08-08 18:33:05,,2498,1
908,u_0174,s_00179,view_movie_card,2026-08-08 18:33:23,m_0154,,
909,u_0253,s_00180,session_start,2026-08-03 14:16:00,,,
910,u_0253,s_00180,search,2026-08-03 14:16:09,,,
911,u_0253,s_00180,api_request,2026-08-03 14:16:14,,4050,1
912,u_0253,s_00180,view_movie_card,2026-08-03 14:16:29,m_0431,,
913,u_0451,s_00181,session_start,2026-08-26 22:21:00,,,
914,u_0451,s_00181,search,2026-08-26 22:21:15,,,
915,u_0451,s_00181,api_request,2026-08-26 22:21:20,,1415,1
916,u_0451,s_00181,view_movie_card,2026-08-26 22:21:40,m_0161,,
917,u_0451,s_00181,add_favorite,2026-08-26 22:21:47,m_0161,,
918,u_0451,s_00181,view_movie_card,2026-08-26 22:21:50,m_0150,,
919,u_0801,s_00182,session_start,2026-08-21 16:36:00,,,
920,u_0801,s_00182,search,2026-08-21 16:36:08,,,
921,u_0801,s_00182,api_request,2026-08-21 16:36:10,,3518,1
922,u_0801,s_00182,random_pick,2026-08-21 16:36:15,,,
923,u_0801,s_00182,view_movie_card,2026-08-21 16:36:20,m_0350,,
924,u_0801,s_00182,view_movie_card,2026-08-21 16:36:20,m_0488,,
925,u_0801,s_00182,view_movie_card,2026-08-21 16:36:43,m_0225,,
926,u_0801,s_00182,view_movie_card,2026-08-21 16:36:38,m_0420,,
927,u_0801,s_00182,view_movie_card,2026-08-21 16:37:40,m_0345,,
928,u_0259,s_00183,session_start,2026-08-21 13:15:00,,,
929,u_0259,s_00183,search,2026-08-21 13:15:13,,,
930,u_0259,s_00183,api_request,2026-08-21 13:15:16,,905,1
931,u_0259,s_00183,view_movie_card,2026-08-21 13:15:34,m_0279,,
932,u_0259,s_00183,add_favorite,2026-08-21 13:15:40,m_0279,,
933,u_0259,s_00183,view_movie_card,2026-08-21 13:15:30,m_0056,,
934,u_0171,s_00184,session_start,2026-08-22 19:22:00,,,
935,u_0171,s_00184,search,2026-08-22 19:22:02,,,
936,u_0171,s_00184,api_request,2026-08-22 19:22:06,,3573,1
937,u_0109,s_00185,session_start,2026-08-11 21:27:00,,,
938,u_0109,s_00185,search,2026-08-11 21:27:06,,,
939,u_0109,s_00185,api_request,2026-08-11 21:27:08,,4549,1
940,u_0109,s_00185,random_pick,2026-08-11 21:27:11,,,
941,u_0109,s_00185,view_movie_card,2026-08-11 21:27:25,m_0238,,
942,u_0109,s_00185,view_movie_card,2026-08-11 21:27:26,m_0177,,
943,u_0109,s_00185,view_movie_card,2026-08-11 21:28:08,m_0054,,
944,u_0852,s_00186,session_start,2026-08-30 10:07:00,,,
945,u_0352,s_00187,session_start,2026-08-05 14:19:00,,,
946,u_0352,s_00187,search,2026-08-05 14:19:05,,,
947,u_0352,s_00187,api_request,2026-08-05 14:19:09,,4200,1
948,u_0352,s_00187,view_movie_card,2026-08-05 14:19:16,m_0154,,
949,u_0352,s_00187,add_favorite,2026-08-05 14:19:18,m_0154,,
950,u_0352,s_00187,view_movie_card,2026-08-05 14:19:19,m_0435,,
951,u_0352,s_00187,view_movie_card,2026-08-05 14:19:33,m_0347,,
952,u_0529,s_00188,session_start,2026-08-30 20:15:00,,,
953,u_0529,s_00188,search,2026-08-30 20:15:04,,,
954,u_0529,s_00188,api_request,2026-08-30 20:15:06,,4085,1
955,u_0529,s_00188,random_pick,2026-08-30 20:15:10,,,
956,u_0529,s_00188,view_movie_card,2026-08-30 20:15:23,m_0015,,
957,u_0529,s_00188,view_movie_card,2026-08-30 20:15:28,m_0231,,
958,u_0220,s_00189,session_start,2026-08-13 09:45:00,,,
959,u_0220,s_00189,search,2026-08-13 09:45:14,,,
960,u_0220,s_00189,api_request,2026-08-13 09:45:19,,812,1
961,u_0220,s_00189,view_movie_card,2026-08-13 09:45:35,m_0167,,
962,u_0220,s_00189,add_favorite,2026-08-13 09:45:37,m_0167,,
963,u_0220,s_00189,view_movie_card,2026-08-13 09:45:45,m_0344,,
964,u_0220,s_00189,view_movie_card,2026-08-13 09:46:04,m_0306,,
965,u_0357,s_00190,session_start,2026-08-13 18:07:00,,,
966,u_0357,s_00190,search,2026-08-13 18:07:09,,,
967,u_0357,s_00190,api_request,2026-08-13 18:07:14,,2736,1
968,u_0138,s_00191,session_start,2026-08-19 10:43:00,,,
969,u_0138,s_00191,search,2026-08-19 10:43:05,,,
970,u_0138,s_00191,api_request,2026-08-19 10:43:07,,3358,1
971,u_0138,s_00191,view_movie_card,2026-08-19 10:43:16,m_0295,,
972,u_0138,s_00191,view_movie_card,2026-08-19 10:43:27,m_0250,,
973,u_0178,s_00192,session_start,2026-08-23 23:41:00,,,
974,u_0178,s_00192,search,2026-08-23 23:41:09,,,
975,u_0178,s_00192,api_request,2026-08-23 23:41:11,,2877,1
976,u_0368,s_00193,session_start,2026-08-20 09:55:00,,,
977,u_0835,s_00194,session_start,2026-08-16 11:12:00,,,
978,u_0835,s_00194,search,2026-08-16 11:12:10,,,
979,u_0835,s_00194,api_request,2026-08-16 11:12:14,,3651,1
980,u_0835,s_00194,view_movie_card,2026-08-16 11:12:34,m_0086,,
981,u_0835,s_00194,add_favorite,2026-08-16 11:12:35,m_0086,,
982,u_0835,s_00194,view_movie_card,2026-08-16 11:12:38,m_0150,,
983,u_0835,s_00194,add_favorite,2026-08-16 11:12:42,m_0150,,
984,u_0800,s_00195,session_start,2026-08-18 13:10:00,,,
985,u_0800,s_00195,search,2026-08-18 13:10:13,,,
986,u_0800,s_00195,api_request,2026-08-18 13:10:17,,1227,1
987,u_0800,s_00195,view_movie_card,2026-08-18 13:10:33,m_0278,,
988,u_0452,s_00196,session_start,2026-08-02 21:46:00,,,
989,u_0452,s_00196,search,2026-08-02 21:46:08,,,
990,u_0452,s_00196,api_request,2026-08-02 21:46:09,,2327,1
991,u_0452,s_00196,view_movie_card,2026-08-02 21:46:25,m_0442,,
992,u_0452,s_00196,view_movie_card,2026-08-02 21:46:47,m_0444,,
993,u_0452,s_00196,view_movie_card,2026-08-02 21:46:45,m_0108,,
994,u_0452,s_00196,view_movie_card,2026-08-02 21:47:13,m_0441,,
995,u_0452,s_00196,view_movie_card,2026-08-02 21:47:39,m_0085,,
996,u_0212,s_00197,session_start,2026-08-26 12:52:00,,,
997,u_0212,s_00197,search,2026-08-26 12:52:11,,,
998,u_0212,s_00197,api_request,2026-08-26 12:52:14,,5189,1
999,u_0212,s_00197,view_movie_card,2026-08-26 12:52:28,m_0294,,
1000,u_0696,s_00198,session_start,2026-08-28 17:57:00,,,
1001,u_0696,s_00198,search,2026-08-28 17:57:04,,,
1002,u_0696,s_00198,api_request,2026-08-28 17:57:07,,2571,1
1003,u_0136,s_00199,session_start,2026-08-05 20:55:00,,,
1004,u_0136,s_00199,search,2026-08-05 20:55:13,,,
1005,u_0136,s_00199,api_request,2026-08-05 20:55:15,,3517,1
1006,u_0136,s_00199,random_pick,2026-08-05 20:55:19,,,
1007,u_0136,s_00199,view_movie_card,2026-08-05 20:55:32,m_0232,,
1008,u_0136,s_00199,add_favorite,2026-08-05 20:55:34,m_0232,,
1009,u_0136,s_00199,view_movie_card,2026-08-05 20:55:49,m_0264,,
1010,u_0378,s_00200,session_start,2026-08-23 23:56:00,,,
1011,u_0378,s_00200,search,2026-08-23 23:56:09,,,
1012,u_0378,s_00200,api_request,2026-08-23 23:56:11,,1063,1
1013,u_0378,s_00200,view_movie_card,2026-08-23 23:56:27,m_0436,,
1014,u_0378,s_00200,add_favorite,2026-08-23 23:56:34,m_0436,,
1015,u_0378,s_00200,view_movie_card,2026-08-23 23:56:33,m_0496,,
1016,u_0331,s_00201,session_start,2026-08-07 16:17:00,,,
1017,u_0331,s_00201,search,2026-08-07 16:17:07,,,
1018,u_0331,s_00201,api_request,2026-08-07 16:17:11,,4937,1
1019,u_0699,s_00202,session_start,2026-08-26 14:57:00,,,
1020,u_0699,s_00202,search,2026-08-26 14:57:02,,,
1021,u_0699,s_00202,api_request,2026-08-26 14:57:03,,4064,1
1022,u_0699,s_00202,random_pick,2026-08-26 14:57:07,,,
1023,u_0699,s_00202,view_movie_card,2026-08-26 14:57:08,m_0491,,
1024,u_0699,s_00202,view_movie_card,2026-08-26 14:57:21,m_0452,,
1025,u_0699,s_00202,view_movie_card,2026-08-26 14:57:33,m_0448,,
1026,u_0699,s_00202,view_movie_card,2026-08-26 14:57:55,m_0048,,
1027,u_0681,s_00203,session_start,2026-08-09 10:23:00,,,
1028,u_0641,s_00204,session_start,2026-08-06 09:25:00,,,
1029,u_0641,s_00204,search,2026-08-06 09:25:13,,,
1030,u_0641,s_00204,api_request,2026-08-06 09:25:15,,1047,1
1031,u_0641,s_00204,view_movie_card,2026-08-06 09:25:24,m_0304,,
1032,u_0009,s_00205,session_start,2026-08-22 16:00:00,,,
1033,u_0009,s_00205,search,2026-08-22 16:00:15,,,
1034,u_0009,s_00205,api_request,2026-08-22 16:00:16,,3759,1
1035,u_0009,s_00205,random_pick,2026-08-22 16:00:17,,,
1036,u_0009,s_00205,view_movie_card,2026-08-22 16:00:24,m_0053,,
1037,u_0009,s_00205,view_movie_card,2026-08-22 16:00:44,m_0071,,
1038,u_0137,s_00206,session_start,2026-08-27 21:55:00,,,
1039,u_0137,s_00206,search,2026-08-27 21:55:12,,,
1040,u_0137,s_00206,api_request,2026-08-27 21:55:13,,4914,1
1041,u_0137,s_00206,view_movie_card,2026-08-27 21:55:24,m_0322,,
1042,u_0137,s_00206,view_movie_card,2026-08-27 21:55:49,m_0316,,
1043,u_0137,s_00206,view_movie_card,2026-08-27 21:55:46,m_0045,,
1044,u_0604,s_00207,session_start,2026-08-05 21:07:00,,,
1045,u_0604,s_00207,search,2026-08-05 21:07:07,,,
1046,u_0604,s_00207,api_request,2026-08-05 21:07:10,,1445,1
1047,u_0604,s_00207,random_pick,2026-08-05 21:07:15,,,
1048,u_0604,s_00207,view_movie_card,2026-08-05 21:07:24,m_0399,,
1049,u_0604,s_00207,view_movie_card,2026-08-05 21:07:20,m_0435,,
1050,u_0531,s_00208,session_start,2026-08-29 13:13:00,,,
1051,u_0531,s_00208,search,2026-08-29 13:13:05,,,
1052,u_0531,s_00208,api_request,2026-08-29 13:13:08,,747,1
1053,u_0396,s_00209,session_start,2026-08-26 12:31:00,,,
1054,u_0396,s_00209,search,2026-08-26 12:31:09,,,
1055,u_0396,s_00209,api_request,2026-08-26 12:31:14,,4627,1
1056,u_0325,s_00210,session_start,2026-08-01 14:59:00,,,
1057,u_0325,s_00210,search,2026-08-01 14:59:15,,,
1058,u_0325,s_00210,api_request,2026-08-01 14:59:19,,4775,1
1059,u_0325,s_00210,view_movie_card,2026-08-01 14:59:26,m_0009,,
1060,u_0325,s_00210,view_movie_card,2026-08-01 14:59:29,m_0135,,
1061,u_0325,s_00210,add_favorite,2026-08-01 14:59:30,m_0135,,
1062,u_0325,s_00210,view_movie_card,2026-08-01 15:00:10,m_0260,,
1063,u_0426,s_00211,session_start,2026-08-23 17:49:00,,,
1064,u_0426,s_00211,search,2026-08-23 17:49:08,,,
1065,u_0426,s_00211,api_request,2026-08-23 17:49:08,,4704,1
1066,u_0426,s_00211,random_pick,2026-08-23 17:49:13,,,
1067,u_0426,s_00211,view_movie_card,2026-08-23 17:49:19,m_0499,,
1068,u_0601,s_00212,session_start,2026-08-18 14:25:00,,,
1069,u_0601,s_00212,search,2026-08-18 14:25:15,,,
1070,u_0601,s_00212,api_request,2026-08-18 14:25:20,,841,1
1071,u_0601,s_00212,view_movie_card,2026-08-18 14:25:32,m_0030,,
1072,u_0601,s_00212,view_movie_card,2026-08-18 14:25:56,m_0060,,
1073,u_0683,s_00213,session_start,2026-08-20 09:19:00,,,
1074,u_0683,s_00213,search,2026-08-20 09:19:13,,,
1075,u_0683,s_00213,api_request,2026-08-20 09:19:14,,1424,1
1076,u_0683,s_00213,view_movie_card,2026-08-20 09:19:27,m_0086,,
1077,u_0276,s_00214,session_start,2026-08-24 21:55:00,,,
1078,u_0276,s_00214,search,2026-08-24 21:55:03,,,
1079,u_0276,s_00214,api_request,2026-08-24 21:55:03,,3817,1
1080,u_0276,s_00214,view_movie_card,2026-08-24 21:55:10,m_0255,,
1081,u_0880,s_00215,session_start,2026-08-12 09:31:00,,,
1082,u_0880,s_00215,search,2026-08-12 09:31:07,,,
1083,u_0880,s_00215,api_request,2026-08-12 09:31:08,,1142,1
1084,u_0234,s_00216,session_start,2026-08-22 20:07:00,,,
1085,u_0234,s_00216,search,2026-08-22 20:07:02,,,
1086,u_0234,s_00216,api_request,2026-08-22 20:07:02,,400,1
1087,u_0234,s_00216,view_movie_card,2026-08-22 20:07:11,m_0092,,
1088,u_0234,s_00216,view_movie_card,2026-08-22 20:07:14,m_0284,,
1089,u_0430,s_00217,session_start,2026-08-23 20:41:00,,,
1090,u_0430,s_00217,search,2026-08-23 20:41:05,,,
1091,u_0430,s_00217,api_request,2026-08-23 20:41:08,,2920,1
1092,u_0430,s_00217,view_movie_card,2026-08-23 20:41:14,m_0092,,
1093,u_0071,s_00218,session_start,2026-08-17 09:25:00,,,
1094,u_0071,s_00218,search,2026-08-17 09:25:15,,,
1095,u_0071,s_00218,api_request,2026-08-17 09:25:17,,2845,1
1096,u_0071,s_00218,random_pick,2026-08-17 09:25:19,,,
1097,u_0071,s_00218,view_movie_card,2026-08-17 09:25:31,m_0289,,
1098,u_0071,s_00218,view_movie_card,2026-08-17 09:25:41,m_0238,,
1099,u_0201,s_00219,session_start,2026-08-16 21:49:00,,,
1100,u_0201,s_00219,search,2026-08-16 21:49:10,,,
1101,u_0201,s_00219,api_request,2026-08-16 21:49:12,,3659,1
1102,u_0201,s_00219,view_movie_card,2026-08-16 21:49:17,m_0487,,
1103,u_0201,s_00219,view_movie_card,2026-08-16 21:49:46,m_0435,,
1104,u_0543,s_00220,session_start,2026-08-10 10:13:00,,,
1105,u_0146,s_00221,session_start,2026-08-14 16:03:00,,,
1106,u_0146,s_00221,search,2026-08-14 16:03:03,,,
1107,u_0146,s_00221,api_request,2026-08-14 16:03:03,,4557,1
1108,u_0146,s_00221,view_movie_card,2026-08-14 16:03:10,m_0298,,
1109,u_0146,s_00221,add_favorite,2026-08-14 16:03:13,m_0298,,
1110,u_0146,s_00221,view_movie_card,2026-08-14 16:03:37,m_0039,,
1111,u_0146,s_00221,view_movie_card,2026-08-14 16:03:21,m_0223,,
1112,u_0146,s_00221,view_movie_card,2026-08-14 16:03:39,m_0122,,
1113,u_0821,s_00222,session_start,2026-08-28 14:59:00,,,
1114,u_0821,s_00222,search,2026-08-28 14:59:15,,,
1115,u_0821,s_00222,api_request,2026-08-28 14:59:17,,2527,1
1116,u_0821,s_00222,random_pick,2026-08-28 14:59:22,,,
1117,u_0821,s_00222,view_movie_card,2026-08-28 14:59:25,m_0080,,
1118,u_0821,s_00222,add_favorite,2026-08-28 14:59:33,m_0080,,
1119,u_0821,s_00222,view_movie_card,2026-08-28 14:59:55,m_0161,,
1120,u_0821,s_00222,view_movie_card,2026-08-28 15:00:05,m_0494,,
1121,u_0821,s_00222,view_movie_card,2026-08-28 15:00:33,m_0158,,
1122,u_0821,s_00222,view_movie_card,2026-08-28 14:59:57,m_0047,,
1123,u_0821,s_00222,add_favorite,2026-08-28 15:00:02,m_0047,,
1124,u_0618,s_00223,session_start,2026-08-27 20:44:00,,,
1125,u_0618,s_00223,search,2026-08-27 20:44:15,,,
1126,u_0618,s_00223,api_request,2026-08-27 20:44:17,,2333,1
1127,u_0694,s_00224,session_start,2026-08-13 17:03:00,,,
1128,u_0694,s_00224,search,2026-08-13 17:03:15,,,
1129,u_0694,s_00224,api_request,2026-08-13 17:03:16,,6312,0
1130,u_0694,s_00224,error_shown,2026-08-13 17:03:16,,,
1131,u_0767,s_00225,session_start,2026-08-28 16:35:00,,,
1132,u_0767,s_00225,search,2026-08-28 16:35:03,,,
1133,u_0767,s_00225,api_request,2026-08-28 16:35:06,,1445,1
1134,u_0767,s_00225,view_movie_card,2026-08-28 16:35:18,m_0067,,
1135,u_0767,s_00225,add_favorite,2026-08-28 16:35:25,m_0067,,
1136,u_0661,s_00226,session_start,2026-08-12 19:40:00,,,
1137,u_0661,s_00226,search,2026-08-12 19:40:11,,,
1138,u_0661,s_00226,api_request,2026-08-12 19:40:13,,914,1
1139,u_0661,s_00226,view_movie_card,2026-08-12 19:40:32,m_0415,,
1140,u_0661,s_00226,add_favorite,2026-08-12 19:40:38,m_0415,,
1141,u_0052,s_00227,session_start,2026-08-04 09:29:00,,,
1142,u_0052,s_00227,search,2026-08-04 09:29:11,,,
1143,u_0052,s_00227,api_request,2026-08-04 09:29:14,,3535,1
1144,u_0052,s_00227,view_movie_card,2026-08-04 09:29:30,m_0110,,
1145,u_0052,s_00227,view_movie_card,2026-08-04 09:29:40,m_0144,,
1146,u_0635,s_00228,session_start,2026-08-05 09:39:00,,,
1147,u_0635,s_00228,search,2026-08-05 09:39:12,,,
1148,u_0635,s_00228,api_request,2026-08-05 09:39:14,,4811,1
1149,u_0635,s_00228,view_movie_card,2026-08-05 09:39:32,m_0103,,
1150,u_0646,s_00229,session_start,2026-08-26 17:15:00,,,
1151,u_0392,s_00230,session_start,2026-08-18 21:01:00,,,
1152,u_0392,s_00230,search,2026-08-18 21:01:07,,,
1153,u_0392,s_00230,api_request,2026-08-18 21:01:11,,4270,1
1154,u_0392,s_00230,random_pick,2026-08-18 21:01:14,,,
1155,u_0392,s_00230,view_movie_card,2026-08-18 21:01:21,m_0014,,
1156,u_0392,s_00230,view_movie_card,2026-08-18 21:01:35,m_0016,,
1157,u_0829,s_00231,session_start,2026-08-25 13:03:00,,,
1158,u_0599,s_00232,session_start,2026-08-17 14:49:00,,,
1159,u_0673,s_00233,session_start,2026-08-06 10:15:00,,,
1160,u_0673,s_00233,search,2026-08-06 10:15:10,,,
1161,u_0673,s_00233,api_request,2026-08-06 10:15:10,,2097,1
1162,u_0673,s_00233,view_movie_card,2026-08-06 10:15:20,m_0091,,
1163,u_0673,s_00233,view_movie_card,2026-08-06 10:15:40,m_0413,,
1164,u_0673,s_00233,view_movie_card,2026-08-06 10:15:58,m_0468,,
1165,u_0673,s_00233,view_movie_card,2026-08-06 10:16:14,m_0486,,
1166,u_0673,s_00233,view_movie_card,2026-08-06 10:15:55,m_0289,,
1167,u_0505,s_00234,session_start,2026-08-27 21:56:00,,,
1168,u_0505,s_00234,search,2026-08-27 21:56:04,,,
1169,u_0505,s_00234,api_request,2026-08-27 21:56:08,,3460,0
1170,u_0505,s_00234,error_shown,2026-08-27 21:56:08,,,
1171,u_0021,s_00235,session_start,2026-08-08 18:14:00,,,
1172,u_0021,s_00235,search,2026-08-08 18:14:02,,,
1173,u_0021,s_00235,api_request,2026-08-08 18:14:04,,1950,1
1174,u_0822,s_00236,session_start,2026-08-11 20:11:00,,,
1175,u_0822,s_00236,search,2026-08-11 20:11:07,,,
1176,u_0822,s_00236,api_request,2026-08-11 20:11:07,,7805,0
1177,u_0822,s_00236,error_shown,2026-08-11 20:11:07,,,
1178,u_0793,s_00237,session_start,2026-08-23 23:09:00,,,
1179,u_0793,s_00237,search,2026-08-23 23:09:10,,,
1180,u_0793,s_00237,api_request,2026-08-23 23:09:13,,3360,1
1181,u_0793,s_00237,view_movie_card,2026-08-23 23:09:28,m_0155,,
1182,u_0793,s_00237,view_movie_card,2026-08-23 23:09:33,m_0375,,
1183,u_0793,s_00237,view_movie_card,2026-08-23 23:10:13,m_0333,,
1184,u_0629,s_00238,session_start,2026-08-23 17:44:00,,,
1185,u_0629,s_00238,search,2026-08-23 17:44:05,,,
1186,u_0629,s_00238,api_request,2026-08-23 17:44:10,,1736,1
1187,u_0629,s_00238,random_pick,2026-08-23 17:44:12,,,
1188,u_0629,s_00238,view_movie_card,2026-08-23 17:44:15,m_0486,,
1189,u_0629,s_00238,view_movie_card,2026-08-23 17:44:44,m_0436,,
1190,u_0629,s_00238,view_movie_card,2026-08-23 17:44:28,m_0094,,
1191,u_0227,s_00239,session_start,2026-08-30 21:39:00,,,
1192,u_0227,s_00239,search,2026-08-30 21:39:03,,,
1193,u_0227,s_00239,api_request,2026-08-30 21:39:07,,937,1
1194,u_0227,s_00239,random_pick,2026-08-30 21:39:08,,,
1195,u_0227,s_00239,view_movie_card,2026-08-30 21:39:22,m_0229,,
1196,u_0227,s_00239,add_favorite,2026-08-30 21:39:26,m_0229,,
1197,u_0227,s_00239,view_movie_card,2026-08-30 21:39:31,m_0355,,
1198,u_0227,s_00239,add_favorite,2026-08-30 21:39:36,m_0355,,
1199,u_0227,s_00239,view_movie_card,2026-08-30 21:39:31,m_0369,,
1200,u_0227,s_00239,add_favorite,2026-08-30 21:39:38,m_0369,,
1201,u_0227,s_00239,view_movie_card,2026-08-30 21:40:23,m_0376,,
1202,u_0227,s_00239,view_movie_card,2026-08-30 21:39:57,m_0453,,
1203,u_0560,s_00240,session_start,2026-08-29 15:22:00,,,
1204,u_0560,s_00240,search,2026-08-29 15:22:15,,,
1205,u_0560,s_00240,api_request,2026-08-29 15:22:19,,5035,1
1206,u_0560,s_00240,random_pick,2026-08-29 15:22:20,,,
1207,u_0560,s_00240,view_movie_card,2026-08-29 15:22:25,m_0151,,
1208,u_0560,s_00240,add_favorite,2026-08-29 15:22:30,m_0151,,
1209,u_0560,s_00240,view_movie_card,2026-08-29 15:22:35,m_0038,,
1210,u_0560,s_00240,view_movie_card,2026-08-29 15:23:10,m_0083,,
1211,u_0347,s_00241,session_start,2026-08-18 23:05:00,,,
1212,u_0347,s_00241,search,2026-08-18 23:05:11,,,
1213,u_0347,s_00241,api_request,2026-08-18 23:05:15,,3833,1
1214,u_0445,s_00242,session_start,2026-08-06 18:56:00,,,
1215,u_0445,s_00242,search,2026-08-06 18:56:03,,,
1216,u_0445,s_00242,api_request,2026-08-06 18:56:05,,1856,1
1217,u_0445,s_00242,view_movie_card,2026-08-06 18:56:18,m_0339,,
1218,u_0445,s_00242,view_movie_card,2026-08-06 18:56:29,m_0050,,
1219,u_0445,s_00242,add_favorite,2026-08-06 18:56:37,m_0050,,
1220,u_0004,s_00243,session_start,2026-08-05 09:23:00,,,
1221,u_0004,s_00243,search,2026-08-05 09:23:06,,,
1222,u_0004,s_00243,api_request,2026-08-05 09:23:11,,4234,1
1223,u_0004,s_00243,random_pick,2026-08-05 09:23:14,,,
1224,u_0004,s_00243,view_movie_card,2026-08-05 09:23:18,m_0243,,
1225,u_0483,s_00244,session_start,2026-08-10 21:25:00,,,
1226,u_0483,s_00244,search,2026-08-10 21:25:12,,,
1227,u_0483,s_00244,api_request,2026-08-10 21:25:14,,4757,1
1228,u_0483,s_00244,view_movie_card,2026-08-10 21:25:24,m_0229,,
1229,u_0483,s_00244,add_favorite,2026-08-10 21:25:32,m_0229,,
1230,u_0483,s_00244,view_movie_card,2026-08-10 21:25:52,m_0135,,
1231,u_0155,s_00245,session_start,2026-08-09 18:03:00,,,
1232,u_0155,s_00245,search,2026-08-09 18:03:12,,,
1233,u_0155,s_00245,api_request,2026-08-09 18:03:12,,3116,1
1234,u_0233,s_00246,session_start,2026-08-14 21:37:00,,,
1235,u_0233,s_00246,search,2026-08-14 21:37:15,,,
1236,u_0233,s_00246,api_request,2026-08-14 21:37:18,,3729,1
1237,u_0487,s_00247,session_start,2026-08-22 22:59:00,,,
1238,u_0487,s_00247,search,2026-08-22 22:59:05,,,
1239,u_0487,s_00247,api_request,2026-08-22 22:59:09,,3534,1
1240,u_0585,s_00248,session_start,2026-08-23 09:32:00,,,
1241,u_0636,s_00249,session_start,2026-08-26 18:43:00,,,
1242,u_0636,s_00249,search,2026-08-26 18:43:14,,,
1243,u_0636,s_00249,api_request,2026-08-26 18:43:17,,1669,1
1244,u_0044,s_00250,session_start,2026-08-26 12:08:00,,,
1245,u_0044,s_00250,search,2026-08-26 12:08:12,,,
1246,u_0044,s_00250,api_request,2026-08-26 12:08:15,,1511,1
1247,u_0745,s_00251,session_start,2026-08-09 14:58:00,,,
1248,u_0570,s_00252,session_start,2026-08-03 10:24:00,,,
1249,u_0570,s_00252,search,2026-08-03 10:24:07,,,
1250,u_0570,s_00252,api_request,2026-08-03 10:24:09,,401,1
1251,u_0801,s_00253,session_start,2026-08-20 18:33:00,,,
1252,u_0801,s_00253,search,2026-08-20 18:33:08,,,
1253,u_0801,s_00253,api_request,2026-08-20 18:33:09,,5116,1
1254,u_0801,s_00253,random_pick,2026-08-20 18:33:10,,,
1255,u_0801,s_00253,view_movie_card,2026-08-20 18:33:17,m_0403,,
1256,u_0801,s_00253,view_movie_card,2026-08-20 18:33:41,m_0450,,
1257,u_0801,s_00253,view_movie_card,2026-08-20 18:34:00,m_0336,,
1258,u_0801,s_00253,view_movie_card,2026-08-20 18:34:29,m_0020,,
1259,u_0801,s_00253,add_favorite,2026-08-20 18:34:36,m_0020,,
1260,u_0801,s_00253,view_movie_card,2026-08-20 18:33:54,m_0317,,
1261,u_0406,s_00254,session_start,2026-08-23 15:02:00,,,
1262,u_0406,s_00254,search,2026-08-23 15:02:07,,,
1263,u_0406,s_00254,api_request,2026-08-23 15:02:12,,4192,1
1264,u_0346,s_00255,session_start,2026-08-29 14:01:00,,,
1265,u_0346,s_00255,search,2026-08-29 14:01:06,,,
1266,u_0346,s_00255,api_request,2026-08-29 14:01:08,,4327,1
1267,u_0234,s_00256,session_start,2026-08-22 10:55:00,,,
1268,u_0234,s_00256,search,2026-08-22 10:55:13,,,
1269,u_0234,s_00256,api_request,2026-08-22 10:55:16,,2928,1
1270,u_0234,s_00256,view_movie_card,2026-08-22 10:55:27,m_0227,,
1271,u_0234,s_00256,add_favorite,2026-08-22 10:55:34,m_0227,,
1272,u_0234,s_00256,view_movie_card,2026-08-22 10:55:56,m_0389,,
1273,u_0528,s_00257,session_start,2026-08-12 22:03:00,,,
1274,u_0528,s_00257,search,2026-08-12 22:03:03,,,
1275,u_0528,s_00257,api_request,2026-08-12 22:03:05,,3604,1
1276,u_0528,s_00257,view_movie_card,2026-08-12 22:03:10,m_0089,,
1277,u_0528,s_00257,add_favorite,2026-08-12 22:03:14,m_0089,,
1278,u_0528,s_00257,view_movie_card,2026-08-12 22:03:17,m_0128,,
1279,u_0528,s_00257,add_favorite,2026-08-12 22:03:18,m_0128,,
1280,u_0528,s_00257,view_movie_card,2026-08-12 22:03:53,m_0361,,
1281,u_0528,s_00257,add_favorite,2026-08-12 22:03:59,m_0361,,
1282,u_0528,s_00257,view_movie_card,2026-08-12 22:04:21,m_0259,,
1283,u_0032,s_00258,session_start,2026-08-30 10:43:00,,,
1284,u_0032,s_00258,search,2026-08-30 10:43:09,,,
1285,u_0032,s_00258,api_request,2026-08-30 10:43:14,,4187,1
1286,u_0032,s_00258,random_pick,2026-08-30 10:43:17,,,
1287,u_0032,s_00258,view_movie_card,2026-08-30 10:43:21,m_0146,,
1288,u_0032,s_00258,add_favorite,2026-08-30 10:43:22,m_0146,,
1289,u_0799,s_00259,session_start,2026-08-06 22:36:00,,,
1290,u_0231,s_00260,session_start,2026-08-28 12:41:00,,,
1291,u_0231,s_00260,search,2026-08-28 12:41:06,,,
1292,u_0231,s_00260,api_request,2026-08-28 12:41:11,,464,1
1293,u_0486,s_00261,session_start,2026-08-25 19:00:00,,,
1294,u_0821,s_00262,session_start,2026-08-21 11:38:00,,,
1295,u_0821,s_00262,search,2026-08-21 11:38:06,,,
1296,u_0821,s_00262,api_request,2026-08-21 11:38:11,,2802,1
1297,u_0821,s_00262,random_pick,2026-08-21 11:38:15,,,
1298,u_0821,s_00262,view_movie_card,2026-08-21 11:38:27,m_0236,,
1299,u_0821,s_00262,view_movie_card,2026-08-21 11:38:49,m_0155,,
1300,u_0821,s_00262,view_movie_card,2026-08-21 11:39:02,m_0300,,
1301,u_0821,s_00262,add_favorite,2026-08-21 11:39:08,m_0300,,
1302,u_0624,s_00263,session_start,2026-08-18 19:38:00,,,
1303,u_0624,s_00263,search,2026-08-18 19:38:12,,,
1304,u_0624,s_00263,api_request,2026-08-18 19:38:13,,3054,1
1305,u_0284,s_00264,session_start,2026-08-21 14:55:00,,,
1306,u_0284,s_00264,search,2026-08-21 14:55:13,,,
1307,u_0284,s_00264,api_request,2026-08-21 14:55:18,,1528,1
1308,u_0284,s_00264,random_pick,2026-08-21 14:55:23,,,
1309,u_0284,s_00264,view_movie_card,2026-08-21 14:55:35,m_0339,,
1310,u_0672,s_00265,session_start,2026-08-05 20:01:00,,,
1311,u_0672,s_00265,search,2026-08-05 20:01:06,,,
1312,u_0672,s_00265,api_request,2026-08-05 20:01:08,,3614,1
1313,u_0672,s_00265,view_movie_card,2026-08-05 20:01:19,m_0176,,
1314,u_0654,s_00266,session_start,2026-08-08 19:34:00,,,
1315,u_0654,s_00266,search,2026-08-08 19:34:12,,,
1316,u_0654,s_00266,api_request,2026-08-08 19:34:15,,1692,1
1317,u_0301,s_00267,session_start,2026-08-29 17:11:00,,,
1318,u_0301,s_00267,search,2026-08-29 17:11:04,,,
1319,u_0301,s_00267,api_request,2026-08-29 17:11:06,,4879,1
1320,u_0301,s_00267,view_movie_card,2026-08-29 17:11:21,m_0336,,
1321,u_0301,s_00267,add_favorite,2026-08-29 17:11:27,m_0336,,
1322,u_0315,s_00268,session_start,2026-08-08 20:55:00,,,
1323,u_0315,s_00268,search,2026-08-08 20:55:07,,,
1324,u_0315,s_00268,api_request,2026-08-08 20:55:10,,2708,1
1325,u_0315,s_00268,random_pick,2026-08-08 20:55:15,,,
1326,u_0315,s_00268,view_movie_card,2026-08-08 20:55:17,m_0242,,
1327,u_0698,s_00269,session_start,2026-08-17 10:55:00,,,
1328,u_0698,s_00269,search,2026-08-17 10:55:06,,,
1329,u_0698,s_00269,api_request,2026-08-17 10:55:09,,4235,0
1330,u_0698,s_00269,error_shown,2026-08-17 10:55:09,,,
1331,u_0420,s_00270,session_start,2026-08-05 12:21:00,,,
1332,u_0147,s_00271,session_start,2026-08-29 23:29:00,,,
1333,u_0147,s_00271,search,2026-08-29 23:29:13,,,
1334,u_0147,s_00271,api_request,2026-08-29 23:29:14,,4294,1
1335,u_0147,s_00271,random_pick,2026-08-29 23:29:15,,,
1336,u_0147,s_00271,view_movie_card,2026-08-29 23:29:19,m_0232,,
1337,u_0147,s_00271,view_movie_card,2026-08-29 23:29:34,m_0296,,
1338,u_0147,s_00271,view_movie_card,2026-08-29 23:30:14,m_0403,,
1339,u_0147,s_00271,view_movie_card,2026-08-29 23:29:42,m_0067,,
1340,u_0147,s_00271,view_movie_card,2026-08-29 23:30:44,m_0207,,
1341,u_0039,s_00272,session_start,2026-08-16 15:00:00,,,
1342,u_0039,s_00272,search,2026-08-16 15:00:13,,,
1343,u_0039,s_00272,api_request,2026-08-16 15:00:16,,2939,1
1344,u_0039,s_00272,random_pick,2026-08-16 15:00:17,,,
1345,u_0039,s_00272,view_movie_card,2026-08-16 15:00:28,m_0116,,
1346,u_0039,s_00272,view_movie_card,2026-08-16 15:00:48,m_0160,,
1347,u_0039,s_00272,add_favorite,2026-08-16 15:00:55,m_0160,,
1348,u_0172,s_00273,session_start,2026-08-17 18:19:00,,,
1349,u_0172,s_00273,search,2026-08-17 18:19:02,,,
1350,u_0172,s_00273,api_request,2026-08-17 18:19:04,,4034,1
1351,u_0172,s_00273,random_pick,2026-08-17 18:19:06,,,
1352,u_0172,s_00273,view_movie_card,2026-08-17 18:19:19,m_0462,,
1353,u_0172,s_00273,view_movie_card,2026-08-17 18:19:26,m_0085,,
1354,u_0020,s_00274,session_start,2026-08-30 21:25:00,,,
1355,u_0020,s_00274,search,2026-08-30 21:25:13,,,
1356,u_0020,s_00274,api_request,2026-08-30 21:25:14,,479,1
1357,u_0020,s_00274,view_movie_card,2026-08-30 21:25:20,m_0193,,
1358,u_0639,s_00275,session_start,2026-08-09 21:34:00,,,
1359,u_0639,s_00275,search,2026-08-09 21:34:02,,,
1360,u_0639,s_00275,api_request,2026-08-09 21:34:07,,461,1
1361,u_0639,s_00275,view_movie_card,2026-08-09 21:34:15,m_0281,,
1362,u_0712,s_00276,session_start,2026-08-23 11:13:00,,,
1363,u_0712,s_00276,search,2026-08-23 11:13:02,,,
1364,u_0712,s_00276,api_request,2026-08-23 11:13:04,,1127,1
1365,u_0712,s_00276,view_movie_card,2026-08-23 11:13:13,m_0215,,
1366,u_0633,s_00277,session_start,2026-08-04 17:46:00,,,
1367,u_0633,s_00277,search,2026-08-04 17:46:03,,,
1368,u_0633,s_00277,api_request,2026-08-04 17:46:04,,1936,1
1369,u_0633,s_00277,view_movie_card,2026-08-04 17:46:20,m_0361,,
1370,u_0633,s_00277,view_movie_card,2026-08-04 17:46:24,m_0021,,
1371,u_0633,s_00277,view_movie_card,2026-08-04 17:46:37,m_0353,,
1372,u_0633,s_00277,view_movie_card,2026-08-04 17:47:04,m_0121,,
1373,u_0633,s_00277,add_favorite,2026-08-04 17:47:06,m_0121,,
1374,u_0588,s_00278,session_start,2026-08-30 10:53:00,,,
1375,u_0588,s_00278,search,2026-08-30 10:53:04,,,
1376,u_0588,s_00278,api_request,2026-08-30 10:53:04,,914,1
1377,u_0588,s_00278,random_pick,2026-08-30 10:53:06,,,
1378,u_0588,s_00278,view_movie_card,2026-08-30 10:53:23,m_0152,,
1379,u_0179,s_00279,session_start,2026-08-02 10:52:00,,,
1380,u_0179,s_00279,search,2026-08-02 10:52:15,,,
1381,u_0179,s_00279,api_request,2026-08-02 10:52:17,,2861,1
1382,u_0179,s_00279,view_movie_card,2026-08-02 10:52:23,m_0005,,
1383,u_0337,s_00280,session_start,2026-08-22 19:10:00,,,
1384,u_0337,s_00280,search,2026-08-22 19:10:09,,,
1385,u_0337,s_00280,api_request,2026-08-22 19:10:14,,1061,1
1386,u_0337,s_00280,random_pick,2026-08-22 19:10:18,,,
1387,u_0337,s_00280,view_movie_card,2026-08-22 19:10:33,m_0140,,
1388,u_0820,s_00281,session_start,2026-08-23 22:30:00,,,
1389,u_0820,s_00281,search,2026-08-23 22:30:14,,,
1390,u_0820,s_00281,api_request,2026-08-23 22:30:15,,780,1
1391,u_0427,s_00282,session_start,2026-08-28 11:06:00,,,
1392,u_0695,s_00283,session_start,2026-08-16 21:36:00,,,
1393,u_0695,s_00283,search,2026-08-16 21:36:11,,,
1394,u_0695,s_00283,api_request,2026-08-16 21:36:14,,536,1
1395,u_0134,s_00284,session_start,2026-08-29 22:46:00,,,
1396,u_0134,s_00284,search,2026-08-29 22:46:09,,,
1397,u_0134,s_00284,api_request,2026-08-29 22:46:10,,3910,1
1398,u_0134,s_00284,random_pick,2026-08-29 22:46:15,,,
1399,u_0134,s_00284,view_movie_card,2026-08-29 22:46:22,m_0490,,
1400,u_0705,s_00285,session_start,2026-08-11 17:33:00,,,
1401,u_0705,s_00285,search,2026-08-11 17:33:03,,,
1402,u_0705,s_00285,api_request,2026-08-11 17:33:06,,2336,1
1403,u_0705,s_00285,view_movie_card,2026-08-11 17:33:15,m_0430,,
1404,u_0705,s_00285,view_movie_card,2026-08-11 17:33:18,m_0006,,
1405,u_0705,s_00285,view_movie_card,2026-08-11 17:33:36,m_0259,,
1406,u_0170,s_00286,session_start,2026-08-28 16:55:00,,,
1407,u_0170,s_00286,search,2026-08-28 16:55:09,,,
1408,u_0170,s_00286,api_request,2026-08-28 16:55:11,,2578,1
1409,u_0170,s_00286,view_movie_card,2026-08-28 16:55:28,m_0419,,
1410,u_0587,s_00287,session_start,2026-08-15 16:51:00,,,
1411,u_0587,s_00287,search,2026-08-15 16:51:15,,,
1412,u_0587,s_00287,api_request,2026-08-15 16:51:19,,1272,1
1413,u_0106,s_00288,session_start,2026-08-24 19:01:00,,,
1414,u_0106,s_00288,search,2026-08-24 19:01:02,,,
1415,u_0106,s_00288,api_request,2026-08-24 19:01:06,,1044,1
1416,u_0521,s_00289,session_start,2026-08-20 19:19:00,,,
1417,u_0521,s_00289,search,2026-08-20 19:19:12,,,
1418,u_0521,s_00289,api_request,2026-08-20 19:19:17,,3092,1
1419,u_0521,s_00289,random_pick,2026-08-20 19:19:21,,,
1420,u_0521,s_00289,view_movie_card,2026-08-20 19:19:32,m_0287,,
1421,u_0673,s_00290,session_start,2026-08-20 16:45:00,,,
1422,u_0673,s_00290,search,2026-08-20 16:45:09,,,
1423,u_0673,s_00290,api_request,2026-08-20 16:45:10,,2116,1
1424,u_0673,s_00290,view_movie_card,2026-08-20 16:45:24,m_0281,,
1425,u_0673,s_00290,view_movie_card,2026-08-20 16:45:26,m_0024,,
1426,u_0735,s_00291,session_start,2026-08-16 11:52:00,,,
1427,u_0735,s_00291,search,2026-08-16 11:52:08,,,
1428,u_0735,s_00291,api_request,2026-08-16 11:52:09,,1904,1
1429,u_0735,s_00291,view_movie_card,2026-08-16 11:52:28,m_0423,,
1430,u_0735,s_00291,view_movie_card,2026-08-16 11:52:39,m_0056,,
1431,u_0735,s_00291,view_movie_card,2026-08-16 11:52:27,m_0475,,
1432,u_0735,s_00291,view_movie_card,2026-08-16 11:52:41,m_0396,,
1433,u_0735,s_00291,view_movie_card,2026-08-16 11:53:44,m_0338,,
1434,u_0005,s_00292,session_start,2026-08-17 11:31:00,,,
1435,u_0005,s_00292,search,2026-08-17 11:31:02,,,
1436,u_0005,s_00292,api_request,2026-08-17 11:31:06,,5093,1
1437,u_0005,s_00292,view_movie_card,2026-08-17 11:31:16,m_0355,,
1438,u_0005,s_00292,view_movie_card,2026-08-17 11:31:24,m_0054,,
1439,u_0330,s_00293,session_start,2026-08-20 18:56:00,,,
1440,u_0330,s_00293,search,2026-08-20 18:56:08,,,
1441,u_0330,s_00293,api_request,2026-08-20 18:56:11,,2333,1
1442,u_0330,s_00293,view_movie_card,2026-08-20 18:56:30,m_0413,,
1443,u_0330,s_00293,add_favorite,2026-08-20 18:56:37,m_0413,,
1444,u_0330,s_00293,view_movie_card,2026-08-20 18:56:39,m_0432,,
1445,u_0330,s_00293,view_movie_card,2026-08-20 18:56:56,m_0365,,
1446,u_0330,s_00293,view_movie_card,2026-08-20 18:56:55,m_0103,,
1447,u_0330,s_00293,add_favorite,2026-08-20 18:57:00,m_0103,,
1448,u_0330,s_00293,view_movie_card,2026-08-20 18:57:31,m_0472,,
1449,u_0516,s_00294,session_start,2026-08-23 19:11:00,,,
1450,u_0516,s_00294,search,2026-08-23 19:11:12,,,
1451,u_0516,s_00294,api_request,2026-08-23 19:11:14,,3185,1
1452,u_0516,s_00294,view_movie_card,2026-08-23 19:11:32,m_0346,,
1453,u_0516,s_00294,view_movie_card,2026-08-23 19:11:42,m_0450,,
1454,u_0110,s_00295,session_start,2026-08-26 09:33:00,,,
1455,u_0110,s_00295,search,2026-08-26 09:33:04,,,
1456,u_0110,s_00295,api_request,2026-08-26 09:33:04,,1937,1
1457,u_0110,s_00295,view_movie_card,2026-08-26 09:33:17,m_0075,,
1458,u_0110,s_00295,view_movie_card,2026-08-26 09:33:32,m_0105,,
1459,u_0110,s_00295,view_movie_card,2026-08-26 09:33:22,m_0184,,
1460,u_0692,s_00296,session_start,2026-08-04 18:55:00,,,
1461,u_0692,s_00296,search,2026-08-04 18:55:15,,,
1462,u_0692,s_00296,api_request,2026-08-04 18:55:17,,4897,1
1463,u_0692,s_00296,view_movie_card,2026-08-04 18:55:31,m_0355,,
1464,u_0692,s_00296,view_movie_card,2026-08-04 18:55:51,m_0199,,
1465,u_0566,s_00297,session_start,2026-08-26 19:20:00,,,
1466,u_0566,s_00297,search,2026-08-26 19:20:13,,,
1467,u_0566,s_00297,api_request,2026-08-26 19:20:15,,3929,1
1468,u_0727,s_00298,session_start,2026-08-30 19:45:00,,,
1469,u_0727,s_00298,search,2026-08-30 19:45:14,,,
1470,u_0727,s_00298,api_request,2026-08-30 19:45:19,,1909,1
1471,u_0727,s_00298,random_pick,2026-08-30 19:45:21,,,
1472,u_0727,s_00298,view_movie_card,2026-08-30 19:45:26,m_0096,,
1473,u_0727,s_00298,view_movie_card,2026-08-30 19:45:35,m_0194,,
1474,u_0727,s_00298,add_favorite,2026-08-30 19:45:40,m_0194,,
1475,u_0727,s_00298,view_movie_card,2026-08-30 19:45:58,m_0067,,
1476,u_0727,s_00298,add_favorite,2026-08-30 19:46:03,m_0067,,
1477,u_0727,s_00298,view_movie_card,2026-08-30 19:45:39,m_0170,,
1478,u_0727,s_00298,view_movie_card,2026-08-30 19:46:04,m_0021,,
1479,u_0727,s_00298,add_favorite,2026-08-30 19:46:10,m_0021,,
1480,u_0641,s_00299,session_start,2026-08-20 09:49:00,,,
1481,u_0641,s_00299,search,2026-08-20 09:49:12,,,
1482,u_0641,s_00299,api_request,2026-08-20 09:49:14,,4991,1
1483,u_0641,s_00299,view_movie_card,2026-08-20 09:49:26,m_0490,,
1484,u_0641,s_00299,add_favorite,2026-08-20 09:49:28,m_0490,,
1485,u_0426,s_00300,session_start,2026-08-26 17:10:00,,,
1486,u_0426,s_00300,search,2026-08-26 17:10:08,,,
1487,u_0426,s_00300,api_request,2026-08-26 17:10:08,,2047,1
1488,u_0426,s_00300,random_pick,2026-08-26 17:10:13,,,
1489,u_0426,s_00300,view_movie_card,2026-08-26 17:10:28,m_0288,,
1490,u_0685,s_00301,session_start,2026-08-21 09:07:00,,,
1491,u_0685,s_00301,search,2026-08-21 09:07:05,,,
1492,u_0685,s_00301,api_request,2026-08-21 09:07:10,,2297,1
1493,u_0391,s_00302,session_start,2026-08-22 23:20:00,,,
1494,u_0554,s_00303,session_start,2026-08-04 15:16:00,,,
1495,u_0554,s_00303,search,2026-08-04 15:16:02,,,
1496,u_0554,s_00303,api_request,2026-08-04 15:16:06,,3371,1
1497,u_0554,s_00303,view_movie_card,2026-08-04 15:16:20,m_0460,,
1498,u_0554,s_00303,view_movie_card,2026-08-04 15:16:36,m_0264,,
1499,u_0554,s_00303,add_favorite,2026-08-04 15:16:38,m_0264,,
1500,u_0547,s_00304,session_start,2026-08-06 21:34:00,,,
1501,u_0547,s_00304,search,2026-08-06 21:34:03,,,
1502,u_0547,s_00304,api_request,2026-08-06 21:34:04,,2046,1
1503,u_0211,s_00305,session_start,2026-08-14 22:06:00,,,
1504,u_0211,s_00305,search,2026-08-14 22:06:13,,,
1505,u_0211,s_00305,api_request,2026-08-14 22:06:16,,890,1
1506,u_0211,s_00305,view_movie_card,2026-08-14 22:06:31,m_0020,,
1507,u_0211,s_00305,add_favorite,2026-08-14 22:06:32,m_0020,,
1508,u_0572,s_00306,session_start,2026-08-06 21:16:00,,,
1509,u_0572,s_00306,search,2026-08-06 21:16:15,,,
1510,u_0572,s_00306,api_request,2026-08-06 21:16:17,,3639,1
1511,u_0572,s_00306,view_movie_card,2026-08-06 21:16:22,m_0200,,
1512,u_0572,s_00306,view_movie_card,2026-08-06 21:16:27,m_0329,,
1513,u_0600,s_00307,session_start,2026-08-03 21:47:00,,,
1514,u_0600,s_00307,search,2026-08-03 21:47:15,,,
1515,u_0600,s_00307,api_request,2026-08-03 21:47:15,,4419,1
1516,u_0600,s_00307,random_pick,2026-08-03 21:47:16,,,
1517,u_0600,s_00307,view_movie_card,2026-08-03 21:47:29,m_0392,,
1518,u_0600,s_00307,view_movie_card,2026-08-03 21:47:49,m_0203,,
1519,u_0600,s_00307,view_movie_card,2026-08-03 21:47:30,m_0243,,
1520,u_0600,s_00307,add_favorite,2026-08-03 21:47:34,m_0243,,
1521,u_0816,s_00308,session_start,2026-08-05 20:25:00,,,
1522,u_0816,s_00308,search,2026-08-05 20:25:10,,,
1523,u_0816,s_00308,api_request,2026-08-05 20:25:12,,1480,1
1524,u_0816,s_00308,view_movie_card,2026-08-05 20:25:28,m_0491,,
1525,u_0816,s_00308,view_movie_card,2026-08-05 20:25:30,m_0064,,
1526,u_0816,s_00308,add_favorite,2026-08-05 20:25:37,m_0064,,
1527,u_0816,s_00308,view_movie_card,2026-08-05 20:25:33,m_0157,,
1528,u_0816,s_00308,add_favorite,2026-08-05 20:25:39,m_0157,,
1529,u_0816,s_00308,view_movie_card,2026-08-05 20:25:56,m_0212,,
1530,u_0165,s_00309,session_start,2026-08-28 17:09:00,,,
1531,u_0165,s_00309,search,2026-08-28 17:09:11,,,
1532,u_0165,s_00309,api_request,2026-08-28 17:09:13,,1785,1
1533,u_0165,s_00309,random_pick,2026-08-28 17:09:18,,,
1534,u_0165,s_00309,view_movie_card,2026-08-28 17:09:32,m_0331,,
1535,u_0165,s_00309,view_movie_card,2026-08-28 17:09:41,m_0344,,
1536,u_0165,s_00309,add_favorite,2026-08-28 17:09:43,m_0344,,
1537,u_0499,s_00310,session_start,2026-08-07 20:37:00,,,
1538,u_0672,s_00311,session_start,2026-08-12 11:42:00,,,
1539,u_0672,s_00311,search,2026-08-12 11:42:06,,,
1540,u_0672,s_00311,api_request,2026-08-12 11:42:11,,1885,1
1541,u_0672,s_00311,view_movie_card,2026-08-12 11:42:25,m_0356,,
1542,u_0672,s_00311,view_movie_card,2026-08-12 11:42:43,m_0414,,
1543,u_0321,s_00312,session_start,2026-08-14 11:00:00,,,
1544,u_0321,s_00312,search,2026-08-14 11:00:05,,,
1545,u_0321,s_00312,api_request,2026-08-14 11:00:10,,3244,1
1546,u_0321,s_00312,view_movie_card,2026-08-14 11:00:29,m_0229,,
1547,u_0321,s_00312,view_movie_card,2026-08-14 11:00:38,m_0250,,
1548,u_0321,s_00312,view_movie_card,2026-08-14 11:00:40,m_0331,,
1549,u_0847,s_00313,session_start,2026-08-27 13:54:00,,,
1550,u_0847,s_00313,search,2026-08-27 13:54:10,,,
1551,u_0847,s_00313,api_request,2026-08-27 13:54:11,,926,1
1552,u_0847,s_00313,view_movie_card,2026-08-27 13:54:16,m_0417,,
1553,u_0847,s_00313,view_movie_card,2026-08-27 13:54:45,m_0394,,
1554,u_0847,s_00313,view_movie_card,2026-08-27 13:54:29,m_0283,,
1555,u_0847,s_00313,view_movie_card,2026-08-27 13:55:31,m_0335,,
1556,u_0791,s_00314,session_start,2026-08-12 15:14:00,,,
1557,u_0791,s_00314,search,2026-08-12 15:14:15,,,
1558,u_0791,s_00314,api_request,2026-08-12 15:14:17,,4405,1
1559,u_0791,s_00314,view_movie_card,2026-08-12 15:14:29,m_0435,,
1560,u_0791,s_00314,view_movie_card,2026-08-12 15:14:37,m_0388,,
1561,u_0580,s_00315,session_start,2026-08-15 11:11:00,,,
1562,u_0754,s_00316,session_start,2026-08-22 22:09:00,,,
1563,u_0754,s_00316,search,2026-08-22 22:09:07,,,
1564,u_0754,s_00316,api_request,2026-08-22 22:09:07,,4294,1
1565,u_0754,s_00316,random_pick,2026-08-22 22:09:09,,,
1566,u_0754,s_00316,view_movie_card,2026-08-22 22:09:23,m_0199,,
1567,u_0041,s_00317,session_start,2026-08-15 23:02:00,,,
1568,u_0534,s_00318,session_start,2026-08-11 10:45:00,,,
1569,u_0534,s_00318,search,2026-08-11 10:45:06,,,
1570,u_0534,s_00318,api_request,2026-08-11 10:45:08,,4970,1
1571,u_0534,s_00318,view_movie_card,2026-08-11 10:45:15,m_0265,,
1572,u_0534,s_00318,view_movie_card,2026-08-11 10:45:32,m_0265,,
1573,u_0534,s_00318,view_movie_card,2026-08-11 10:45:56,m_0250,,
1574,u_0514,s_00319,session_start,2026-08-29 18:00:00,,,
1575,u_0514,s_00319,search,2026-08-29 18:00:09,,,
1576,u_0514,s_00319,api_request,2026-08-29 18:00:10,,4515,1
1577,u_0514,s_00319,random_pick,2026-08-29 18:00:13,,,
1578,u_0514,s_00319,view_movie_card,2026-08-29 18:00:18,m_0339,,
1579,u_0117,s_00320,session_start,2026-08-26 14:46:00,,,
1580,u_0117,s_00320,search,2026-08-26 14:46:09,,,
1581,u_0117,s_00320,api_request,2026-08-26 14:46:13,,1620,1
1582,u_0117,s_00320,random_pick,2026-08-26 14:46:15,,,
1583,u_0117,s_00320,view_movie_card,2026-08-26 14:46:23,m_0069,,
1584,u_0117,s_00320,view_movie_card,2026-08-26 14:46:25,m_0457,,
1585,u_0185,s_00321,session_start,2026-08-02 11:16:00,,,
1586,u_0185,s_00321,search,2026-08-02 11:16:08,,,
1587,u_0185,s_00321,api_request,2026-08-02 11:16:13,,452,1
1588,u_0291,s_00322,session_start,2026-08-24 19:52:00,,,
1589,u_0483,s_00323,session_start,2026-08-07 16:38:00,,,
1590,u_0483,s_00323,search,2026-08-07 16:38:04,,,
1591,u_0483,s_00323,api_request,2026-08-07 16:38:05,,1469,1
1592,u_0639,s_00324,session_start,2026-08-27 21:11:00,,,
1593,u_0639,s_00324,search,2026-08-27 21:11:06,,,
1594,u_0639,s_00324,api_request,2026-08-27 21:11:07,,3107,1
1595,u_0236,s_00325,session_start,2026-08-20 18:04:00,,,
1596,u_0236,s_00325,search,2026-08-20 18:04:04,,,
1597,u_0236,s_00325,api_request,2026-08-20 18:04:05,,7282,0
1598,u_0236,s_00325,error_shown,2026-08-20 18:04:05,,,
1599,u_0701,s_00326,session_start,2026-08-28 23:32:00,,,
1600,u_0701,s_00326,search,2026-08-28 23:32:04,,,
1601,u_0701,s_00326,api_request,2026-08-28 23:32:09,,4198,1
1602,u_0803,s_00327,session_start,2026-08-20 09:56:00,,,
1603,u_0803,s_00327,search,2026-08-20 09:56:14,,,
1604,u_0803,s_00327,api_request,2026-08-20 09:56:15,,1367,1
1605,u_0794,s_00328,session_start,2026-08-18 22:00:00,,,
1606,u_0794,s_00328,search,2026-08-18 22:00:08,,,
1607,u_0794,s_00328,api_request,2026-08-18 22:00:12,,655,1
1608,u_0794,s_00328,view_movie_card,2026-08-18 22:00:32,m_0405,,
1609,u_0794,s_00328,view_movie_card,2026-08-18 22:00:44,m_0302,,
1610,u_0714,s_00329,session_start,2026-08-30 21:53:00,,,
1611,u_0714,s_00329,search,2026-08-30 21:53:08,,,
1612,u_0714,s_00329,api_request,2026-08-30 21:53:09,,2204,1
1613,u_0898,s_00330,session_start,2026-08-03 13:38:00,,,
1614,u_0898,s_00330,search,2026-08-03 13:38:06,,,
1615,u_0898,s_00330,api_request,2026-08-03 13:38:07,,3058,0
1616,u_0898,s_00330,error_shown,2026-08-03 13:38:07,,,
1617,u_0533,s_00331,session_start,2026-08-19 17:07:00,,,
1618,u_0533,s_00331,search,2026-08-19 17:07:12,,,
1619,u_0533,s_00331,api_request,2026-08-19 17:07:13,,2887,1
1620,u_0533,s_00331,view_movie_card,2026-08-19 17:07:26,m_0134,,
1621,u_0627,s_00332,session_start,2026-08-14 18:23:00,,,
1622,u_0627,s_00332,search,2026-08-14 18:23:12,,,
1623,u_0627,s_00332,api_request,2026-08-14 18:23:15,,3685,1
1624,u_0627,s_00332,random_pick,2026-08-14 18:23:20,,,
1625,u_0627,s_00332,view_movie_card,2026-08-14 18:23:35,m_0130,,
1626,u_0627,s_00332,view_movie_card,2026-08-14 18:23:47,m_0397,,
1627,u_0885,s_00333,session_start,2026-08-24 11:54:00,,,
1628,u_0885,s_00333,search,2026-08-24 11:54:13,,,
1629,u_0885,s_00333,api_request,2026-08-24 11:54:15,,1625,1
1630,u_0885,s_00333,view_movie_card,2026-08-24 11:54:21,m_0083,,
1631,u_0885,s_00333,view_movie_card,2026-08-24 11:54:25,m_0412,,
1632,u_0885,s_00333,add_favorite,2026-08-24 11:54:28,m_0412,,
1633,u_0446,s_00334,session_start,2026-08-16 23:38:00,,,
1634,u_0446,s_00334,search,2026-08-16 23:38:06,,,
1635,u_0446,s_00334,api_request,2026-08-16 23:38:08,,609,1
1636,u_0446,s_00334,view_movie_card,2026-08-16 23:38:22,m_0365,,
1637,u_0446,s_00334,view_movie_card,2026-08-16 23:38:20,m_0485,,
1638,u_0446,s_00334,view_movie_card,2026-08-16 23:38:38,m_0328,,
1639,u_0446,s_00334,view_movie_card,2026-08-16 23:38:28,m_0104,,
1640,u_0446,s_00334,view_movie_card,2026-08-16 23:39:18,m_0100,,
1641,u_0446,s_00334,add_favorite,2026-08-16 23:39:22,m_0100,,
1642,u_0037,s_00335,session_start,2026-08-20 11:43:00,,,
1643,u_0037,s_00335,search,2026-08-20 11:43:12,,,
1644,u_0037,s_00335,api_request,2026-08-20 11:43:12,,1011,1
1645,u_0686,s_00336,session_start,2026-08-25 15:22:00,,,
1646,u_0686,s_00336,search,2026-08-25 15:22:11,,,
1647,u_0686,s_00336,api_request,2026-08-25 15:22:12,,862,1
1648,u_0850,s_00337,session_start,2026-08-18 13:46:00,,,
1649,u_0850,s_00337,search,2026-08-18 13:46:11,,,
1650,u_0850,s_00337,api_request,2026-08-18 13:46:14,,2565,1
1651,u_0850,s_00337,view_movie_card,2026-08-18 13:46:31,m_0295,,
1652,u_0850,s_00337,add_favorite,2026-08-18 13:46:34,m_0295,,
1653,u_0850,s_00337,view_movie_card,2026-08-18 13:46:50,m_0260,,
1654,u_0850,s_00337,add_favorite,2026-08-18 13:46:52,m_0260,,
1655,u_0850,s_00337,view_movie_card,2026-08-18 13:46:56,m_0175,,
1656,u_0850,s_00337,view_movie_card,2026-08-18 13:47:06,m_0449,,
1657,u_0850,s_00337,view_movie_card,2026-08-18 13:47:19,m_0356,,
1658,u_0789,s_00338,session_start,2026-08-13 18:30:00,,,
1659,u_0789,s_00338,search,2026-08-13 18:30:07,,,
1660,u_0789,s_00338,api_request,2026-08-13 18:30:10,,5107,1
1661,u_0070,s_00339,session_start,2026-08-16 10:16:00,,,
1662,u_0070,s_00339,search,2026-08-16 10:16:14,,,
1663,u_0070,s_00339,api_request,2026-08-16 10:16:16,,2183,1
1664,u_0549,s_00340,session_start,2026-08-14 14:33:00,,,
1665,u_0549,s_00340,search,2026-08-14 14:33:15,,,
1666,u_0549,s_00340,api_request,2026-08-14 14:33:17,,1061,1
1667,u_0549,s_00340,random_pick,2026-08-14 14:33:22,,,
1668,u_0549,s_00340,view_movie_card,2026-08-14 14:33:27,m_0244,,
1669,u_0549,s_00340,view_movie_card,2026-08-14 14:33:39,m_0458,,
1670,u_0549,s_00340,view_movie_card,2026-08-14 14:33:47,m_0485,,
1671,u_0511,s_00341,session_start,2026-08-30 23:12:00,,,
1672,u_0511,s_00341,search,2026-08-30 23:12:05,,,
1673,u_0511,s_00341,api_request,2026-08-30 23:12:07,,1993,1
1674,u_0511,s_00341,view_movie_card,2026-08-30 23:12:23,m_0080,,
1675,u_0511,s_00341,view_movie_card,2026-08-30 23:12:23,m_0472,,
1676,u_0511,s_00341,add_favorite,2026-08-30 23:12:31,m_0472,,
1677,u_0511,s_00341,view_movie_card,2026-08-30 23:12:22,m_0392,,
1678,u_0511,s_00341,view_movie_card,2026-08-30 23:12:31,m_0435,,
1679,u_0589,s_00342,session_start,2026-08-20 14:31:00,,,
1680,u_0589,s_00342,search,2026-08-20 14:31:09,,,
1681,u_0589,s_00342,api_request,2026-08-20 14:31:10,,4487,1
1682,u_0589,s_00342,view_movie_card,2026-08-20 14:31:16,m_0270,,
1683,u_0515,s_00343,session_start,2026-08-16 17:02:00,,,
1684,u_0515,s_00343,search,2026-08-16 17:02:15,,,
1685,u_0515,s_00343,api_request,2026-08-16 17:02:20,,4045,1
1686,u_0324,s_00344,session_start,2026-08-23 17:29:00,,,
1687,u_0324,s_00344,search,2026-08-23 17:29:02,,,
1688,u_0324,s_00344,api_request,2026-08-23 17:29:07,,5059,1
1689,u_0324,s_00344,view_movie_card,2026-08-23 17:29:17,m_0281,,
1690,u_0324,s_00344,view_movie_card,2026-08-23 17:29:33,m_0242,,
1691,u_0511,s_00345,session_start,2026-08-11 14:11:00,,,
1692,u_0511,s_00345,search,2026-08-11 14:11:08,,,
1693,u_0511,s_00345,api_request,2026-08-11 14:11:13,,3290,1
1694,u_0586,s_00346,session_start,2026-08-09 16:11:00,,,
1695,u_0586,s_00346,search,2026-08-09 16:11:11,,,
1696,u_0586,s_00346,api_request,2026-08-09 16:11:16,,1118,1
1697,u_0586,s_00346,view_movie_card,2026-08-09 16:11:33,m_0101,,
1698,u_0586,s_00346,add_favorite,2026-08-09 16:11:36,m_0101,,
1699,u_0586,s_00346,view_movie_card,2026-08-09 16:11:56,m_0413,,
1700,u_0586,s_00346,add_favorite,2026-08-09 16:12:03,m_0413,,
1701,u_0586,s_00346,view_movie_card,2026-08-09 16:12:16,m_0069,,
1702,u_0547,s_00347,session_start,2026-08-28 19:33:00,,,
1703,u_0547,s_00347,search,2026-08-28 19:33:14,,,
1704,u_0547,s_00347,api_request,2026-08-28 19:33:18,,4905,1
1705,u_0708,s_00348,session_start,2026-08-02 15:06:00,,,
1706,u_0708,s_00348,search,2026-08-02 15:06:05,,,
1707,u_0708,s_00348,api_request,2026-08-02 15:06:07,,1088,1
1708,u_0708,s_00348,view_movie_card,2026-08-02 15:06:20,m_0177,,
1709,u_0708,s_00348,add_favorite,2026-08-02 15:06:22,m_0177,,
1710,u_0621,s_00349,session_start,2026-08-12 22:43:00,,,
1711,u_0621,s_00349,search,2026-08-12 22:43:11,,,
1712,u_0621,s_00349,api_request,2026-08-12 22:43:16,,1729,1
1713,u_0690,s_00350,session_start,2026-08-10 14:20:00,,,
1714,u_0690,s_00350,search,2026-08-10 14:20:14,,,
1715,u_0690,s_00350,api_request,2026-08-10 14:20:17,,3421,1
1716,u_0690,s_00350,view_movie_card,2026-08-10 14:20:27,m_0328,,
1717,u_0690,s_00350,view_movie_card,2026-08-10 14:20:47,m_0216,,
1718,u_0074,s_00351,session_start,2026-08-19 15:54:00,,,
1719,u_0074,s_00351,search,2026-08-19 15:54:07,,,
1720,u_0074,s_00351,api_request,2026-08-19 15:54:09,,2686,1
1721,u_0074,s_00351,view_movie_card,2026-08-19 15:54:28,m_0400,,
1722,u_0074,s_00351,view_movie_card,2026-08-19 15:54:41,m_0383,,
1723,u_0189,s_00352,session_start,2026-08-15 15:10:00,,,
1724,u_0189,s_00352,search,2026-08-15 15:10:04,,,
1725,u_0189,s_00352,api_request,2026-08-15 15:10:06,,955,1
1726,u_0189,s_00352,random_pick,2026-08-15 15:10:10,,,
1727,u_0189,s_00352,view_movie_card,2026-08-15 15:10:12,m_0014,,
1728,u_0189,s_00352,view_movie_card,2026-08-15 15:10:20,m_0054,,
1729,u_0400,s_00353,session_start,2026-08-05 10:41:00,,,
1730,u_0400,s_00353,search,2026-08-05 10:41:05,,,
1731,u_0400,s_00353,api_request,2026-08-05 10:41:07,,1335,1
1732,u_0400,s_00353,random_pick,2026-08-05 10:41:10,,,
1733,u_0400,s_00353,view_movie_card,2026-08-05 10:41:22,m_0443,,
1734,u_0400,s_00353,view_movie_card,2026-08-05 10:41:33,m_0281,,
1735,u_0400,s_00353,view_movie_card,2026-08-05 10:41:37,m_0303,,
1736,u_0400,s_00353,view_movie_card,2026-08-05 10:42:19,m_0269,,
1737,u_0356,s_00354,session_start,2026-08-18 13:58:00,,,
1738,u_0356,s_00354,search,2026-08-18 13:58:05,,,
1739,u_0356,s_00354,api_request,2026-08-18 13:58:05,,3296,1
1740,u_0356,s_00354,random_pick,2026-08-18 13:58:10,,,
1741,u_0356,s_00354,view_movie_card,2026-08-18 13:58:14,m_0177,,
1742,u_0504,s_00355,session_start,2026-08-18 09:44:00,,,
1743,u_0785,s_00356,session_start,2026-08-16 13:00:00,,,
1744,u_0785,s_00356,search,2026-08-16 13:00:06,,,
1745,u_0785,s_00356,api_request,2026-08-16 13:00:11,,359,1
1746,u_0785,s_00356,view_movie_card,2026-08-16 13:00:29,m_0203,,
1747,u_0400,s_00357,session_start,2026-08-23 20:41:00,,,
1748,u_0400,s_00357,search,2026-08-23 20:41:05,,,
1749,u_0400,s_00357,api_request,2026-08-23 20:41:07,,2262,1
1750,u_0400,s_00357,view_movie_card,2026-08-23 20:41:20,m_0146,,
1751,u_0400,s_00357,view_movie_card,2026-08-23 20:41:33,m_0212,,
1752,u_0400,s_00357,add_favorite,2026-08-23 20:41:35,m_0212,,
1753,u_0400,s_00357,view_movie_card,2026-08-23 20:41:37,m_0070,,
1754,u_0464,s_00358,session_start,2026-08-21 16:39:00,,,
1755,u_0464,s_00358,search,2026-08-21 16:39:11,,,
1756,u_0464,s_00358,api_request,2026-08-21 16:39:15,,458,1
1757,u_0464,s_00358,random_pick,2026-08-21 16:39:16,,,
1758,u_0464,s_00358,view_movie_card,2026-08-21 16:39:29,m_0138,,
1759,u_0464,s_00358,add_favorite,2026-08-21 16:39:37,m_0138,,
1760,u_0464,s_00358,view_movie_card,2026-08-21 16:39:25,m_0120,,
1761,u_0464,s_00358,add_favorite,2026-08-21 16:39:26,m_0120,,
1762,u_0464,s_00358,view_movie_card,2026-08-21 16:40:15,m_0112,,
1763,u_0464,s_00358,view_movie_card,2026-08-21 16:40:11,m_0403,,
1764,u_0464,s_00358,view_movie_card,2026-08-21 16:40:35,m_0238,,
1765,u_0864,s_00359,session_start,2026-08-02 14:05:00,,,
1766,u_0864,s_00359,search,2026-08-02 14:05:04,,,
1767,u_0864,s_00359,api_request,2026-08-02 14:05:04,,3514,1
1768,u_0864,s_00359,random_pick,2026-08-02 14:05:07,,,
1769,u_0864,s_00359,view_movie_card,2026-08-02 14:05:21,m_0425,,
1770,u_0864,s_00359,add_favorite,2026-08-02 14:05:25,m_0425,,
1771,u_0864,s_00359,view_movie_card,2026-08-02 14:05:38,m_0395,,
1772,u_0204,s_00360,session_start,2026-08-08 20:02:00,,,
1773,u_0204,s_00360,search,2026-08-08 20:02:14,,,
1774,u_0204,s_00360,api_request,2026-08-08 20:02:14,,2007,1
1775,u_0204,s_00360,random_pick,2026-08-08 20:02:17,,,
1776,u_0204,s_00360,view_movie_card,2026-08-08 20:02:24,m_0323,,
1777,u_0204,s_00360,view_movie_card,2026-08-08 20:02:30,m_0130,,
1778,u_0204,s_00360,view_movie_card,2026-08-08 20:02:56,m_0102,,
1779,u_0224,s_00361,session_start,2026-08-02 22:42:00,,,
1780,u_0333,s_00362,session_start,2026-08-08 19:27:00,,,
1781,u_0333,s_00362,search,2026-08-08 19:27:14,,,
1782,u_0333,s_00362,api_request,2026-08-08 19:27:16,,3542,1
1783,u_0803,s_00363,session_start,2026-08-01 09:37:00,,,
1784,u_0803,s_00363,search,2026-08-01 09:37:13,,,
1785,u_0803,s_00363,api_request,2026-08-01 09:37:18,,1033,1
1786,u_0803,s_00363,view_movie_card,2026-08-01 09:37:33,m_0477,,
1787,u_0803,s_00363,view_movie_card,2026-08-01 09:37:30,m_0031,,
1788,u_0811,s_00364,session_start,2026-08-05 20:34:00,,,
1789,u_0811,s_00364,search,2026-08-05 20:34:09,,,
1790,u_0811,s_00364,api_request,2026-08-05 20:34:11,,4874,1
1791,u_0450,s_00365,session_start,2026-08-25 14:51:00,,,
1792,u_0450,s_00365,search,2026-08-25 14:51:02,,,
1793,u_0450,s_00365,api_request,2026-08-25 14:51:07,,1403,1
1794,u_0450,s_00365,view_movie_card,2026-08-25 14:51:21,m_0278,,
1795,u_0557,s_00366,session_start,2026-08-07 18:11:00,,,
1796,u_0557,s_00366,search,2026-08-07 18:11:13,,,
1797,u_0557,s_00366,api_request,2026-08-07 18:11:17,,4842,1
1798,u_0557,s_00366,view_movie_card,2026-08-07 18:11:30,m_0278,,
1799,u_0557,s_00366,view_movie_card,2026-08-07 18:11:27,m_0398,,
1800,u_0020,s_00367,session_start,2026-08-13 20:11:00,,,
1801,u_0020,s_00367,search,2026-08-13 20:11:07,,,
1802,u_0020,s_00367,api_request,2026-08-13 20:11:12,,818,1
1803,u_0020,s_00367,view_movie_card,2026-08-13 20:11:32,m_0393,,
1804,u_0020,s_00367,view_movie_card,2026-08-13 20:11:40,m_0166,,
1805,u_0536,s_00368,session_start,2026-08-11 10:06:00,,,
1806,u_0536,s_00368,search,2026-08-11 10:06:02,,,
1807,u_0536,s_00368,api_request,2026-08-11 10:06:03,,556,1
1808,u_0536,s_00368,random_pick,2026-08-11 10:06:08,,,
1809,u_0536,s_00368,view_movie_card,2026-08-11 10:06:20,m_0337,,
1810,u_0536,s_00368,view_movie_card,2026-08-11 10:06:29,m_0026,,
1811,u_0014,s_00369,session_start,2026-08-20 20:04:00,,,
1812,u_0853,s_00370,session_start,2026-08-07 19:31:00,,,
1813,u_0853,s_00370,search,2026-08-07 19:31:14,,,
1814,u_0853,s_00370,api_request,2026-08-07 19:31:19,,4871,1
1815,u_0853,s_00370,view_movie_card,2026-08-07 19:31:25,m_0422,,
1816,u_0853,s_00370,view_movie_card,2026-08-07 19:31:31,m_0376,,
1817,u_0853,s_00370,add_favorite,2026-08-07 19:31:36,m_0376,,
1818,u_0853,s_00370,view_movie_card,2026-08-07 19:31:40,m_0484,,
1819,u_0853,s_00370,add_favorite,2026-08-07 19:31:42,m_0484,,
1820,u_0853,s_00370,view_movie_card,2026-08-07 19:31:51,m_0372,,
1821,u_0539,s_00371,session_start,2026-08-13 12:12:00,,,
1822,u_0539,s_00371,search,2026-08-13 12:12:11,,,
1823,u_0539,s_00371,api_request,2026-08-13 12:12:16,,4874,1
1824,u_0539,s_00371,random_pick,2026-08-13 12:12:21,,,
1825,u_0539,s_00371,view_movie_card,2026-08-13 12:12:32,m_0346,,
1826,u_0539,s_00371,view_movie_card,2026-08-13 12:12:52,m_0453,,
1827,u_0539,s_00371,add_favorite,2026-08-13 12:12:55,m_0453,,
1828,u_0346,s_00372,session_start,2026-08-18 15:32:00,,,
1829,u_0346,s_00372,search,2026-08-18 15:32:10,,,
1830,u_0346,s_00372,api_request,2026-08-18 15:32:15,,3186,1
1831,u_0381,s_00373,session_start,2026-08-18 14:54:00,,,
1832,u_0381,s_00373,search,2026-08-18 14:54:12,,,
1833,u_0381,s_00373,api_request,2026-08-18 14:54:15,,2949,1
1834,u_0381,s_00373,random_pick,2026-08-18 14:54:20,,,
1835,u_0381,s_00373,view_movie_card,2026-08-18 14:54:28,m_0185,,
1836,u_0381,s_00373,view_movie_card,2026-08-18 14:54:53,m_0492,,
1837,u_0611,s_00374,session_start,2026-08-24 09:18:00,,,
1838,u_0611,s_00374,search,2026-08-24 09:18:04,,,
1839,u_0611,s_00374,api_request,2026-08-24 09:18:06,,4817,0
1840,u_0611,s_00374,error_shown,2026-08-24 09:18:06,,,
1841,u_0023,s_00375,session_start,2026-08-07 22:20:00,,,
1842,u_0023,s_00375,search,2026-08-07 22:20:13,,,
1843,u_0023,s_00375,api_request,2026-08-07 22:20:15,,4488,1
1844,u_0023,s_00375,random_pick,2026-08-07 22:20:16,,,
1845,u_0023,s_00375,view_movie_card,2026-08-07 22:20:34,m_0183,,
1846,u_0023,s_00375,add_favorite,2026-08-07 22:20:39,m_0183,,
1847,u_0023,s_00375,view_movie_card,2026-08-07 22:20:47,m_0456,,
1848,u_0023,s_00375,view_movie_card,2026-08-07 22:20:51,m_0132,,
1849,u_0023,s_00375,view_movie_card,2026-08-07 22:20:43,m_0293,,
1850,u_0080,s_00376,session_start,2026-08-30 12:46:00,,,
1851,u_0080,s_00376,search,2026-08-30 12:46:14,,,
1852,u_0080,s_00376,api_request,2026-08-30 12:46:18,,5020,1
1853,u_0308,s_00377,session_start,2026-08-04 18:41:00,,,
1854,u_0308,s_00377,search,2026-08-04 18:41:14,,,
1855,u_0308,s_00377,api_request,2026-08-04 18:41:18,,758,1
1856,u_0837,s_00378,session_start,2026-08-11 14:56:00,,,
1857,u_0837,s_00378,search,2026-08-11 14:56:15,,,
1858,u_0837,s_00378,api_request,2026-08-11 14:56:16,,2157,1
1859,u_0837,s_00378,view_movie_card,2026-08-11 14:56:33,m_0028,,
1860,u_0837,s_00378,view_movie_card,2026-08-11 14:56:28,m_0164,,
1861,u_0837,s_00378,view_movie_card,2026-08-11 14:56:43,m_0168,,
1862,u_0837,s_00378,view_movie_card,2026-08-11 14:57:04,m_0079,,
1863,u_0837,s_00378,add_favorite,2026-08-11 14:57:11,m_0079,,
1864,u_0590,s_00379,session_start,2026-08-15 21:38:00,,,
1865,u_0590,s_00379,search,2026-08-15 21:38:05,,,
1866,u_0590,s_00379,api_request,2026-08-15 21:38:08,,3530,1
1867,u_0590,s_00379,view_movie_card,2026-08-15 21:38:14,m_0281,,
1868,u_0445,s_00380,session_start,2026-08-03 15:32:00,,,
1869,u_0445,s_00380,search,2026-08-03 15:32:04,,,
1870,u_0445,s_00380,api_request,2026-08-03 15:32:05,,1922,1
1871,u_0445,s_00380,random_pick,2026-08-03 15:32:10,,,
1872,u_0445,s_00380,view_movie_card,2026-08-03 15:32:17,m_0125,,
1873,u_0445,s_00380,add_favorite,2026-08-03 15:32:24,m_0125,,
1874,u_0445,s_00380,view_movie_card,2026-08-03 15:32:35,m_0351,,
1875,u_0445,s_00380,view_movie_card,2026-08-03 15:32:26,m_0058,,
1876,u_0196,s_00381,session_start,2026-08-14 14:22:00,,,
1877,u_0196,s_00381,search,2026-08-14 14:22:11,,,
1878,u_0196,s_00381,api_request,2026-08-14 14:22:16,,5497,0
1879,u_0196,s_00381,error_shown,2026-08-14 14:22:16,,,
1880,u_0842,s_00382,session_start,2026-08-06 14:39:00,,,
1881,u_0452,s_00383,session_start,2026-08-15 18:09:00,,,
1882,u_0452,s_00383,search,2026-08-15 18:09:15,,,
1883,u_0452,s_00383,api_request,2026-08-15 18:09:17,,3362,1
1884,u_0452,s_00383,random_pick,2026-08-15 18:09:18,,,
1885,u_0452,s_00383,view_movie_card,2026-08-15 18:09:29,m_0486,,
1886,u_0452,s_00383,view_movie_card,2026-08-15 18:09:35,m_0445,,
1887,u_0452,s_00383,view_movie_card,2026-08-15 18:09:59,m_0008,,
1888,u_0461,s_00384,session_start,2026-08-26 10:19:00,,,
1889,u_0461,s_00384,search,2026-08-26 10:19:07,,,
1890,u_0461,s_00384,api_request,2026-08-26 10:19:08,,2035,1
1891,u_0461,s_00384,random_pick,2026-08-26 10:19:12,,,
1892,u_0461,s_00384,view_movie_card,2026-08-26 10:19:17,m_0356,,
1893,u_0461,s_00384,view_movie_card,2026-08-26 10:19:18,m_0193,,
1894,u_0262,s_00385,session_start,2026-08-22 17:02:00,,,
1895,u_0262,s_00385,search,2026-08-22 17:02:06,,,
1896,u_0262,s_00385,api_request,2026-08-22 17:02:07,,2522,1
1897,u_0262,s_00385,random_pick,2026-08-22 17:02:11,,,
1898,u_0262,s_00385,view_movie_card,2026-08-22 17:02:20,m_0340,,
1899,u_0262,s_00385,view_movie_card,2026-08-22 17:02:39,m_0443,,
1900,u_0262,s_00385,add_favorite,2026-08-22 17:02:44,m_0443,,
1901,u_0262,s_00385,view_movie_card,2026-08-22 17:02:58,m_0119,,
1902,u_0324,s_00386,session_start,2026-08-17 20:06:00,,,
1903,u_0324,s_00386,search,2026-08-17 20:06:11,,,
1904,u_0324,s_00386,api_request,2026-08-17 20:06:15,,1929,1
1905,u_0324,s_00386,view_movie_card,2026-08-17 20:06:20,m_0021,,
1906,u_0324,s_00386,view_movie_card,2026-08-17 20:06:43,m_0171,,
1907,u_0356,s_00387,session_start,2026-08-24 11:01:00,,,
1908,u_0356,s_00387,search,2026-08-24 11:01:07,,,
1909,u_0356,s_00387,api_request,2026-08-24 11:01:12,,4406,1
1910,u_0356,s_00387,random_pick,2026-08-24 11:01:16,,,
1911,u_0356,s_00387,view_movie_card,2026-08-24 11:01:17,m_0484,,
1912,u_0350,s_00388,session_start,2026-08-09 12:09:00,,,
1913,u_0350,s_00388,search,2026-08-09 12:09:12,,,
1914,u_0350,s_00388,api_request,2026-08-09 12:09:13,,3431,1
1915,u_0350,s_00388,view_movie_card,2026-08-09 12:09:25,m_0214,,
1916,u_0350,s_00388,view_movie_card,2026-08-09 12:09:31,m_0219,,
1917,u_0350,s_00388,view_movie_card,2026-08-09 12:09:58,m_0230,,
1918,u_0595,s_00389,session_start,2026-08-07 19:08:00,,,
1919,u_0595,s_00389,search,2026-08-07 19:08:14,,,
1920,u_0595,s_00389,api_request,2026-08-07 19:08:15,,2831,1
1921,u_0595,s_00389,view_movie_card,2026-08-07 19:08:33,m_0466,,
1922,u_0595,s_00389,view_movie_card,2026-08-07 19:08:33,m_0336,,
1923,u_0595,s_00389,view_movie_card,2026-08-07 19:08:45,m_0163,,
1924,u_0595,s_00389,add_favorite,2026-08-07 19:08:47,m_0163,,
1925,u_0595,s_00389,view_movie_card,2026-08-07 19:08:55,m_0163,,
1926,u_0784,s_00390,session_start,2026-08-05 20:01:00,,,
1927,u_0784,s_00390,search,2026-08-05 20:01:08,,,
1928,u_0784,s_00390,api_request,2026-08-05 20:01:11,,2542,1
1929,u_0784,s_00390,random_pick,2026-08-05 20:01:12,,,
1930,u_0784,s_00390,view_movie_card,2026-08-05 20:01:24,m_0311,,
1931,u_0237,s_00391,session_start,2026-08-08 18:14:00,,,
1932,u_0237,s_00391,search,2026-08-08 18:14:07,,,
1933,u_0237,s_00391,api_request,2026-08-08 18:14:07,,4204,1
1934,u_0237,s_00391,view_movie_card,2026-08-08 18:14:23,m_0095,,
1935,u_0237,s_00391,view_movie_card,2026-08-08 18:14:47,m_0243,,
1936,u_0237,s_00391,add_favorite,2026-08-08 18:14:51,m_0243,,
1937,u_0237,s_00391,view_movie_card,2026-08-08 18:14:43,m_0017,,
1938,u_0237,s_00391,view_movie_card,2026-08-08 18:14:27,m_0474,,
1939,u_0688,s_00392,session_start,2026-08-14 12:47:00,,,
1940,u_0182,s_00393,session_start,2026-08-25 12:04:00,,,
1941,u_0502,s_00394,session_start,2026-08-15 22:39:00,,,
1942,u_0502,s_00394,search,2026-08-15 22:39:15,,,
1943,u_0502,s_00394,api_request,2026-08-15 22:39:18,,3802,1
1944,u_0502,s_00394,view_movie_card,2026-08-15 22:39:35,m_0369,,
1945,u_0609,s_00395,session_start,2026-08-20 20:36:00,,,
1946,u_0609,s_00395,search,2026-08-20 20:36:12,,,
1947,u_0609,s_00395,api_request,2026-08-20 20:36:17,,4565,1
1948,u_0609,s_00395,view_movie_card,2026-08-20 20:36:29,m_0266,,
1949,u_0609,s_00395,view_movie_card,2026-08-20 20:36:29,m_0286,,
1950,u_0195,s_00396,session_start,2026-08-25 19:03:00,,,
1951,u_0195,s_00396,search,2026-08-25 19:03:08,,,
1952,u_0195,s_00396,api_request,2026-08-25 19:03:10,,2642,1
1953,u_0195,s_00396,view_movie_card,2026-08-25 19:03:16,m_0354,,
1954,u_0195,s_00396,view_movie_card,2026-08-25 19:03:28,m_0238,,
1955,u_0513,s_00397,session_start,2026-08-15 10:46:00,,,
1956,u_0513,s_00397,search,2026-08-15 10:46:14,,,
1957,u_0513,s_00397,api_request,2026-08-15 10:46:18,,4776,1
1958,u_0513,s_00397,view_movie_card,2026-08-15 10:46:28,m_0233,,
1959,u_0513,s_00397,view_movie_card,2026-08-15 10:46:40,m_0452,,
1960,u_0665,s_00398,session_start,2026-08-09 14:44:00,,,
1961,u_0751,s_00399,session_start,2026-08-26 11:45:00,,,
1962,u_0751,s_00399,search,2026-08-26 11:45:03,,,
1963,u_0751,s_00399,api_request,2026-08-26 11:45:08,,3273,1
1964,u_0751,s_00399,view_movie_card,2026-08-26 11:45:18,m_0194,,
1965,u_0751,s_00399,view_movie_card,2026-08-26 11:45:20,m_0394,,
1966,u_0751,s_00399,add_favorite,2026-08-26 11:45:26,m_0394,,
1967,u_0751,s_00399,view_movie_card,2026-08-26 11:45:35,m_0084,,
1968,u_0053,s_00400,session_start,2026-08-06 21:45:00,,,
1969,u_0053,s_00400,search,2026-08-06 21:45:06,,,
1970,u_0053,s_00400,api_request,2026-08-06 21:45:09,,1780,1
1971,u_0053,s_00400,random_pick,2026-08-06 21:45:14,,,
1972,u_0053,s_00400,view_movie_card,2026-08-06 21:45:22,m_0007,,
1973,u_0827,s_00401,session_start,2026-08-28 16:34:00,,,
1974,u_0827,s_00401,search,2026-08-28 16:34:09,,,
1975,u_0827,s_00401,api_request,2026-08-28 16:34:11,,4197,1
1976,u_0827,s_00401,view_movie_card,2026-08-28 16:34:16,m_0126,,
1977,u_0827,s_00401,view_movie_card,2026-08-28 16:34:37,m_0318,,
1978,u_0051,s_00402,session_start,2026-08-27 22:13:00,,,
1979,u_0051,s_00402,search,2026-08-27 22:13:02,,,
1980,u_0051,s_00402,api_request,2026-08-27 22:13:07,,1490,1
1981,u_0618,s_00403,session_start,2026-08-22 18:53:00,,,
1982,u_0618,s_00403,search,2026-08-22 18:53:03,,,
1983,u_0618,s_00403,api_request,2026-08-22 18:53:03,,1760,1
1984,u_0618,s_00403,view_movie_card,2026-08-22 18:53:13,m_0495,,
1985,u_0037,s_00404,session_start,2026-08-19 14:59:00,,,
1986,u_0037,s_00404,search,2026-08-19 14:59:06,,,
1987,u_0037,s_00404,api_request,2026-08-19 14:59:08,,3404,1
1988,u_0564,s_00405,session_start,2026-08-25 15:53:00,,,
1989,u_0564,s_00405,search,2026-08-25 15:53:09,,,
1990,u_0564,s_00405,api_request,2026-08-25 15:53:10,,2548,1
1991,u_0564,s_00405,random_pick,2026-08-25 15:53:12,,,
1992,u_0564,s_00405,view_movie_card,2026-08-25 15:53:16,m_0056,,
1993,u_0564,s_00405,view_movie_card,2026-08-25 15:53:24,m_0248,,
1994,u_0724,s_00406,session_start,2026-08-20 23:50:00,,,
1995,u_0724,s_00406,search,2026-08-20 23:50:11,,,
1996,u_0724,s_00406,api_request,2026-08-20 23:50:13,,5011,1
1997,u_0630,s_00407,session_start,2026-08-12 23:08:00,,,
1998,u_0630,s_00407,search,2026-08-12 23:08:10,,,
1999,u_0630,s_00407,api_request,2026-08-12 23:08:15,,1773,1
2000,u_0199,s_00408,session_start,2026-08-08 20:18:00,,,
2001,u_0199,s_00408,search,2026-08-08 20:18:02,,,
2002,u_0199,s_00408,api_request,2026-08-08 20:18:06,,1266,1
2003,u_0199,s_00408,view_movie_card,2026-08-08 20:18:24,m_0212,,
2004,u_0199,s_00408,add_favorite,2026-08-08 20:18:30,m_0212,,
2005,u_0218,s_00409,session_start,2026-08-18 21:40:00,,,
2006,u_0218,s_00409,search,2026-08-18 21:40:05,,,
2007,u_0218,s_00409,api_request,2026-08-18 21:40:10,,855,1
2008,u_0218,s_00409,random_pick,2026-08-18 21:40:11,,,
2009,u_0218,s_00409,view_movie_card,2026-08-18 21:40:18,m_0352,,
2010,u_0218,s_00409,view_movie_card,2026-08-18 21:40:44,m_0371,,
2011,u_0199,s_00410,session_start,2026-08-01 22:11:00,,,
2012,u_0199,s_00410,search,2026-08-01 22:11:07,,,
2013,u_0199,s_00410,api_request,2026-08-01 22:11:12,,4187,1
2014,u_0160,s_00411,session_start,2026-08-21 11:30:00,,,
2015,u_0160,s_00411,search,2026-08-21 11:30:15,,,
2016,u_0160,s_00411,api_request,2026-08-21 11:30:19,,4088,1
2017,u_0058,s_00412,session_start,2026-08-14 23:47:00,,,
2018,u_0058,s_00412,search,2026-08-14 23:47:06,,,
2019,u_0058,s_00412,api_request,2026-08-14 23:47:10,,2884,1
2020,u_0058,s_00412,view_movie_card,2026-08-14 23:47:25,m_0410,,
2021,u_0153,s_00413,session_start,2026-08-26 14:04:00,,,
2022,u_0153,s_00413,search,2026-08-26 14:04:02,,,
2023,u_0153,s_00413,api_request,2026-08-26 14:04:04,,4676,1
2024,u_0192,s_00414,session_start,2026-08-19 18:24:00,,,
2025,u_0192,s_00414,search,2026-08-19 18:24:15,,,
2026,u_0192,s_00414,api_request,2026-08-19 18:24:17,,2876,1
2027,u_0192,s_00414,random_pick,2026-08-19 18:24:19,,,
2028,u_0192,s_00414,view_movie_card,2026-08-19 18:24:33,m_0232,,
2029,u_0310,s_00415,session_start,2026-08-10 12:33:00,,,
2030,u_0310,s_00415,search,2026-08-10 12:33:07,,,
2031,u_0310,s_00415,api_request,2026-08-10 12:33:07,,1058,1
2032,u_0310,s_00415,view_movie_card,2026-08-10 12:33:16,m_0098,,
2033,u_0537,s_00416,session_start,2026-08-16 20:55:00,,,
2034,u_0537,s_00416,search,2026-08-16 20:55:07,,,
2035,u_0537,s_00416,api_request,2026-08-16 20:55:08,,1104,1
2036,u_0211,s_00417,session_start,2026-08-17 19:08:00,,,
2037,u_0211,s_00417,search,2026-08-17 19:08:09,,,
2038,u_0211,s_00417,api_request,2026-08-17 19:08:12,,4579,1
2039,u_0211,s_00417,random_pick,2026-08-17 19:08:17,,,
2040,u_0211,s_00417,view_movie_card,2026-08-17 19:08:19,m_0171,,
2041,u_0785,s_00418,session_start,2026-08-02 10:33:00,,,
2042,u_0785,s_00418,search,2026-08-02 10:33:06,,,
2043,u_0785,s_00418,api_request,2026-08-02 10:33:06,,2857,1
2044,u_0785,s_00418,random_pick,2026-08-02 10:33:09,,,
2045,u_0785,s_00418,view_movie_card,2026-08-02 10:33:19,m_0273,,
2046,u_0280,s_00419,session_start,2026-08-15 19:07:00,,,
2047,u_0280,s_00419,search,2026-08-15 19:07:06,,,
2048,u_0280,s_00419,api_request,2026-08-15 19:07:07,,8103,0
2049,u_0280,s_00419,error_shown,2026-08-15 19:07:07,,,
2050,u_0212,s_00420,session_start,2026-08-18 17:06:00,,,
2051,u_0212,s_00420,search,2026-08-18 17:06:10,,,
2052,u_0212,s_00420,api_request,2026-08-18 17:06:12,,2620,1
2053,u_0212,s_00420,random_pick,2026-08-18 17:06:15,,,
2054,u_0212,s_00420,view_movie_card,2026-08-18 17:06:31,m_0026,,
2055,u_0212,s_00420,add_favorite,2026-08-18 17:06:39,m_0026,,
2056,u_0109,s_00421,session_start,2026-08-29 19:03:00,,,
2057,u_0109,s_00421,search,2026-08-29 19:03:03,,,
2058,u_0109,s_00421,api_request,2026-08-29 19:03:06,,5183,1
2059,u_0717,s_00422,session_start,2026-08-21 22:44:00,,,
2060,u_0717,s_00422,search,2026-08-21 22:44:07,,,
2061,u_0717,s_00422,api_request,2026-08-21 22:44:09,,1923,1
2062,u_0717,s_00422,view_movie_card,2026-08-21 22:44:28,m_0291,,
2063,u_0717,s_00422,add_favorite,2026-08-21 22:44:36,m_0291,,
2064,u_0717,s_00422,view_movie_card,2026-08-21 22:44:25,m_0234,,
2065,u_0717,s_00422,view_movie_card,2026-08-21 22:45:06,m_0241,,
2066,u_0632,s_00423,session_start,2026-08-08 11:55:00,,,
2067,u_0632,s_00423,search,2026-08-08 11:55:07,,,
2068,u_0632,s_00423,api_request,2026-08-08 11:55:10,,3006,1
2069,u_0500,s_00424,session_start,2026-08-29 14:29:00,,,
2070,u_0500,s_00424,search,2026-08-29 14:29:09,,,
2071,u_0500,s_00424,api_request,2026-08-29 14:29:10,,4078,1
2072,u_0619,s_00425,session_start,2026-08-10 21:22:00,,,
2073,u_0619,s_00425,search,2026-08-10 21:22:10,,,
2074,u_0619,s_00425,api_request,2026-08-10 21:22:11,,1176,1
2075,u_0619,s_00425,view_movie_card,2026-08-10 21:22:30,m_0206,,
2076,u_0619,s_00425,view_movie_card,2026-08-10 21:22:35,m_0318,,
2077,u_0068,s_00426,session_start,2026-08-06 16:24:00,,,
2078,u_0068,s_00426,search,2026-08-06 16:24:15,,,
2079,u_0068,s_00426,api_request,2026-08-06 16:24:20,,3866,1
2080,u_0068,s_00426,view_movie_card,2026-08-06 16:24:30,m_0340,,
2081,u_0588,s_00427,session_start,2026-08-24 23:45:00,,,
2082,u_0588,s_00427,search,2026-08-24 23:45:03,,,
2083,u_0588,s_00427,api_request,2026-08-24 23:45:08,,2965,1
2084,u_0588,s_00427,random_pick,2026-08-24 23:45:12,,,
2085,u_0588,s_00427,view_movie_card,2026-08-24 23:45:15,m_0307,,
2086,u_0588,s_00427,add_favorite,2026-08-24 23:45:22,m_0307,,
2087,u_0588,s_00427,view_movie_card,2026-08-24 23:45:38,m_0254,,
2088,u_0588,s_00427,view_movie_card,2026-08-24 23:45:26,m_0047,,
2089,u_0588,s_00427,add_favorite,2026-08-24 23:45:29,m_0047,,
2090,u_0774,s_00428,session_start,2026-08-29 18:57:00,,,
2091,u_0774,s_00428,search,2026-08-29 18:57:02,,,
2092,u_0774,s_00428,api_request,2026-08-29 18:57:03,,4010,1
2093,u_0774,s_00428,view_movie_card,2026-08-29 18:57:14,m_0106,,
2094,u_0774,s_00428,view_movie_card,2026-08-29 18:57:33,m_0154,,
2095,u_0446,s_00429,session_start,2026-08-30 19:19:00,,,
2096,u_0446,s_00429,search,2026-08-30 19:19:07,,,
2097,u_0446,s_00429,api_request,2026-08-30 19:19:07,,4481,1
2098,u_0446,s_00429,random_pick,2026-08-30 19:19:10,,,
2099,u_0446,s_00429,view_movie_card,2026-08-30 19:19:13,m_0001,,
2100,u_0882,s_00430,session_start,2026-08-27 14:07:00,,,
2101,u_0882,s_00430,search,2026-08-27 14:07:02,,,
2102,u_0882,s_00430,api_request,2026-08-27 14:07:04,,5134,1
2103,u_0882,s_00430,view_movie_card,2026-08-27 14:07:21,m_0223,,
2104,u_0143,s_00431,session_start,2026-08-22 11:30:00,,,
2105,u_0143,s_00431,search,2026-08-22 11:30:08,,,
2106,u_0143,s_00431,api_request,2026-08-22 11:30:11,,1563,1
2107,u_0143,s_00431,random_pick,2026-08-22 11:30:12,,,
2108,u_0143,s_00431,view_movie_card,2026-08-22 11:30:18,m_0332,,
2109,u_0143,s_00431,add_favorite,2026-08-22 11:30:26,m_0332,,
2110,u_0143,s_00431,view_movie_card,2026-08-22 11:30:47,m_0500,,
2111,u_0143,s_00431,view_movie_card,2026-08-22 11:30:32,m_0071,,
2112,u_0143,s_00431,view_movie_card,2026-08-22 11:31:23,m_0441,,
2113,u_0436,s_00432,session_start,2026-08-26 20:38:00,,,
2114,u_0436,s_00432,search,2026-08-26 20:38:09,,,
2115,u_0436,s_00432,api_request,2026-08-26 20:38:13,,3986,1
2116,u_0436,s_00432,view_movie_card,2026-08-26 20:38:18,m_0296,,
2117,u_0514,s_00433,session_start,2026-08-24 12:45:00,,,
2118,u_0514,s_00433,search,2026-08-24 12:45:10,,,
2119,u_0514,s_00433,api_request,2026-08-24 12:45:14,,610,1
2120,u_0514,s_00433,random_pick,2026-08-24 12:45:18,,,
2121,u_0514,s_00433,view_movie_card,2026-08-24 12:45:21,m_0073,,
2122,u_0514,s_00433,view_movie_card,2026-08-24 12:45:40,m_0239,,
2123,u_0514,s_00433,view_movie_card,2026-08-24 12:45:35,m_0126,,
2124,u_0080,s_00434,session_start,2026-08-24 19:42:00,,,
2125,u_0080,s_00434,search,2026-08-24 19:42:10,,,
2126,u_0080,s_00434,api_request,2026-08-24 19:42:14,,732,1
2127,u_0481,s_00435,session_start,2026-08-18 21:00:00,,,
2128,u_0481,s_00435,search,2026-08-18 21:00:09,,,
2129,u_0481,s_00435,api_request,2026-08-18 21:00:13,,3748,1
2130,u_0481,s_00435,random_pick,2026-08-18 21:00:15,,,
2131,u_0481,s_00435,view_movie_card,2026-08-18 21:00:19,m_0356,,
2132,u_0481,s_00435,view_movie_card,2026-08-18 21:00:41,m_0373,,
2133,u_0481,s_00435,view_movie_card,2026-08-18 21:00:52,m_0032,,
2134,u_0481,s_00435,view_movie_card,2026-08-18 21:00:53,m_0294,,
2135,u_0481,s_00435,add_favorite,2026-08-18 21:00:58,m_0294,,
2136,u_0481,s_00435,view_movie_card,2026-08-18 21:00:38,m_0147,,
2137,u_0872,s_00436,session_start,2026-08-05 17:04:00,,,
2138,u_0872,s_00436,search,2026-08-05 17:04:06,,,
2139,u_0872,s_00436,api_request,2026-08-05 17:04:07,,2554,1
2140,u_0619,s_00437,session_start,2026-08-01 20:07:00,,,
2141,u_0619,s_00437,search,2026-08-01 20:07:11,,,
2142,u_0619,s_00437,api_request,2026-08-01 20:07:12,,3329,1
2143,u_0242,s_00438,session_start,2026-08-09 21:44:00,,,
2144,u_0242,s_00438,search,2026-08-09 21:44:14,,,
2145,u_0242,s_00438,api_request,2026-08-09 21:44:18,,3108,1
2146,u_0842,s_00439,session_start,2026-08-05 18:59:00,,,
2147,u_0842,s_00439,search,2026-08-05 18:59:09,,,
2148,u_0842,s_00439,api_request,2026-08-05 18:59:12,,2249,1
2149,u_0842,s_00439,random_pick,2026-08-05 18:59:17,,,
2150,u_0842,s_00439,view_movie_card,2026-08-05 18:59:28,m_0028,,
2151,u_0842,s_00439,view_movie_card,2026-08-05 18:59:28,m_0027,,
2152,u_0842,s_00439,add_favorite,2026-08-05 18:59:35,m_0027,,
2153,u_0842,s_00439,view_movie_card,2026-08-05 19:00:12,m_0155,,
2154,u_0240,s_00440,session_start,2026-08-25 23:34:00,,,
2155,u_0240,s_00440,search,2026-08-25 23:34:13,,,
2156,u_0240,s_00440,api_request,2026-08-25 23:34:16,,1489,1
2157,u_0240,s_00440,random_pick,2026-08-25 23:34:20,,,
2158,u_0240,s_00440,view_movie_card,2026-08-25 23:34:33,m_0348,,
2159,u_0240,s_00440,view_movie_card,2026-08-25 23:34:28,m_0050,,
2160,u_0443,s_00441,session_start,2026-08-21 14:54:00,,,
2161,u_0443,s_00441,search,2026-08-21 14:54:12,,,
2162,u_0443,s_00441,api_request,2026-08-21 14:54:14,,2487,1
2163,u_0401,s_00442,session_start,2026-08-09 19:37:00,,,
2164,u_0401,s_00442,search,2026-08-09 19:37:12,,,
2165,u_0401,s_00442,api_request,2026-08-09 19:37:14,,5122,1
2166,u_0401,s_00442,view_movie_card,2026-08-09 19:37:24,m_0161,,
2167,u_0401,s_00442,view_movie_card,2026-08-09 19:37:24,m_0426,,
2168,u_0401,s_00442,add_favorite,2026-08-09 19:37:31,m_0426,,
2169,u_0702,s_00443,session_start,2026-08-04 17:06:00,,,
2170,u_0702,s_00443,search,2026-08-04 17:06:05,,,
2171,u_0702,s_00443,api_request,2026-08-04 17:06:07,,578,1
2172,u_0702,s_00443,view_movie_card,2026-08-04 17:06:18,m_0487,,
2173,u_0089,s_00444,session_start,2026-08-04 20:07:00,,,
2174,u_0089,s_00444,search,2026-08-04 20:07:04,,,
2175,u_0089,s_00444,api_request,2026-08-04 20:07:07,,4937,1
2176,u_0713,s_00445,session_start,2026-08-06 23:07:00,,,
2177,u_0713,s_00445,search,2026-08-06 23:07:06,,,
2178,u_0713,s_00445,api_request,2026-08-06 23:07:10,,920,1
2179,u_0713,s_00445,random_pick,2026-08-06 23:07:14,,,
2180,u_0713,s_00445,view_movie_card,2026-08-06 23:07:25,m_0132,,
2181,u_0713,s_00445,add_favorite,2026-08-06 23:07:27,m_0132,,
2182,u_0713,s_00445,view_movie_card,2026-08-06 23:07:36,m_0398,,
2183,u_0713,s_00445,add_favorite,2026-08-06 23:07:43,m_0398,,
2184,u_0713,s_00445,view_movie_card,2026-08-06 23:07:55,m_0031,,
2185,u_0713,s_00445,view_movie_card,2026-08-06 23:08:02,m_0092,,
2186,u_0625,s_00446,session_start,2026-08-16 23:12:00,,,
2187,u_0625,s_00446,search,2026-08-16 23:12:12,,,
2188,u_0625,s_00446,api_request,2026-08-16 23:12:16,,4728,1
2189,u_0625,s_00446,view_movie_card,2026-08-16 23:12:35,m_0367,,
2190,u_0586,s_00447,session_start,2026-08-02 10:04:00,,,
2191,u_0586,s_00447,search,2026-08-02 10:04:14,,,
2192,u_0586,s_00447,api_request,2026-08-02 10:04:17,,7077,0
2193,u_0586,s_00447,error_shown,2026-08-02 10:04:17,,,
2194,u_0001,s_00448,session_start,2026-08-05 19:40:00,,,
2195,u_0156,s_00449,session_start,2026-08-22 15:17:00,,,
2196,u_0156,s_00449,search,2026-08-22 15:17:08,,,
2197,u_0156,s_00449,api_request,2026-08-22 15:17:12,,8796,0
2198,u_0156,s_00449,error_shown,2026-08-22 15:17:13,,,
2199,u_0447,s_00450,session_start,2026-08-25 16:30:00,,,
2200,u_0447,s_00450,search,2026-08-25 16:30:13,,,
2201,u_0447,s_00450,api_request,2026-08-25 16:30:13,,327,1
2202,u_0447,s_00450,view_movie_card,2026-08-25 16:30:21,m_0291,,
2203,u_0447,s_00450,view_movie_card,2026-08-25 16:30:45,m_0171,,
2204,u_0447,s_00450,view_movie_card,2026-08-25 16:31:04,m_0029,,
2205,u_0548,s_00451,session_start,2026-08-21 10:23:00,,,
2206,u_0548,s_00451,search,2026-08-21 10:23:07,,,
2207,u_0548,s_00451,api_request,2026-08-21 10:23:07,,2675,1
2208,u_0548,s_00451,random_pick,2026-08-21 10:23:11,,,
2209,u_0548,s_00451,view_movie_card,2026-08-21 10:23:18,m_0154,,
2210,u_0706,s_00452,session_start,2026-08-29 10:40:00,,,
2211,u_0706,s_00452,search,2026-08-29 10:40:03,,,
2212,u_0706,s_00452,api_request,2026-08-29 10:40:08,,1852,1
2213,u_0706,s_00452,view_movie_card,2026-08-29 10:40:20,m_0251,,
2214,u_0316,s_00453,session_start,2026-08-26 17:41:00,,,
2215,u_0316,s_00453,search,2026-08-26 17:41:15,,,
2216,u_0316,s_00453,api_request,2026-08-26 17:41:18,,434,1
2217,u_0316,s_00453,view_movie_card,2026-08-26 17:41:24,m_0208,,
2218,u_0316,s_00453,add_favorite,2026-08-26 17:41:32,m_0208,,
2219,u_0550,s_00454,session_start,2026-08-22 22:55:00,,,
2220,u_0550,s_00454,search,2026-08-22 22:55:11,,,
2221,u_0550,s_00454,api_request,2026-08-22 22:55:13,,602,1
2222,u_0550,s_00454,random_pick,2026-08-22 22:55:18,,,
2223,u_0550,s_00454,view_movie_card,2026-08-22 22:55:19,m_0125,,
2224,u_0550,s_00454,view_movie_card,2026-08-22 22:55:31,m_0008,,
2225,u_0550,s_00454,add_favorite,2026-08-22 22:55:32,m_0008,,
2226,u_0813,s_00455,session_start,2026-08-29 13:52:00,,,
2227,u_0813,s_00455,search,2026-08-29 13:52:11,,,
2228,u_0813,s_00455,api_request,2026-08-29 13:52:12,,823,1
2229,u_0610,s_00456,session_start,2026-08-04 10:31:00,,,
2230,u_0610,s_00456,search,2026-08-04 10:31:05,,,
2231,u_0610,s_00456,api_request,2026-08-04 10:31:05,,3791,1
2232,u_0610,s_00456,view_movie_card,2026-08-04 10:31:22,m_0167,,
2233,u_0610,s_00456,add_favorite,2026-08-04 10:31:25,m_0167,,
2234,u_0610,s_00456,view_movie_card,2026-08-04 10:31:35,m_0429,,
2235,u_0610,s_00456,view_movie_card,2026-08-04 10:31:38,m_0392,,
2236,u_0610,s_00456,add_favorite,2026-08-04 10:31:41,m_0392,,
2237,u_0610,s_00456,view_movie_card,2026-08-04 10:32:05,m_0033,,
2238,u_0610,s_00456,add_favorite,2026-08-04 10:32:08,m_0033,,
2239,u_0714,s_00457,session_start,2026-08-25 15:10:00,,,
2240,u_0714,s_00457,search,2026-08-25 15:10:04,,,
2241,u_0714,s_00457,api_request,2026-08-25 15:10:07,,5067,1
2242,u_0714,s_00457,view_movie_card,2026-08-25 15:10:24,m_0399,,
2243,u_0714,s_00457,add_favorite,2026-08-25 15:10:32,m_0399,,
2244,u_0184,s_00458,session_start,2026-08-03 09:00:00,,,
2245,u_0291,s_00459,session_start,2026-08-23 19:37:00,,,
2246,u_0291,s_00459,search,2026-08-23 19:37:14,,,
2247,u_0291,s_00459,api_request,2026-08-23 19:37:18,,1988,1
2248,u_0291,s_00459,view_movie_card,2026-08-23 19:37:30,m_0481,,
2249,u_0291,s_00459,add_favorite,2026-08-23 19:37:31,m_0481,,
2250,u_0512,s_00460,session_start,2026-08-20 11:45:00,,,
2251,u_0512,s_00460,search,2026-08-20 11:45:03,,,
2252,u_0512,s_00460,api_request,2026-08-20 11:45:08,,2767,1
2253,u_0512,s_00460,random_pick,2026-08-20 11:45:09,,,
2254,u_0512,s_00460,view_movie_card,2026-08-20 11:45:16,m_0317,,
2255,u_0225,s_00461,session_start,2026-08-25 17:32:00,,,
2256,u_0225,s_00461,search,2026-08-25 17:32:12,,,
2257,u_0225,s_00461,api_request,2026-08-25 17:32:17,,734,1
2258,u_0225,s_00461,view_movie_card,2026-08-25 17:32:37,m_0255,,
2259,u_0225,s_00461,add_favorite,2026-08-25 17:32:38,m_0255,,
2260,u_0225,s_00461,view_movie_card,2026-08-25 17:32:29,m_0331,,
2261,u_0225,s_00461,view_movie_card,2026-08-25 17:32:50,m_0223,,
2262,u_0777,s_00462,session_start,2026-08-20 21:56:00,,,
2263,u_0777,s_00462,search,2026-08-20 21:56:03,,,
2264,u_0777,s_00462,api_request,2026-08-20 21:56:03,,1740,1
2265,u_0777,s_00462,view_movie_card,2026-08-20 21:56:10,m_0459,,
2266,u_0334,s_00463,session_start,2026-08-15 18:37:00,,,
2267,u_0334,s_00463,search,2026-08-15 18:37:13,,,
2268,u_0334,s_00463,api_request,2026-08-15 18:37:18,,2184,1
2269,u_0334,s_00463,random_pick,2026-08-15 18:37:22,,,
2270,u_0334,s_00463,view_movie_card,2026-08-15 18:37:29,m_0193,,
2271,u_0497,s_00464,session_start,2026-08-03 16:37:00,,,
2272,u_0497,s_00464,search,2026-08-03 16:37:08,,,
2273,u_0497,s_00464,api_request,2026-08-03 16:37:09,,4027,1
2274,u_0497,s_00464,view_movie_card,2026-08-03 16:37:20,m_0324,,
2275,u_0497,s_00464,view_movie_card,2026-08-03 16:37:35,m_0104,,
2276,u_0062,s_00465,session_start,2026-08-02 20:36:00,,,
2277,u_0062,s_00465,search,2026-08-02 20:36:03,,,
2278,u_0062,s_00465,api_request,2026-08-02 20:36:07,,1702,1
2279,u_0062,s_00465,random_pick,2026-08-02 20:36:09,,,
2280,u_0062,s_00465,view_movie_card,2026-08-02 20:36:17,m_0296,,
2281,u_0422,s_00466,session_start,2026-08-28 12:05:00,,,
2282,u_0422,s_00466,search,2026-08-28 12:05:09,,,
2283,u_0422,s_00466,api_request,2026-08-28 12:05:10,,4090,1
2284,u_0422,s_00466,view_movie_card,2026-08-28 12:05:22,m_0127,,
2285,u_0422,s_00466,view_movie_card,2026-08-28 12:05:34,m_0457,,
2286,u_0422,s_00466,view_movie_card,2026-08-28 12:05:37,m_0468,,
2287,u_0042,s_00467,session_start,2026-08-01 15:02:00,,,
2288,u_0035,s_00468,session_start,2026-08-24 21:32:00,,,
2289,u_0035,s_00468,search,2026-08-24 21:32:08,,,
2290,u_0035,s_00468,api_request,2026-08-24 21:32:12,,1102,1
2291,u_0035,s_00468,view_movie_card,2026-08-24 21:32:17,m_0355,,
2292,u_0303,s_00469,session_start,2026-08-07 11:22:00,,,
2293,u_0303,s_00469,search,2026-08-07 11:22:03,,,
2294,u_0303,s_00469,api_request,2026-08-07 11:22:03,,2797,1
2295,u_0303,s_00469,view_movie_card,2026-08-07 11:22:08,m_0500,,
2296,u_0303,s_00469,view_movie_card,2026-08-07 11:22:21,m_0448,,
2297,u_0380,s_00470,session_start,2026-08-06 21:55:00,,,
2298,u_0380,s_00470,search,2026-08-06 21:55:13,,,
2299,u_0380,s_00470,api_request,2026-08-06 21:55:18,,8138,0
2300,u_0380,s_00470,error_shown,2026-08-06 21:55:18,,,
2301,u_0708,s_00471,session_start,2026-08-03 15:57:00,,,
2302,u_0708,s_00471,search,2026-08-03 15:57:02,,,
2303,u_0708,s_00471,api_request,2026-08-03 15:57:04,,2510,1
2304,u_0708,s_00471,view_movie_card,2026-08-03 15:57:15,m_0404,,
2305,u_0708,s_00471,view_movie_card,2026-08-03 15:57:34,m_0377,,
2306,u_0373,s_00472,session_start,2026-08-17 23:43:00,,,
2307,u_0373,s_00472,search,2026-08-17 23:43:03,,,
2308,u_0373,s_00472,api_request,2026-08-17 23:43:06,,634,1
2309,u_0373,s_00472,view_movie_card,2026-08-17 23:43:13,m_0288,,
2310,u_0245,s_00473,session_start,2026-08-07 11:21:00,,,
2311,u_0245,s_00473,search,2026-08-07 11:21:12,,,
2312,u_0245,s_00473,api_request,2026-08-07 11:21:16,,5052,1
2313,u_0763,s_00474,session_start,2026-08-23 12:48:00,,,
2314,u_0763,s_00474,search,2026-08-23 12:48:07,,,
2315,u_0763,s_00474,api_request,2026-08-23 12:48:10,,4425,1
2316,u_0763,s_00474,random_pick,2026-08-23 12:48:13,,,
2317,u_0763,s_00474,view_movie_card,2026-08-23 12:48:29,m_0249,,
2318,u_0727,s_00475,session_start,2026-08-27 10:30:00,,,
2319,u_0727,s_00475,search,2026-08-27 10:30:15,,,
2320,u_0727,s_00475,api_request,2026-08-27 10:30:19,,4002,1
2321,u_0727,s_00475,view_movie_card,2026-08-27 10:30:26,m_0097,,
2322,u_0727,s_00475,view_movie_card,2026-08-27 10:30:57,m_0045,,
2323,u_0727,s_00475,add_favorite,2026-08-27 10:31:00,m_0045,,
2324,u_0727,s_00475,view_movie_card,2026-08-27 10:31:01,m_0491,,
2325,u_0115,s_00476,session_start,2026-08-04 11:17:00,,,
2326,u_0115,s_00476,search,2026-08-04 11:17:09,,,
2327,u_0115,s_00476,api_request,2026-08-04 11:17:10,,4565,1
2328,u_0699,s_00477,session_start,2026-08-01 13:26:00,,,
2329,u_0699,s_00477,search,2026-08-01 13:26:04,,,
2330,u_0699,s_00477,api_request,2026-08-01 13:26:08,,3936,1
2331,u_0699,s_00477,random_pick,2026-08-01 13:26:09,,,
2332,u_0699,s_00477,view_movie_card,2026-08-01 13:26:20,m_0428,,
2333,u_0593,s_00478,session_start,2026-08-21 14:26:00,,,
2334,u_0593,s_00478,search,2026-08-21 14:26:12,,,
2335,u_0593,s_00478,api_request,2026-08-21 14:26:14,,4643,1
2336,u_0581,s_00479,session_start,2026-08-15 16:19:00,,,
2337,u_0581,s_00479,search,2026-08-15 16:19:14,,,
2338,u_0581,s_00479,api_request,2026-08-15 16:19:16,,2429,1
2339,u_0581,s_00479,random_pick,2026-08-15 16:19:17,,,
2340,u_0581,s_00479,view_movie_card,2026-08-15 16:19:25,m_0181,,
2341,u_0581,s_00479,view_movie_card,2026-08-15 16:19:36,m_0317,,
2342,u_0187,s_00480,session_start,2026-08-23 17:18:00,,,
2343,u_0683,s_00481,session_start,2026-08-27 20:44:00,,,
2344,u_0683,s_00481,search,2026-08-27 20:44:04,,,
2345,u_0683,s_00481,api_request,2026-08-27 20:44:06,,2893,1
2346,u_0683,s_00481,view_movie_card,2026-08-27 20:44:17,m_0288,,
2347,u_0683,s_00481,view_movie_card,2026-08-27 20:44:36,m_0177,,
2348,u_0683,s_00481,add_favorite,2026-08-27 20:44:44,m_0177,,
2349,u_0309,s_00482,session_start,2026-08-18 11:34:00,,,
2350,u_0309,s_00482,search,2026-08-18 11:34:02,,,
2351,u_0309,s_00482,api_request,2026-08-18 11:34:05,,1490,1
2352,u_0005,s_00483,session_start,2026-08-30 14:09:00,,,
2353,u_0663,s_00484,session_start,2026-08-18 17:21:00,,,
2354,u_0663,s_00484,search,2026-08-18 17:21:09,,,
2355,u_0663,s_00484,api_request,2026-08-18 17:21:11,,4999,1
2356,u_0663,s_00484,view_movie_card,2026-08-18 17:21:30,m_0174,,
2357,u_0663,s_00484,view_movie_card,2026-08-18 17:21:51,m_0461,,
2358,u_0663,s_00484,add_favorite,2026-08-18 17:21:53,m_0461,,
2359,u_0663,s_00484,view_movie_card,2026-08-18 17:21:53,m_0013,,
2360,u_0366,s_00485,session_start,2026-08-27 12:28:00,,,
2361,u_0366,s_00485,search,2026-08-27 12:28:02,,,
2362,u_0366,s_00485,api_request,2026-08-27 12:28:07,,5079,1
2363,u_0366,s_00485,view_movie_card,2026-08-27 12:28:18,m_0012,,
2364,u_0366,s_00485,add_favorite,2026-08-27 12:28:26,m_0012,,
2365,u_0366,s_00485,view_movie_card,2026-08-27 12:28:21,m_0500,,
2366,u_0366,s_00485,view_movie_card,2026-08-27 12:28:40,m_0252,,
2367,u_0683,s_00486,session_start,2026-08-20 17:03:00,,,
2368,u_0683,s_00486,search,2026-08-20 17:03:04,,,
2369,u_0683,s_00486,api_request,2026-08-20 17:03:07,,3354,1
2370,u_0683,s_00486,random_pick,2026-08-20 17:03:11,,,
2371,u_0683,s_00486,view_movie_card,2026-08-20 17:03:14,m_0111,,
2372,u_0823,s_00487,session_start,2026-08-15 20:26:00,,,
2373,u_0823,s_00487,search,2026-08-15 20:26:04,,,
2374,u_0823,s_00487,api_request,2026-08-15 20:26:07,,3693,1
2375,u_0823,s_00487,random_pick,2026-08-15 20:26:09,,,
2376,u_0823,s_00487,view_movie_card,2026-08-15 20:26:21,m_0244,,
2377,u_0823,s_00487,view_movie_card,2026-08-15 20:26:37,m_0034,,
2378,u_0091,s_00488,session_start,2026-08-19 21:24:00,,,
2379,u_0091,s_00488,search,2026-08-19 21:24:12,,,
2380,u_0091,s_00488,api_request,2026-08-19 21:24:14,,4853,1
2381,u_0091,s_00488,view_movie_card,2026-08-19 21:24:25,m_0096,,
2382,u_0091,s_00488,view_movie_card,2026-08-19 21:24:42,m_0284,,
2383,u_0855,s_00489,session_start,2026-08-27 22:19:00,,,
2384,u_0855,s_00489,search,2026-08-27 22:19:09,,,
2385,u_0855,s_00489,api_request,2026-08-27 22:19:13,,2139,1
2386,u_0855,s_00489,random_pick,2026-08-27 22:19:17,,,
2387,u_0855,s_00489,view_movie_card,2026-08-27 22:19:21,m_0335,,
2388,u_0504,s_00490,session_start,2026-08-10 15:11:00,,,
2389,u_0123,s_00491,session_start,2026-08-21 12:01:00,,,
2390,u_0123,s_00491,search,2026-08-21 12:01:09,,,
2391,u_0123,s_00491,api_request,2026-08-21 12:01:09,,3263,1
2392,u_0123,s_00491,view_movie_card,2026-08-21 12:01:29,m_0499,,
2393,u_0123,s_00491,view_movie_card,2026-08-21 12:01:25,m_0192,,
2394,u_0266,s_00492,session_start,2026-08-19 09:54:00,,,
2395,u_0266,s_00492,search,2026-08-19 09:54:02,,,
2396,u_0266,s_00492,api_request,2026-08-19 09:54:03,,1409,1
2397,u_0266,s_00492,view_movie_card,2026-08-19 09:54:19,m_0025,,
2398,u_0079,s_00493,session_start,2026-08-17 19:59:00,,,
2399,u_0079,s_00493,search,2026-08-17 19:59:14,,,
2400,u_0079,s_00493,api_request,2026-08-17 19:59:19,,1074,1
2401,u_0079,s_00493,random_pick,2026-08-17 19:59:22,,,
2402,u_0079,s_00493,view_movie_card,2026-08-17 19:59:33,m_0139,,
2403,u_0548,s_00494,session_start,2026-08-23 14:06:00,,,
2404,u_0548,s_00494,search,2026-08-23 14:06:15,,,
2405,u_0548,s_00494,api_request,2026-08-23 14:06:16,,7244,0
2406,u_0548,s_00494,error_shown,2026-08-23 14:06:16,,,
2407,u_0497,s_00495,session_start,2026-08-10 14:49:00,,,
2408,u_0497,s_00495,search,2026-08-10 14:49:04,,,
2409,u_0497,s_00495,api_request,2026-08-10 14:49:05,,4423,1
2410,u_0497,s_00495,view_movie_card,2026-08-10 14:49:13,m_0214,,
2411,u_0135,s_00496,session_start,2026-08-03 10:52:00,,,
2412,u_0708,s_00497,session_start,2026-08-16 14:19:00,,,
2413,u_0708,s_00497,search,2026-08-16 14:19:15,,,
2414,u_0708,s_00497,api_request,2026-08-16 14:19:18,,5195,1
2415,u_0708,s_00497,random_pick,2026-08-16 14:19:21,,,
2416,u_0708,s_00497,view_movie_card,2026-08-16 14:19:23,m_0382,,
2417,u_0708,s_00497,view_movie_card,2026-08-16 14:19:42,m_0066,,
2418,u_0708,s_00497,view_movie_card,2026-08-16 14:19:45,m_0353,,
2419,u_0708,s_00497,view_movie_card,2026-08-16 14:19:54,m_0108,,
2420,u_0708,s_00497,add_favorite,2026-08-16 14:19:56,m_0108,,
2421,u_0708,s_00497,view_movie_card,2026-08-16 14:20:48,m_0354,,
2422,u_0794,s_00498,session_start,2026-08-04 10:01:00,,,
2423,u_0794,s_00498,search,2026-08-04 10:01:08,,,
2424,u_0794,s_00498,api_request,2026-08-04 10:01:08,,568,1
2425,u_0481,s_00499,session_start,2026-08-17 18:03:00,,,
2426,u_0481,s_00499,search,2026-08-17 18:03:06,,,
2427,u_0481,s_00499,api_request,2026-08-17 18:03:06,,384,1
2428,u_0481,s_00499,view_movie_card,2026-08-17 18:03:17,m_0301,,
2429,u_0481,s_00499,view_movie_card,2026-08-17 18:03:26,m_0344,,
2430,u_0481,s_00499,view_movie_card,2026-08-17 18:03:27,m_0075,,
2431,u_0361,s_00500,session_start,2026-08-09 18:22:00,,,
2432,u_0361,s_00500,search,2026-08-09 18:22:10,,,
2433,u_0361,s_00500,api_request,2026-08-09 18:22:15,,4971,1
2434,u_0361,s_00500,view_movie_card,2026-08-09 18:22:26,m_0367,,
2435,u_0361,s_00500,add_favorite,2026-08-09 18:22:31,m_0367,,
2436,u_0361,s_00500,view_movie_card,2026-08-09 18:22:35,m_0462,,
2437,u_0361,s_00500,view_movie_card,2026-08-09 18:22:30,m_0499,,
2438,u_0517,s_00501,session_start,2026-08-30 12:58:00,,,
2439,u_0517,s_00501,search,2026-08-30 12:58:09,,,
2440,u_0517,s_00501,api_request,2026-08-30 12:58:12,,1816,1
2441,u_0517,s_00501,random_pick,2026-08-30 12:58:15,,,
2442,u_0517,s_00501,view_movie_card,2026-08-30 12:58:29,m_0218,,
2443,u_0517,s_00501,add_favorite,2026-08-30 12:58:33,m_0218,,
2444,u_0517,s_00501,view_movie_card,2026-08-30 12:58:48,m_0058,,
2445,u_0517,s_00501,view_movie_card,2026-08-30 12:58:57,m_0064,,
2446,u_0517,s_00501,view_movie_card,2026-08-30 12:58:48,m_0254,,
2447,u_0517,s_00501,view_movie_card,2026-08-30 12:59:22,m_0286,,
2448,u_0119,s_00502,session_start,2026-08-03 14:31:00,,,
2449,u_0119,s_00502,search,2026-08-03 14:31:09,,,
2450,u_0119,s_00502,api_request,2026-08-03 14:31:14,,3936,1
2451,u_0119,s_00502,view_movie_card,2026-08-03 14:31:32,m_0097,,
2452,u_0119,s_00502,view_movie_card,2026-08-03 14:31:54,m_0481,,
2453,u_0504,s_00503,session_start,2026-08-06 09:43:00,,,
2454,u_0504,s_00503,search,2026-08-06 09:43:08,,,
2455,u_0504,s_00503,api_request,2026-08-06 09:43:11,,996,1
2456,u_0504,s_00503,view_movie_card,2026-08-06 09:43:19,m_0380,,
2457,u_0504,s_00503,view_movie_card,2026-08-06 09:43:31,m_0034,,
2458,u_0610,s_00504,session_start,2026-08-07 14:12:00,,,
2459,u_0610,s_00504,search,2026-08-07 14:12:08,,,
2460,u_0610,s_00504,api_request,2026-08-07 14:12:09,,3779,1
2461,u_0610,s_00504,view_movie_card,2026-08-07 14:12:22,m_0388,,
2462,u_0488,s_00505,session_start,2026-08-21 15:22:00,,,
2463,u_0488,s_00505,search,2026-08-21 15:22:08,,,
2464,u_0488,s_00505,api_request,2026-08-21 15:22:12,,1507,1
2465,u_0488,s_00505,random_pick,2026-08-21 15:22:16,,,
2466,u_0488,s_00505,view_movie_card,2026-08-21 15:22:24,m_0322,,
2467,u_0055,s_00506,session_start,2026-08-01 10:47:00,,,
2468,u_0055,s_00506,search,2026-08-01 10:47:09,,,
2469,u_0055,s_00506,api_request,2026-08-01 10:47:14,,4467,0
2470,u_0055,s_00506,error_shown,2026-08-01 10:47:14,,,
2471,u_0335,s_00507,session_start,2026-08-13 18:43:00,,,
2472,u_0335,s_00507,search,2026-08-13 18:43:11,,,
2473,u_0335,s_00507,api_request,2026-08-13 18:43:16,,926,1
2474,u_0335,s_00507,view_movie_card,2026-08-13 18:43:35,m_0104,,
2475,u_0335,s_00507,view_movie_card,2026-08-13 18:43:56,m_0252,,
2476,u_0881,s_00508,session_start,2026-08-18 14:51:00,,,
2477,u_0881,s_00508,search,2026-08-18 14:51:02,,,
2478,u_0881,s_00508,api_request,2026-08-18 14:51:02,,1275,1
2479,u_0881,s_00508,view_movie_card,2026-08-18 14:51:21,m_0019,,
2480,u_0881,s_00508,add_favorite,2026-08-18 14:51:26,m_0019,,
2481,u_0504,s_00509,session_start,2026-08-29 20:10:00,,,
2482,u_0504,s_00509,search,2026-08-29 20:10:06,,,
2483,u_0504,s_00509,api_request,2026-08-29 20:10:09,,1196,1
2484,u_0504,s_00509,view_movie_card,2026-08-29 20:10:29,m_0244,,
2485,u_0504,s_00509,view_movie_card,2026-08-29 20:10:29,m_0260,,
2486,u_0504,s_00509,add_favorite,2026-08-29 20:10:34,m_0260,,
2487,u_0632,s_00510,session_start,2026-08-16 18:24:00,,,
2488,u_0632,s_00510,search,2026-08-16 18:24:14,,,
2489,u_0632,s_00510,api_request,2026-08-16 18:24:16,,530,1
2490,u_0632,s_00510,view_movie_card,2026-08-16 18:24:21,m_0392,,
2491,u_0439,s_00511,session_start,2026-08-11 15:06:00,,,
2492,u_0439,s_00511,search,2026-08-11 15:06:07,,,
2493,u_0439,s_00511,api_request,2026-08-11 15:06:10,,2300,1
2494,u_0439,s_00511,view_movie_card,2026-08-11 15:06:17,m_0445,,
2495,u_0439,s_00511,view_movie_card,2026-08-11 15:06:40,m_0087,,
2496,u_0439,s_00511,add_favorite,2026-08-11 15:06:46,m_0087,,
2497,u_0885,s_00512,session_start,2026-08-02 16:42:00,,,
2498,u_0885,s_00512,search,2026-08-02 16:42:10,,,
2499,u_0885,s_00512,api_request,2026-08-02 16:42:13,,4147,1
2500,u_0885,s_00512,view_movie_card,2026-08-02 16:42:30,m_0166,,
2501,u_0885,s_00512,view_movie_card,2026-08-02 16:42:53,m_0052,,
2502,u_0885,s_00512,view_movie_card,2026-08-02 16:42:46,m_0173,,
2503,u_0885,s_00512,view_movie_card,2026-08-02 16:43:13,m_0086,,
2504,u_0885,s_00512,view_movie_card,2026-08-02 16:43:33,m_0497,,
2505,u_0807,s_00513,session_start,2026-08-16 19:54:00,,,
2506,u_0807,s_00513,search,2026-08-16 19:54:15,,,
2507,u_0807,s_00513,api_request,2026-08-16 19:54:19,,2472,1
2508,u_0807,s_00513,view_movie_card,2026-08-16 19:54:31,m_0320,,
2509,u_0807,s_00513,view_movie_card,2026-08-16 19:54:33,m_0368,,
2510,u_0807,s_00513,view_movie_card,2026-08-16 19:54:43,m_0304,,
2511,u_0807,s_00513,view_movie_card,2026-08-16 19:54:47,m_0291,,
2512,u_0807,s_00513,view_movie_card,2026-08-16 19:55:59,m_0219,,
2513,u_0807,s_00513,add_favorite,2026-08-16 19:56:01,m_0219,,
2514,u_0517,s_00514,session_start,2026-08-21 22:19:00,,,
2515,u_0517,s_00514,search,2026-08-21 22:19:08,,,
2516,u_0517,s_00514,api_request,2026-08-21 22:19:13,,1939,1
2517,u_0517,s_00514,view_movie_card,2026-08-21 22:19:23,m_0452,,
2518,u_0517,s_00514,add_favorite,2026-08-21 22:19:26,m_0452,,
2519,u_0677,s_00515,session_start,2026-08-19 16:13:00,,,
2520,u_0654,s_00516,session_start,2026-08-24 16:17:00,,,
2521,u_0654,s_00516,search,2026-08-24 16:17:11,,,
2522,u_0654,s_00516,api_request,2026-08-24 16:17:14,,790,1
2523,u_0654,s_00516,random_pick,2026-08-24 16:17:16,,,
2524,u_0654,s_00516,view_movie_card,2026-08-24 16:17:28,m_0433,,
2525,u_0654,s_00516,view_movie_card,2026-08-24 16:17:44,m_0441,,
2526,u_0867,s_00517,session_start,2026-08-03 19:13:00,,,
2527,u_0867,s_00517,search,2026-08-03 19:13:15,,,
2528,u_0867,s_00517,api_request,2026-08-03 19:13:17,,2400,1
2529,u_0867,s_00517,random_pick,2026-08-03 19:13:19,,,
2530,u_0867,s_00517,view_movie_card,2026-08-03 19:13:28,m_0015,,
2531,u_0498,s_00518,session_start,2026-08-27 13:29:00,,,
2532,u_0498,s_00518,search,2026-08-27 13:29:08,,,
2533,u_0498,s_00518,api_request,2026-08-27 13:29:11,,603,1
2534,u_0498,s_00518,random_pick,2026-08-27 13:29:14,,,
2535,u_0498,s_00518,view_movie_card,2026-08-27 13:29:21,m_0330,,
2536,u_0021,s_00519,session_start,2026-08-24 16:50:00,,,
2537,u_0021,s_00519,search,2026-08-24 16:50:03,,,
2538,u_0021,s_00519,api_request,2026-08-24 16:50:05,,820,1
2539,u_0688,s_00520,session_start,2026-08-14 23:23:00,,,
2540,u_0688,s_00520,search,2026-08-14 23:23:03,,,
2541,u_0688,s_00520,api_request,2026-08-14 23:23:06,,1451,1
2542,u_0688,s_00520,view_movie_card,2026-08-14 23:23:14,m_0268,,
2543,u_0688,s_00520,view_movie_card,2026-08-14 23:23:32,m_0255,,
2544,u_0792,s_00521,session_start,2026-08-08 18:07:00,,,
2545,u_0792,s_00521,search,2026-08-08 18:07:07,,,
2546,u_0792,s_00521,api_request,2026-08-08 18:07:11,,2232,1
2547,u_0180,s_00522,session_start,2026-08-07 11:06:00,,,
2548,u_0180,s_00522,search,2026-08-07 11:06:06,,,
2549,u_0180,s_00522,api_request,2026-08-07 11:06:09,,5129,1
2550,u_0180,s_00522,view_movie_card,2026-08-07 11:06:17,m_0163,,
2551,u_0180,s_00522,view_movie_card,2026-08-07 11:06:49,m_0350,,
2552,u_0149,s_00523,session_start,2026-08-09 23:50:00,,,
2553,u_0149,s_00523,search,2026-08-09 23:50:13,,,
2554,u_0149,s_00523,api_request,2026-08-09 23:50:16,,472,1
2555,u_0149,s_00523,random_pick,2026-08-09 23:50:17,,,
2556,u_0149,s_00523,view_movie_card,2026-08-09 23:50:28,m_0130,,
2557,u_0149,s_00523,view_movie_card,2026-08-09 23:50:44,m_0328,,
2558,u_0149,s_00523,view_movie_card,2026-08-09 23:51:04,m_0463,,
2559,u_0149,s_00523,view_movie_card,2026-08-09 23:50:48,m_0274,,
2560,u_0009,s_00524,session_start,2026-08-28 16:24:00,,,
2561,u_0262,s_00525,session_start,2026-08-13 23:58:00,,,
2562,u_0262,s_00525,search,2026-08-13 23:58:15,,,
2563,u_0262,s_00525,api_request,2026-08-13 23:58:17,,1612,1
2564,u_0832,s_00526,session_start,2026-08-21 14:56:00,,,
2565,u_0832,s_00526,search,2026-08-21 14:56:08,,,
2566,u_0832,s_00526,api_request,2026-08-21 14:56:08,,956,1
2567,u_0423,s_00527,session_start,2026-08-16 16:47:00,,,
2568,u_0898,s_00528,session_start,2026-08-11 20:27:00,,,
2569,u_0716,s_00529,session_start,2026-08-04 22:10:00,,,
2570,u_0716,s_00529,search,2026-08-04 22:10:03,,,
2571,u_0716,s_00529,api_request,2026-08-04 22:10:06,,4786,1
2572,u_0716,s_00529,random_pick,2026-08-04 22:10:07,,,
2573,u_0716,s_00529,view_movie_card,2026-08-04 22:10:16,m_0323,,
2574,u_0716,s_00529,view_movie_card,2026-08-04 22:10:24,m_0002,,
2575,u_0590,s_00530,session_start,2026-08-21 13:20:00,,,
2576,u_0590,s_00530,search,2026-08-21 13:20:04,,,
2577,u_0590,s_00530,api_request,2026-08-21 13:20:06,,1365,1
2578,u_0328,s_00531,session_start,2026-08-22 15:50:00,,,
2579,u_0328,s_00531,search,2026-08-22 15:50:15,,,
2580,u_0328,s_00531,api_request,2026-08-22 15:50:16,,5158,1
2581,u_0087,s_00532,session_start,2026-08-26 13:12:00,,,
2582,u_0087,s_00532,search,2026-08-26 13:12:04,,,
2583,u_0087,s_00532,api_request,2026-08-26 13:12:07,,4972,1
2584,u_0087,s_00532,view_movie_card,2026-08-26 13:12:19,m_0465,,
2585,u_0087,s_00532,add_favorite,2026-08-26 13:12:27,m_0465,,
2586,u_0087,s_00532,view_movie_card,2026-08-26 13:12:29,m_0135,,
2587,u_0087,s_00532,view_movie_card,2026-08-26 13:12:37,m_0026,,
2588,u_0087,s_00532,view_movie_card,2026-08-26 13:13:19,m_0308,,
2589,u_0087,s_00532,view_movie_card,2026-08-26 13:12:42,m_0491,,
2590,u_0736,s_00533,session_start,2026-08-19 10:00:00,,,
2591,u_0736,s_00533,search,2026-08-19 10:00:14,,,
2592,u_0736,s_00533,api_request,2026-08-19 10:00:17,,4348,1
2593,u_0736,s_00533,random_pick,2026-08-19 10:00:20,,,
2594,u_0736,s_00533,view_movie_card,2026-08-19 10:00:31,m_0383,,
2595,u_0736,s_00533,view_movie_card,2026-08-19 10:00:35,m_0221,,
2596,u_0736,s_00533,view_movie_card,2026-08-19 10:00:50,m_0422,,
2597,u_0185,s_00534,session_start,2026-08-22 12:26:00,,,
2598,u_0185,s_00534,search,2026-08-22 12:26:04,,,
2599,u_0185,s_00534,api_request,2026-08-22 12:26:04,,2444,1
2600,u_0185,s_00534,random_pick,2026-08-22 12:26:09,,,
2601,u_0185,s_00534,view_movie_card,2026-08-22 12:26:23,m_0044,,
2602,u_0185,s_00534,add_favorite,2026-08-22 12:26:26,m_0044,,
2603,u_0185,s_00534,view_movie_card,2026-08-22 12:26:34,m_0499,,
2604,u_0393,s_00535,session_start,2026-08-22 12:45:00,,,
2605,u_0393,s_00535,search,2026-08-22 12:45:13,,,
2606,u_0393,s_00535,api_request,2026-08-22 12:45:18,,1080,1
2607,u_0393,s_00535,view_movie_card,2026-08-22 12:45:38,m_0466,,
2608,u_0613,s_00536,session_start,2026-08-20 19:51:00,,,
2609,u_0613,s_00536,search,2026-08-20 19:51:14,,,
2610,u_0613,s_00536,api_request,2026-08-20 19:51:14,,7133,0
2611,u_0613,s_00536,error_shown,2026-08-20 19:51:14,,,
2612,u_0405,s_00537,session_start,2026-08-20 15:19:00,,,
2613,u_0405,s_00537,search,2026-08-20 15:19:04,,,
2614,u_0405,s_00537,api_request,2026-08-20 15:19:08,,4469,0
2615,u_0405,s_00537,error_shown,2026-08-20 15:19:08,,,
2616,u_0505,s_00538,session_start,2026-08-09 11:32:00,,,
2617,u_0092,s_00539,session_start,2026-08-29 16:08:00,,,
2618,u_0092,s_00539,search,2026-08-29 16:08:10,,,
2619,u_0092,s_00539,api_request,2026-08-29 16:08:13,,1257,1
2620,u_0092,s_00539,view_movie_card,2026-08-29 16:08:26,m_0383,,
2621,u_0092,s_00539,view_movie_card,2026-08-29 16:08:49,m_0145,,
2622,u_0092,s_00539,view_movie_card,2026-08-29 16:08:52,m_0314,,
2623,u_0092,s_00539,view_movie_card,2026-08-29 16:09:05,m_0265,,
2624,u_0092,s_00539,view_movie_card,2026-08-29 16:09:03,m_0162,,
2625,u_0570,s_00540,session_start,2026-08-16 21:09:00,,,
2626,u_0570,s_00540,search,2026-08-16 21:09:12,,,
2627,u_0570,s_00540,api_request,2026-08-16 21:09:17,,735,1
2628,u_0570,s_00540,random_pick,2026-08-16 21:09:21,,,
2629,u_0570,s_00540,view_movie_card,2026-08-16 21:09:30,m_0084,,
2630,u_0507,s_00541,session_start,2026-08-14 10:57:00,,,
2631,u_0507,s_00541,search,2026-08-14 10:57:07,,,
2632,u_0507,s_00541,api_request,2026-08-14 10:57:11,,4338,1
2633,u_0507,s_00541,random_pick,2026-08-14 10:57:14,,,
2634,u_0507,s_00541,view_movie_card,2026-08-14 10:57:18,m_0105,,
2635,u_0507,s_00541,view_movie_card,2026-08-14 10:57:31,m_0428,,
2636,u_0507,s_00541,add_favorite,2026-08-14 10:57:36,m_0428,,
2637,u_0507,s_00541,view_movie_card,2026-08-14 10:57:44,m_0299,,
2638,u_0585,s_00542,session_start,2026-08-01 17:49:00,,,
2639,u_0585,s_00542,search,2026-08-01 17:49:03,,,
2640,u_0585,s_00542,api_request,2026-08-01 17:49:05,,1072,1
2641,u_0697,s_00543,session_start,2026-08-01 13:43:00,,,
2642,u_0697,s_00543,search,2026-08-01 13:43:07,,,
2643,u_0697,s_00543,api_request,2026-08-01 13:43:12,,1168,1
2644,u_0472,s_00544,session_start,2026-08-05 09:05:00,,,
2645,u_0472,s_00544,search,2026-08-05 09:05:12,,,
2646,u_0472,s_00544,api_request,2026-08-05 09:05:16,,2506,1
2647,u_0472,s_00544,view_movie_card,2026-08-05 09:05:35,m_0167,,
2648,u_0583,s_00545,session_start,2026-08-24 23:51:00,,,
2649,u_0583,s_00545,search,2026-08-24 23:51:15,,,
2650,u_0583,s_00545,api_request,2026-08-24 23:51:15,,2617,1
2651,u_0583,s_00545,random_pick,2026-08-24 23:51:20,,,
2652,u_0583,s_00545,view_movie_card,2026-08-24 23:51:32,m_0048,,
2653,u_0887,s_00546,session_start,2026-08-06 12:49:00,,,
2654,u_0887,s_00546,search,2026-08-06 12:49:02,,,
2655,u_0887,s_00546,api_request,2026-08-06 12:49:03,,3596,1
2656,u_0887,s_00546,view_movie_card,2026-08-06 12:49:11,m_0153,,
2657,u_0887,s_00546,view_movie_card,2026-08-06 12:49:39,m_0377,,
2658,u_0887,s_00546,view_movie_card,2026-08-06 12:49:45,m_0463,,
2659,u_0099,s_00547,session_start,2026-08-05 14:42:00,,,
2660,u_0099,s_00547,search,2026-08-05 14:42:10,,,
2661,u_0099,s_00547,api_request,2026-08-05 14:42:11,,3479,1
2662,u_0099,s_00547,view_movie_card,2026-08-05 14:42:29,m_0416,,
2663,u_0099,s_00547,view_movie_card,2026-08-05 14:42:31,m_0223,,
2664,u_0350,s_00548,session_start,2026-08-03 09:32:00,,,
2665,u_0703,s_00549,session_start,2026-08-22 12:41:00,,,
2666,u_0703,s_00549,search,2026-08-22 12:41:09,,,
2667,u_0703,s_00549,api_request,2026-08-22 12:41:13,,4598,1
2668,u_0703,s_00549,random_pick,2026-08-22 12:41:17,,,
2669,u_0703,s_00549,view_movie_card,2026-08-22 12:41:27,m_0077,,
2670,u_0703,s_00549,view_movie_card,2026-08-22 12:41:41,m_0431,,
2671,u_0049,s_00550,session_start,2026-08-14 13:36:00,,,
2672,u_0049,s_00550,search,2026-08-14 13:36:02,,,
2673,u_0049,s_00550,api_request,2026-08-14 13:36:06,,3780,1
2674,u_0049,s_00550,view_movie_card,2026-08-14 13:36:19,m_0182,,
2675,u_0049,s_00550,view_movie_card,2026-08-14 13:36:20,m_0394,,
2676,u_0474,s_00551,session_start,2026-08-04 20:42:00,,,
2677,u_0474,s_00551,search,2026-08-04 20:42:04,,,
2678,u_0474,s_00551,api_request,2026-08-04 20:42:07,,6409,0
2679,u_0474,s_00551,error_shown,2026-08-04 20:42:07,,,
2680,u_0322,s_00552,session_start,2026-08-29 20:19:00,,,
2681,u_0322,s_00552,search,2026-08-29 20:19:09,,,
2682,u_0322,s_00552,api_request,2026-08-29 20:19:14,,2471,1
2683,u_0322,s_00552,view_movie_card,2026-08-29 20:19:25,m_0095,,
2684,u_0322,s_00552,add_favorite,2026-08-29 20:19:30,m_0095,,
2685,u_0322,s_00552,view_movie_card,2026-08-29 20:19:30,m_0223,,
2686,u_0322,s_00552,view_movie_card,2026-08-29 20:19:29,m_0203,,
2687,u_0322,s_00552,add_favorite,2026-08-29 20:19:32,m_0203,,
2688,u_0322,s_00552,view_movie_card,2026-08-29 20:20:34,m_0236,,
2689,u_0617,s_00553,session_start,2026-08-28 19:47:00,,,
2690,u_0617,s_00553,search,2026-08-28 19:47:06,,,
2691,u_0617,s_00553,api_request,2026-08-28 19:47:11,,3255,1
2692,u_0617,s_00553,view_movie_card,2026-08-28 19:47:25,m_0045,,
2693,u_0617,s_00553,add_favorite,2026-08-28 19:47:26,m_0045,,
2694,u_0617,s_00553,view_movie_card,2026-08-28 19:47:33,m_0058,,
2695,u_0617,s_00553,view_movie_card,2026-08-28 19:47:44,m_0440,,
2696,u_0617,s_00553,add_favorite,2026-08-28 19:47:52,m_0440,,
2697,u_0617,s_00553,view_movie_card,2026-08-28 19:47:47,m_0333,,
2698,u_0617,s_00553,view_movie_card,2026-08-28 19:48:06,m_0045,,
2699,u_0433,s_00554,session_start,2026-08-15 11:30:00,,,
2700,u_0433,s_00554,search,2026-08-15 11:30:04,,,
2701,u_0433,s_00554,api_request,2026-08-15 11:30:05,,3947,1
2702,u_0461,s_00555,session_start,2026-08-16 09:55:00,,,
2703,u_0461,s_00555,search,2026-08-16 09:55:05,,,
2704,u_0461,s_00555,api_request,2026-08-16 09:55:07,,3509,1
2705,u_0461,s_00555,view_movie_card,2026-08-16 09:55:25,m_0213,,
2706,u_0749,s_00556,session_start,2026-08-24 18:38:00,,,
2707,u_0749,s_00556,search,2026-08-24 18:38:06,,,
2708,u_0749,s_00556,api_request,2026-08-24 18:38:06,,4282,1
2709,u_0749,s_00556,view_movie_card,2026-08-24 18:38:26,m_0119,,
2710,u_0749,s_00556,view_movie_card,2026-08-24 18:38:16,m_0217,,
2711,u_0749,s_00556,view_movie_card,2026-08-24 18:38:27,m_0138,,
2712,u_0120,s_00557,session_start,2026-08-14 23:30:00,,,
2713,u_0120,s_00557,search,2026-08-14 23:30:12,,,
2714,u_0120,s_00557,api_request,2026-08-14 23:30:15,,3873,1
2715,u_0120,s_00557,random_pick,2026-08-14 23:30:18,,,
2716,u_0120,s_00557,view_movie_card,2026-08-14 23:30:34,m_0119,,
2717,u_0348,s_00558,session_start,2026-08-19 23:43:00,,,
2718,u_0673,s_00559,session_start,2026-08-28 22:45:00,,,
2719,u_0673,s_00559,search,2026-08-28 22:45:06,,,
2720,u_0673,s_00559,api_request,2026-08-28 22:45:09,,3251,1
2721,u_0637,s_00560,session_start,2026-08-26 22:10:00,,,
2722,u_0637,s_00560,search,2026-08-26 22:10:13,,,
2723,u_0637,s_00560,api_request,2026-08-26 22:10:13,,1357,1
2724,u_0637,s_00560,view_movie_card,2026-08-26 22:10:31,m_0483,,
2725,u_0571,s_00561,session_start,2026-08-10 12:13:00,,,
2726,u_0571,s_00561,search,2026-08-10 12:13:02,,,
2727,u_0571,s_00561,api_request,2026-08-10 12:13:05,,3224,1
2728,u_0571,s_00561,view_movie_card,2026-08-10 12:13:11,m_0414,,
2729,u_0571,s_00561,add_favorite,2026-08-10 12:13:18,m_0414,,
2730,u_0124,s_00562,session_start,2026-08-04 18:14:00,,,
2731,u_0124,s_00562,search,2026-08-04 18:14:09,,,
2732,u_0124,s_00562,api_request,2026-08-04 18:14:11,,3210,1
2733,u_0124,s_00562,view_movie_card,2026-08-04 18:14:20,m_0437,,
2734,u_0124,s_00562,view_movie_card,2026-08-04 18:14:27,m_0362,,
2735,u_0124,s_00562,add_favorite,2026-08-04 18:14:35,m_0362,,
2736,u_0124,s_00562,view_movie_card,2026-08-04 18:15:08,m_0493,,
2737,u_0626,s_00563,session_start,2026-08-04 10:50:00,,,
2738,u_0626,s_00563,search,2026-08-04 10:50:15,,,
2739,u_0626,s_00563,api_request,2026-08-04 10:50:16,,643,1
2740,u_0626,s_00563,random_pick,2026-08-04 10:50:18,,,
2741,u_0626,s_00563,view_movie_card,2026-08-04 10:50:32,m_0081,,
2742,u_0519,s_00564,session_start,2026-08-23 16:48:00,,,
2743,u_0519,s_00564,search,2026-08-23 16:48:15,,,
2744,u_0519,s_00564,api_request,2026-08-23 16:48:16,,3279,1
2745,u_0519,s_00564,view_movie_card,2026-08-23 16:48:35,m_0497,,
2746,u_0855,s_00565,session_start,2026-08-25 09:15:00,,,
2747,u_0855,s_00565,search,2026-08-25 09:15:07,,,
2748,u_0855,s_00565,api_request,2026-08-25 09:15:09,,998,1
2749,u_0855,s_00565,view_movie_card,2026-08-25 09:15:21,m_0078,,
2750,u_0855,s_00565,view_movie_card,2026-08-25 09:15:45,m_0404,,
2751,u_0855,s_00565,view_movie_card,2026-08-25 09:16:03,m_0212,,
2752,u_0529,s_00566,session_start,2026-08-29 16:54:00,,,
2753,u_0529,s_00566,search,2026-08-29 16:54:07,,,
2754,u_0529,s_00566,api_request,2026-08-29 16:54:07,,381,1
2755,u_0529,s_00566,random_pick,2026-08-29 16:54:10,,,
2756,u_0529,s_00566,view_movie_card,2026-08-29 16:54:22,m_0206,,
2757,u_0529,s_00566,view_movie_card,2026-08-29 16:54:27,m_0223,,
2758,u_0529,s_00566,add_favorite,2026-08-29 16:54:28,m_0223,,
2759,u_0155,s_00567,session_start,2026-08-22 23:41:00,,,
2760,u_0819,s_00568,session_start,2026-08-02 19:45:00,,,
2761,u_0819,s_00568,search,2026-08-02 19:45:10,,,
2762,u_0819,s_00568,api_request,2026-08-02 19:45:12,,4835,1
2763,u_0353,s_00569,session_start,2026-08-24 20:20:00,,,
2764,u_0353,s_00569,search,2026-08-24 20:20:06,,,
2765,u_0353,s_00569,api_request,2026-08-24 20:20:10,,1503,1
2766,u_0353,s_00569,random_pick,2026-08-24 20:20:15,,,
2767,u_0353,s_00569,view_movie_card,2026-08-24 20:20:29,m_0358,,
2768,u_0353,s_00569,view_movie_card,2026-08-24 20:20:44,m_0398,,
2769,u_0353,s_00569,add_favorite,2026-08-24 20:20:49,m_0398,,
2770,u_0343,s_00570,session_start,2026-08-03 09:34:00,,,
2771,u_0343,s_00570,search,2026-08-03 09:34:13,,,
2772,u_0343,s_00570,api_request,2026-08-03 09:34:14,,4730,1
2773,u_0343,s_00570,view_movie_card,2026-08-03 09:34:29,m_0388,,
2774,u_0816,s_00571,session_start,2026-08-01 09:56:00,,,
2775,u_0816,s_00571,search,2026-08-01 09:56:06,,,
2776,u_0816,s_00571,api_request,2026-08-01 09:56:08,,2789,1
2777,u_0816,s_00571,random_pick,2026-08-01 09:56:09,,,
2778,u_0816,s_00571,view_movie_card,2026-08-01 09:56:24,m_0133,,
2779,u_0816,s_00571,view_movie_card,2026-08-01 09:56:40,m_0064,,
2780,u_0816,s_00571,add_favorite,2026-08-01 09:56:42,m_0064,,
2781,u_0816,s_00571,view_movie_card,2026-08-01 09:57:05,m_0153,,
2782,u_0816,s_00571,view_movie_card,2026-08-01 09:56:28,m_0233,,
2783,u_0816,s_00571,view_movie_card,2026-08-01 09:57:08,m_0413,,
2784,u_0643,s_00572,session_start,2026-08-19 18:45:00,,,
2785,u_0643,s_00572,search,2026-08-19 18:45:15,,,
2786,u_0643,s_00572,api_request,2026-08-19 18:45:20,,2751,1
2787,u_0643,s_00572,view_movie_card,2026-08-19 18:45:29,m_0366,,
2788,u_0643,s_00572,view_movie_card,2026-08-19 18:45:44,m_0054,,
2789,u_0643,s_00572,view_movie_card,2026-08-19 18:45:53,m_0422,,
2790,u_0729,s_00573,session_start,2026-08-15 10:09:00,,,
2791,u_0729,s_00573,search,2026-08-15 10:09:08,,,
2792,u_0729,s_00573,api_request,2026-08-15 10:09:08,,3780,1
2793,u_0080,s_00574,session_start,2026-08-16 12:28:00,,,
2794,u_0080,s_00574,search,2026-08-16 12:28:10,,,
2795,u_0080,s_00574,api_request,2026-08-16 12:28:13,,4551,1
2796,u_0080,s_00574,view_movie_card,2026-08-16 12:28:31,m_0226,,
2797,u_0080,s_00574,view_movie_card,2026-08-16 12:28:53,m_0375,,
2798,u_0080,s_00574,view_movie_card,2026-08-16 12:28:43,m_0074,,
2799,u_0080,s_00574,view_movie_card,2026-08-16 12:29:33,m_0365,,
2800,u_0542,s_00575,session_start,2026-08-23 17:55:00,,,
2801,u_0542,s_00575,search,2026-08-23 17:55:05,,,
2802,u_0542,s_00575,api_request,2026-08-23 17:55:08,,1584,1
2803,u_0617,s_00576,session_start,2026-08-12 23:07:00,,,
2804,u_0617,s_00576,search,2026-08-12 23:07:03,,,
2805,u_0617,s_00576,api_request,2026-08-12 23:07:04,,2672,1
2806,u_0617,s_00576,view_movie_card,2026-08-12 23:07:20,m_0156,,
2807,u_0146,s_00577,session_start,2026-08-01 21:09:00,,,
2808,u_0146,s_00577,search,2026-08-01 21:09:08,,,
2809,u_0146,s_00577,api_request,2026-08-01 21:09:08,,2799,1
2810,u_0758,s_00578,session_start,2026-08-07 11:52:00,,,
2811,u_0758,s_00578,search,2026-08-07 11:52:03,,,
2812,u_0758,s_00578,api_request,2026-08-07 11:52:07,,666,1
2813,u_0758,s_00578,view_movie_card,2026-08-07 11:52:22,m_0401,,
2814,u_0758,s_00578,view_movie_card,2026-08-07 11:52:25,m_0391,,
2815,u_0758,s_00578,add_favorite,2026-08-07 11:52:33,m_0391,,
2816,u_0460,s_00579,session_start,2026-08-25 16:42:00,,,
2817,u_0460,s_00579,search,2026-08-25 16:42:13,,,
2818,u_0460,s_00579,api_request,2026-08-25 16:42:15,,3655,1
2819,u_0460,s_00579,random_pick,2026-08-25 16:42:16,,,
2820,u_0460,s_00579,view_movie_card,2026-08-25 16:42:34,m_0377,,
2821,u_0460,s_00579,view_movie_card,2026-08-25 16:42:29,m_0444,,
2822,u_0460,s_00579,add_favorite,2026-08-25 16:42:30,m_0444,,
2823,u_0460,s_00579,view_movie_card,2026-08-25 16:42:57,m_0288,,
2824,u_0460,s_00579,view_movie_card,2026-08-25 16:42:43,m_0099,,
2825,u_0055,s_00580,session_start,2026-08-18 18:48:00,,,
2826,u_0488,s_00581,session_start,2026-08-17 12:48:00,,,
2827,u_0488,s_00581,search,2026-08-17 12:48:02,,,
2828,u_0488,s_00581,api_request,2026-08-17 12:48:03,,4656,1
2829,u_0488,s_00581,view_movie_card,2026-08-17 12:48:15,m_0425,,
2830,u_0087,s_00582,session_start,2026-08-29 18:28:00,,,
2831,u_0087,s_00582,search,2026-08-29 18:28:11,,,
2832,u_0087,s_00582,api_request,2026-08-29 18:28:13,,668,1
2833,u_0087,s_00582,random_pick,2026-08-29 18:28:15,,,
2834,u_0087,s_00582,view_movie_card,2026-08-29 18:28:31,m_0013,,
2835,u_0087,s_00582,view_movie_card,2026-08-29 18:28:43,m_0196,,
2836,u_0087,s_00582,view_movie_card,2026-08-29 18:28:37,m_0051,,
2837,u_0087,s_00582,view_movie_card,2026-08-29 18:29:09,m_0074,,
2838,u_0087,s_00582,add_favorite,2026-08-29 18:29:11,m_0074,,
2839,u_0087,s_00582,view_movie_card,2026-08-29 18:28:58,m_0158,,
2840,u_0630,s_00583,session_start,2026-08-22 11:03:00,,,
2841,u_0060,s_00584,session_start,2026-08-06 09:45:00,,,
2842,u_0060,s_00584,search,2026-08-06 09:45:03,,,
2843,u_0060,s_00584,api_request,2026-08-06 09:45:05,,2955,1
2844,u_0060,s_00584,view_movie_card,2026-08-06 09:45:11,m_0104,,
2845,u_0060,s_00584,view_movie_card,2026-08-06 09:45:29,m_0253,,
2846,u_0060,s_00584,view_movie_card,2026-08-06 09:45:56,m_0487,,
2847,u_0060,s_00584,add_favorite,2026-08-06 09:45:57,m_0487,,
2848,u_0060,s_00584,view_movie_card,2026-08-06 09:46:05,m_0238,,
2849,u_0060,s_00584,view_movie_card,2026-08-06 09:45:40,m_0248,,
2850,u_0060,s_00584,add_favorite,2026-08-06 09:45:44,m_0248,,
2851,u_0276,s_00585,session_start,2026-08-30 23:01:00,,,
2852,u_0276,s_00585,search,2026-08-30 23:01:11,,,
2853,u_0276,s_00585,api_request,2026-08-30 23:01:16,,4844,1
2854,u_0276,s_00585,view_movie_card,2026-08-30 23:01:35,m_0043,,
2855,u_0146,s_00586,session_start,2026-08-17 12:50:00,,,
2856,u_0146,s_00586,search,2026-08-17 12:50:04,,,
2857,u_0146,s_00586,api_request,2026-08-17 12:50:06,,3771,1
2858,u_0002,s_00587,session_start,2026-08-18 16:02:00,,,
2859,u_0002,s_00587,search,2026-08-18 16:02:15,,,
2860,u_0002,s_00587,api_request,2026-08-18 16:02:20,,1671,1
2861,u_0002,s_00587,view_movie_card,2026-08-18 16:02:33,m_0430,,
2862,u_0002,s_00587,view_movie_card,2026-08-18 16:02:52,m_0432,,
2863,u_0002,s_00587,view_movie_card,2026-08-18 16:03:02,m_0024,,
2864,u_0002,s_00587,add_favorite,2026-08-18 16:03:04,m_0024,,
2865,u_0002,s_00587,view_movie_card,2026-08-18 16:03:16,m_0046,,
2866,u_0002,s_00587,view_movie_card,2026-08-18 16:03:00,m_0426,,
2867,u_0002,s_00587,add_favorite,2026-08-18 16:03:05,m_0426,,
2868,u_0626,s_00588,session_start,2026-08-29 15:13:00,,,
2869,u_0626,s_00588,search,2026-08-29 15:13:14,,,
2870,u_0626,s_00588,api_request,2026-08-29 15:13:16,,3106,1
2871,u_0626,s_00588,view_movie_card,2026-08-29 15:13:29,m_0126,,
2872,u_0626,s_00588,view_movie_card,2026-08-29 15:13:46,m_0175,,
2873,u_0626,s_00588,add_favorite,2026-08-29 15:13:52,m_0175,,
2874,u_0626,s_00588,view_movie_card,2026-08-29 15:13:31,m_0468,,
2875,u_0626,s_00588,view_movie_card,2026-08-29 15:13:36,m_0312,,
2876,u_0626,s_00588,view_movie_card,2026-08-29 15:13:41,m_0345,,
2877,u_0626,s_00588,add_favorite,2026-08-29 15:13:49,m_0345,,
2878,u_0084,s_00589,session_start,2026-08-25 15:34:00,,,
2879,u_0084,s_00589,search,2026-08-25 15:34:12,,,
2880,u_0084,s_00589,api_request,2026-08-25 15:34:17,,553,1
2881,u_0689,s_00590,session_start,2026-08-27 19:28:00,,,
2882,u_0689,s_00590,search,2026-08-27 19:28:15,,,
2883,u_0689,s_00590,api_request,2026-08-27 19:28:18,,3232,1
2884,u_0689,s_00590,view_movie_card,2026-08-27 19:28:23,m_0064,,
2885,u_0689,s_00590,view_movie_card,2026-08-27 19:28:40,m_0228,,
2886,u_0689,s_00590,add_favorite,2026-08-27 19:28:41,m_0228,,
2887,u_0689,s_00590,view_movie_card,2026-08-27 19:28:57,m_0349,,
2888,u_0689,s_00590,view_movie_card,2026-08-27 19:29:22,m_0099,,
2889,u_0689,s_00590,add_favorite,2026-08-27 19:29:27,m_0099,,
2890,u_0240,s_00591,session_start,2026-08-26 20:14:00,,,
2891,u_0505,s_00592,session_start,2026-08-12 09:17:00,,,
2892,u_0008,s_00593,session_start,2026-08-23 18:13:00,,,
2893,u_0008,s_00593,search,2026-08-23 18:13:15,,,
2894,u_0008,s_00593,api_request,2026-08-23 18:13:20,,2572,1
2895,u_0008,s_00593,view_movie_card,2026-08-23 18:13:30,m_0034,,
2896,u_0008,s_00593,view_movie_card,2026-08-23 18:13:34,m_0066,,
2897,u_0536,s_00594,session_start,2026-08-19 22:14:00,,,
2898,u_0536,s_00594,search,2026-08-19 22:14:06,,,
2899,u_0536,s_00594,api_request,2026-08-19 22:14:07,,489,1
2900,u_0630,s_00595,session_start,2026-08-23 19:34:00,,,
2901,u_0630,s_00595,search,2026-08-23 19:34:10,,,
2902,u_0630,s_00595,api_request,2026-08-23 19:34:13,,6498,0
2903,u_0630,s_00595,error_shown,2026-08-23 19:34:14,,,
2904,u_0054,s_00596,session_start,2026-08-21 19:41:00,,,
2905,u_0054,s_00596,search,2026-08-21 19:41:07,,,
2906,u_0054,s_00596,api_request,2026-08-21 19:41:10,,3633,1
2907,u_0054,s_00596,view_movie_card,2026-08-21 19:41:26,m_0265,,
2908,u_0054,s_00596,view_movie_card,2026-08-21 19:41:34,m_0025,,
2909,u_0054,s_00596,view_movie_card,2026-08-21 19:42:04,m_0273,,
2910,u_0343,s_00597,session_start,2026-08-01 15:12:00,,,
2911,u_0343,s_00597,search,2026-08-01 15:12:11,,,
2912,u_0343,s_00597,api_request,2026-08-01 15:12:11,,2148,1
2913,u_0256,s_00598,session_start,2026-08-14 10:58:00,,,
2914,u_0256,s_00598,search,2026-08-14 10:58:07,,,
2915,u_0256,s_00598,api_request,2026-08-14 10:58:09,,1092,1
2916,u_0256,s_00598,random_pick,2026-08-14 10:58:12,,,
2917,u_0256,s_00598,view_movie_card,2026-08-14 10:58:22,m_0127,,
2918,u_0256,s_00598,add_favorite,2026-08-14 10:58:26,m_0127,,
2919,u_0256,s_00598,view_movie_card,2026-08-14 10:58:39,m_0427,,
2920,u_0256,s_00598,add_favorite,2026-08-14 10:58:45,m_0427,,
2921,u_0075,s_00599,session_start,2026-08-17 21:15:00,,,
2922,u_0075,s_00599,search,2026-08-17 21:15:11,,,
2923,u_0075,s_00599,api_request,2026-08-17 21:15:14,,3957,1
2924,u_0075,s_00599,random_pick,2026-08-17 21:15:15,,,
2925,u_0075,s_00599,view_movie_card,2026-08-17 21:15:31,m_0161,,
2926,u_0131,s_00600,session_start,2026-08-23 10:50:00,,,
2927,u_0131,s_00600,search,2026-08-23 10:50:14,,,
2928,u_0131,s_00600,api_request,2026-08-23 10:50:17,,8003,0
2929,u_0131,s_00600,error_shown,2026-08-23 10:50:17,,,
2930,u_0105,s_00601,session_start,2026-08-21 15:04:00,,,
2931,u_0105,s_00601,search,2026-08-21 15:04:10,,,
2932,u_0105,s_00601,api_request,2026-08-21 15:04:10,,3424,1
2933,u_0105,s_00601,view_movie_card,2026-08-21 15:04:15,m_0233,,
2934,u_0105,s_00601,view_movie_card,2026-08-21 15:04:46,m_0451,,
2935,u_0692,s_00602,session_start,2026-08-04 14:41:00,,,
2936,u_0692,s_00602,search,2026-08-04 14:41:09,,,
2937,u_0692,s_00602,api_request,2026-08-04 14:41:13,,1876,1
2938,u_0692,s_00602,view_movie_card,2026-08-04 14:41:24,m_0464,,
2939,u_0364,s_00603,session_start,2026-08-21 17:16:00,,,
2940,u_0364,s_00603,search,2026-08-21 17:16:13,,,
2941,u_0364,s_00603,api_request,2026-08-21 17:16:18,,2291,1
2942,u_0364,s_00603,random_pick,2026-08-21 17:16:23,,,
2943,u_0364,s_00603,view_movie_card,2026-08-21 17:16:36,m_0263,,
2944,u_0598,s_00604,session_start,2026-08-25 14:19:00,,,
2945,u_0598,s_00604,search,2026-08-25 14:19:14,,,
2946,u_0598,s_00604,api_request,2026-08-25 14:19:15,,2828,1
2947,u_0598,s_00604,view_movie_card,2026-08-25 14:19:24,m_0030,,
2948,u_0880,s_00605,session_start,2026-08-27 22:35:00,,,
2949,u_0880,s_00605,search,2026-08-27 22:35:07,,,
2950,u_0880,s_00605,api_request,2026-08-27 22:35:08,,1948,1
2951,u_0488,s_00606,session_start,2026-08-11 12:42:00,,,
2952,u_0488,s_00606,search,2026-08-11 12:42:09,,,
2953,u_0488,s_00606,api_request,2026-08-11 12:42:14,,5038,1
2954,u_0488,s_00606,random_pick,2026-08-11 12:42:17,,,
2955,u_0488,s_00606,view_movie_card,2026-08-11 12:42:24,m_0054,,
2956,u_0508,s_00607,session_start,2026-08-26 23:02:00,,,
2957,u_0508,s_00607,search,2026-08-26 23:02:02,,,
2958,u_0508,s_00607,api_request,2026-08-26 23:02:07,,2186,1
2959,u_0508,s_00607,view_movie_card,2026-08-26 23:02:22,m_0414,,
2960,u_0846,s_00608,session_start,2026-08-07 15:11:00,,,
2961,u_0367,s_00609,session_start,2026-08-12 09:04:00,,,
2962,u_0367,s_00609,search,2026-08-12 09:04:03,,,
2963,u_0367,s_00609,api_request,2026-08-12 09:04:04,,1892,1
2964,u_0367,s_00609,view_movie_card,2026-08-12 09:04:09,m_0102,,
2965,u_0367,s_00609,add_favorite,2026-08-12 09:04:12,m_0102,,
2966,u_0367,s_00609,view_movie_card,2026-08-12 09:04:28,m_0454,,
2967,u_0367,s_00609,view_movie_card,2026-08-12 09:04:34,m_0174,,
2968,u_0367,s_00609,view_movie_card,2026-08-12 09:04:52,m_0092,,
2969,u_0367,s_00609,add_favorite,2026-08-12 09:04:55,m_0092,,
2970,u_0104,s_00610,session_start,2026-08-27 13:58:00,,,
2971,u_0104,s_00610,search,2026-08-27 13:58:12,,,
2972,u_0104,s_00610,api_request,2026-08-27 13:58:13,,1209,1
2973,u_0104,s_00610,view_movie_card,2026-08-27 13:58:29,m_0415,,
2974,u_0639,s_00611,session_start,2026-08-06 17:51:00,,,
2975,u_0639,s_00611,search,2026-08-06 17:51:13,,,
2976,u_0639,s_00611,api_request,2026-08-06 17:51:13,,1371,1
2977,u_0712,s_00612,session_start,2026-08-07 17:24:00,,,
2978,u_0712,s_00612,search,2026-08-07 17:24:11,,,
2979,u_0712,s_00612,api_request,2026-08-07 17:24:14,,2303,1
2980,u_0194,s_00613,session_start,2026-08-25 18:37:00,,,
2981,u_0194,s_00613,search,2026-08-25 18:37:06,,,
2982,u_0194,s_00613,api_request,2026-08-25 18:37:07,,736,1
2983,u_0194,s_00613,random_pick,2026-08-25 18:37:12,,,
2984,u_0194,s_00613,view_movie_card,2026-08-25 18:37:27,m_0108,,
2985,u_0680,s_00614,session_start,2026-08-26 16:50:00,,,
2986,u_0680,s_00614,search,2026-08-26 16:50:04,,,
2987,u_0680,s_00614,api_request,2026-08-26 16:50:08,,4471,1
2988,u_0680,s_00614,random_pick,2026-08-26 16:50:11,,,
2989,u_0680,s_00614,view_movie_card,2026-08-26 16:50:28,m_0367,,
2990,u_0680,s_00614,view_movie_card,2026-08-26 16:50:48,m_0138,,
2991,u_0598,s_00615,session_start,2026-08-21 23:50:00,,,
2992,u_0598,s_00615,search,2026-08-21 23:50:05,,,
2993,u_0598,s_00615,api_request,2026-08-21 23:50:06,,4003,1
2994,u_0436,s_00616,session_start,2026-08-13 12:19:00,,,
2995,u_0436,s_00616,search,2026-08-13 12:19:11,,,
2996,u_0436,s_00616,api_request,2026-08-13 12:19:12,,3364,1
2997,u_0436,s_00616,view_movie_card,2026-08-13 12:19:26,m_0228,,
2998,u_0477,s_00617,session_start,2026-08-08 18:02:00,,,
2999,u_0477,s_00617,search,2026-08-08 18:02:07,,,
3000,u_0477,s_00617,api_request,2026-08-08 18:02:10,,3843,1
3001,u_0477,s_00617,random_pick,2026-08-08 18:02:14,,,
3002,u_0477,s_00617,view_movie_card,2026-08-08 18:02:15,m_0092,,
3003,u_0477,s_00617,view_movie_card,2026-08-08 18:02:36,m_0331,,
3004,u_0477,s_00617,add_favorite,2026-08-08 18:02:38,m_0331,,
3005,u_0477,s_00617,view_movie_card,2026-08-08 18:02:52,m_0432,,
3006,u_0805,s_00618,session_start,2026-08-18 19:05:00,,,
3007,u_0805,s_00618,search,2026-08-18 19:05:05,,,
3008,u_0805,s_00618,api_request,2026-08-18 19:05:06,,3251,1
3009,u_0805,s_00618,random_pick,2026-08-18 19:05:09,,,
3010,u_0805,s_00618,view_movie_card,2026-08-18 19:05:19,m_0155,,
3011,u_0282,s_00619,session_start,2026-08-25 19:54:00,,,
3012,u_0282,s_00619,search,2026-08-25 19:54:11,,,
3013,u_0282,s_00619,api_request,2026-08-25 19:54:12,,4749,1
3014,u_0289,s_00620,session_start,2026-08-01 21:19:00,,,
3015,u_0289,s_00620,search,2026-08-01 21:19:14,,,
3016,u_0289,s_00620,api_request,2026-08-01 21:19:17,,5050,1
3017,u_0289,s_00620,view_movie_card,2026-08-01 21:19:26,m_0444,,
3018,u_0215,s_00621,session_start,2026-08-08 20:47:00,,,
3019,u_0215,s_00621,search,2026-08-08 20:47:10,,,
3020,u_0215,s_00621,api_request,2026-08-08 20:47:15,,4139,1
3021,u_0215,s_00621,view_movie_card,2026-08-08 20:47:30,m_0434,,
3022,u_0215,s_00621,add_favorite,2026-08-08 20:47:37,m_0434,,
3023,u_0215,s_00621,view_movie_card,2026-08-08 20:47:37,m_0225,,
3024,u_0143,s_00622,session_start,2026-08-18 09:23:00,,,
3025,u_0143,s_00622,search,2026-08-18 09:23:04,,,
3026,u_0143,s_00622,api_request,2026-08-18 09:23:06,,379,1
3027,u_0143,s_00622,view_movie_card,2026-08-18 09:23:18,m_0215,,
3028,u_0143,s_00622,view_movie_card,2026-08-18 09:23:40,m_0391,,
3029,u_0143,s_00622,view_movie_card,2026-08-18 09:23:48,m_0167,,
3030,u_0143,s_00623,session_start,2026-08-19 21:02:00,,,
3031,u_0143,s_00623,search,2026-08-19 21:02:07,,,
3032,u_0143,s_00623,api_request,2026-08-19 21:02:11,,5001,1
3033,u_0066,s_00624,session_start,2026-08-13 12:25:00,,,
3034,u_0066,s_00624,search,2026-08-13 12:25:05,,,
3035,u_0066,s_00624,api_request,2026-08-13 12:25:09,,4965,1
3036,u_0096,s_00625,session_start,2026-08-21 23:19:00,,,
3037,u_0096,s_00625,search,2026-08-21 23:19:12,,,
3038,u_0096,s_00625,api_request,2026-08-21 23:19:16,,4302,1
3039,u_0096,s_00625,view_movie_card,2026-08-21 23:19:33,m_0146,,
3040,u_0096,s_00625,add_favorite,2026-08-21 23:19:38,m_0146,,
3041,u_0466,s_00626,session_start,2026-08-22 17:04:00,,,
3042,u_0466,s_00626,search,2026-08-22 17:04:10,,,
3043,u_0466,s_00626,api_request,2026-08-22 17:04:10,,3665,1
3044,u_0466,s_00626,random_pick,2026-08-22 17:04:14,,,
3045,u_0466,s_00626,view_movie_card,2026-08-22 17:04:30,m_0381,,
3046,u_0466,s_00626,add_favorite,2026-08-22 17:04:34,m_0381,,
3047,u_0466,s_00626,view_movie_card,2026-08-22 17:04:28,m_0446,,
3048,u_0466,s_00626,add_favorite,2026-08-22 17:04:35,m_0446,,
3049,u_0466,s_00626,view_movie_card,2026-08-22 17:05:10,m_0082,,
3050,u_0466,s_00626,view_movie_card,2026-08-22 17:05:06,m_0301,,
3051,u_0466,s_00626,add_favorite,2026-08-22 17:05:14,m_0301,,
3052,u_0466,s_00626,view_movie_card,2026-08-22 17:05:15,m_0104,,
3053,u_0466,s_00626,add_favorite,2026-08-22 17:05:18,m_0104,,
3054,u_0409,s_00627,session_start,2026-08-15 10:52:00,,,
3055,u_0409,s_00627,search,2026-08-15 10:52:05,,,
3056,u_0409,s_00627,api_request,2026-08-15 10:52:09,,4963,1
3057,u_0041,s_00628,session_start,2026-08-15 16:36:00,,,
3058,u_0041,s_00628,search,2026-08-15 16:36:06,,,
3059,u_0041,s_00628,api_request,2026-08-15 16:36:11,,4038,1
3060,u_0041,s_00628,view_movie_card,2026-08-15 16:36:28,m_0314,,
3061,u_0041,s_00628,view_movie_card,2026-08-15 16:36:31,m_0213,,
3062,u_0041,s_00628,view_movie_card,2026-08-15 16:37:05,m_0235,,
3063,u_0041,s_00628,view_movie_card,2026-08-15 16:36:51,m_0358,,
3064,u_0246,s_00629,session_start,2026-08-13 20:02:00,,,
3065,u_0246,s_00629,search,2026-08-13 20:02:04,,,
3066,u_0246,s_00629,api_request,2026-08-13 20:02:06,,4705,1
3067,u_0246,s_00629,view_movie_card,2026-08-13 20:02:17,m_0466,,
3068,u_0246,s_00629,view_movie_card,2026-08-13 20:02:22,m_0189,,
3069,u_0246,s_00629,add_favorite,2026-08-13 20:02:24,m_0189,,
3070,u_0246,s_00629,view_movie_card,2026-08-13 20:02:51,m_0210,,
3071,u_0246,s_00629,view_movie_card,2026-08-13 20:02:58,m_0107,,
3072,u_0655,s_00630,session_start,2026-08-15 09:04:00,,,
3073,u_0655,s_00630,search,2026-08-15 09:04:13,,,
3074,u_0655,s_00630,api_request,2026-08-15 09:04:16,,3571,1
3075,u_0257,s_00631,session_start,2026-08-13 09:00:00,,,
3076,u_0257,s_00631,search,2026-08-13 09:00:04,,,
3077,u_0257,s_00631,api_request,2026-08-13 09:00:06,,4103,1
3078,u_0257,s_00631,view_movie_card,2026-08-13 09:00:18,m_0366,,
3079,u_0286,s_00632,session_start,2026-08-05 16:52:00,,,
3080,u_0286,s_00632,search,2026-08-05 16:52:04,,,
3081,u_0286,s_00632,api_request,2026-08-05 16:52:04,,1751,1
3082,u_0286,s_00632,view_movie_card,2026-08-05 16:52:11,m_0344,,
3083,u_0286,s_00632,view_movie_card,2026-08-05 16:52:30,m_0079,,
3084,u_0036,s_00633,session_start,2026-08-06 12:45:00,,,
3085,u_0036,s_00633,search,2026-08-06 12:45:10,,,
3086,u_0036,s_00633,api_request,2026-08-06 12:45:11,,691,1
3087,u_0679,s_00634,session_start,2026-08-26 17:41:00,,,
3088,u_0679,s_00634,search,2026-08-26 17:41:03,,,
3089,u_0679,s_00634,api_request,2026-08-26 17:41:06,,3937,1
3090,u_0679,s_00634,view_movie_card,2026-08-26 17:41:17,m_0476,,
3091,u_0094,s_00635,session_start,2026-08-30 12:12:00,,,
3092,u_0094,s_00635,search,2026-08-30 12:12:02,,,
3093,u_0094,s_00635,api_request,2026-08-30 12:12:02,,1874,1
3094,u_0094,s_00635,view_movie_card,2026-08-30 12:12:10,m_0409,,
3095,u_0172,s_00636,session_start,2026-08-22 11:46:00,,,
3096,u_0172,s_00636,search,2026-08-22 11:46:10,,,
3097,u_0172,s_00636,api_request,2026-08-22 11:46:11,,2943,1
3098,u_0172,s_00636,random_pick,2026-08-22 11:46:16,,,
3099,u_0172,s_00636,view_movie_card,2026-08-22 11:46:28,m_0481,,
3100,u_0366,s_00637,session_start,2026-08-08 12:06:00,,,
3101,u_0366,s_00637,search,2026-08-08 12:06:02,,,
3102,u_0366,s_00637,api_request,2026-08-08 12:06:05,,398,1
3103,u_0366,s_00637,random_pick,2026-08-08 12:06:08,,,
3104,u_0366,s_00637,view_movie_card,2026-08-08 12:06:21,m_0023,,
3105,u_0366,s_00637,add_favorite,2026-08-08 12:06:25,m_0023,,
3106,u_0366,s_00637,view_movie_card,2026-08-08 12:06:41,m_0155,,
3107,u_0550,s_00638,session_start,2026-08-16 10:45:00,,,
3108,u_0550,s_00638,search,2026-08-16 10:45:15,,,
3109,u_0550,s_00638,api_request,2026-08-16 10:45:19,,1076,1
3110,u_0550,s_00638,view_movie_card,2026-08-16 10:45:28,m_0171,,
3111,u_0550,s_00638,add_favorite,2026-08-16 10:45:34,m_0171,,
3112,u_0550,s_00638,view_movie_card,2026-08-16 10:45:59,m_0035,,
3113,u_0550,s_00638,view_movie_card,2026-08-16 10:46:16,m_0196,,
3114,u_0550,s_00638,view_movie_card,2026-08-16 10:46:07,m_0258,,
3115,u_0550,s_00638,view_movie_card,2026-08-16 10:45:44,m_0120,,
3116,u_0550,s_00638,add_favorite,2026-08-16 10:45:46,m_0120,,
3117,u_0439,s_00639,session_start,2026-08-10 12:47:00,,,
3118,u_0439,s_00639,search,2026-08-10 12:47:11,,,
3119,u_0439,s_00639,api_request,2026-08-10 12:47:11,,6068,0
3120,u_0439,s_00639,error_shown,2026-08-10 12:47:11,,,
3121,u_0156,s_00640,session_start,2026-08-16 13:12:00,,,
3122,u_0156,s_00640,search,2026-08-16 13:12:12,,,
3123,u_0156,s_00640,api_request,2026-08-16 13:12:12,,5199,1
3124,u_0337,s_00641,session_start,2026-08-15 20:56:00,,,
3125,u_0337,s_00641,search,2026-08-15 20:56:07,,,
3126,u_0337,s_00641,api_request,2026-08-15 20:56:12,,624,1
3127,u_0337,s_00641,view_movie_card,2026-08-15 20:56:26,m_0385,,
3128,u_0337,s_00641,add_favorite,2026-08-15 20:56:32,m_0385,,
3129,u_0337,s_00641,view_movie_card,2026-08-15 20:56:42,m_0125,,
3130,u_0337,s_00641,add_favorite,2026-08-15 20:56:43,m_0125,,
3131,u_0337,s_00641,view_movie_card,2026-08-15 20:56:48,m_0411,,
3132,u_0337,s_00641,view_movie_card,2026-08-15 20:57:00,m_0312,,
3133,u_0337,s_00641,view_movie_card,2026-08-15 20:57:27,m_0094,,
3134,u_0504,s_00642,session_start,2026-08-01 10:55:00,,,
3135,u_0504,s_00642,search,2026-08-01 10:55:05,,,
3136,u_0504,s_00642,api_request,2026-08-01 10:55:05,,1459,1
3137,u_0607,s_00643,session_start,2026-08-05 10:11:00,,,
3138,u_0607,s_00643,search,2026-08-05 10:11:14,,,
3139,u_0607,s_00643,api_request,2026-08-05 10:11:15,,940,1
3140,u_0607,s_00643,random_pick,2026-08-05 10:11:17,,,
3141,u_0607,s_00643,view_movie_card,2026-08-05 10:11:27,m_0218,,
3142,u_0607,s_00643,add_favorite,2026-08-05 10:11:31,m_0218,,
3143,u_0607,s_00643,view_movie_card,2026-08-05 10:11:43,m_0147,,
3144,u_0884,s_00644,session_start,2026-08-21 12:17:00,,,
3145,u_0884,s_00644,search,2026-08-21 12:17:03,,,
3146,u_0884,s_00644,api_request,2026-08-21 12:17:06,,1674,1
3147,u_0884,s_00644,view_movie_card,2026-08-21 12:17:24,m_0390,,
3148,u_0884,s_00644,add_favorite,2026-08-21 12:17:32,m_0390,,
3149,u_0884,s_00644,view_movie_card,2026-08-21 12:17:16,m_0391,,
3150,u_0308,s_00645,session_start,2026-08-28 10:48:00,,,
3151,u_0308,s_00645,search,2026-08-28 10:48:04,,,
3152,u_0308,s_00645,api_request,2026-08-28 10:48:08,,2407,1
3153,u_0308,s_00645,random_pick,2026-08-28 10:48:13,,,
3154,u_0308,s_00645,view_movie_card,2026-08-28 10:48:28,m_0037,,
3155,u_0159,s_00646,session_start,2026-08-23 16:12:00,,,
3156,u_0513,s_00647,session_start,2026-08-01 09:55:00,,,
3157,u_0513,s_00647,search,2026-08-01 09:55:07,,,
3158,u_0513,s_00647,api_request,2026-08-01 09:55:11,,3706,1
3159,u_0502,s_00648,session_start,2026-08-24 14:24:00,,,
3160,u_0502,s_00648,search,2026-08-24 14:24:11,,,
3161,u_0502,s_00648,api_request,2026-08-24 14:24:11,,618,1
3162,u_0580,s_00649,session_start,2026-08-04 15:59:00,,,
3163,u_0580,s_00649,search,2026-08-04 15:59:14,,,
3164,u_0580,s_00649,api_request,2026-08-04 15:59:17,,3155,1
3165,u_0580,s_00649,view_movie_card,2026-08-04 15:59:23,m_0334,,
3166,u_0580,s_00649,view_movie_card,2026-08-04 15:59:53,m_0377,,
3167,u_0833,s_00650,session_start,2026-08-16 09:58:00,,,
3168,u_0833,s_00650,search,2026-08-16 09:58:13,,,
3169,u_0833,s_00650,api_request,2026-08-16 09:58:18,,8453,0
3170,u_0833,s_00650,error_shown,2026-08-16 09:58:18,,,
3171,u_0620,s_00651,session_start,2026-08-21 11:16:00,,,
3172,u_0620,s_00651,search,2026-08-21 11:16:12,,,
3173,u_0620,s_00651,api_request,2026-08-21 11:16:13,,5037,1
3174,u_0120,s_00652,session_start,2026-08-27 11:00:00,,,
3175,u_0120,s_00652,search,2026-08-27 11:00:12,,,
3176,u_0120,s_00652,api_request,2026-08-27 11:00:15,,5101,1
3177,u_0194,s_00653,session_start,2026-08-03 17:58:00,,,
3178,u_0194,s_00653,search,2026-08-03 17:58:04,,,
3179,u_0194,s_00653,api_request,2026-08-03 17:58:07,,2775,1
3180,u_0194,s_00653,view_movie_card,2026-08-03 17:58:21,m_0376,,
3181,u_0194,s_00653,view_movie_card,2026-08-03 17:58:21,m_0056,,
3182,u_0834,s_00654,session_start,2026-08-25 21:22:00,,,
3183,u_0834,s_00654,search,2026-08-25 21:22:13,,,
3184,u_0834,s_00654,api_request,2026-08-25 21:22:14,,3560,1
3185,u_0834,s_00654,random_pick,2026-08-25 21:22:18,,,
3186,u_0834,s_00654,view_movie_card,2026-08-25 21:22:19,m_0050,,
3187,u_0834,s_00654,add_favorite,2026-08-25 21:22:26,m_0050,,
3188,u_0296,s_00655,session_start,2026-08-17 15:41:00,,,
3189,u_0296,s_00655,search,2026-08-17 15:41:04,,,
3190,u_0296,s_00655,api_request,2026-08-17 15:41:05,,1400,1
3191,u_0296,s_00655,view_movie_card,2026-08-17 15:41:24,m_0291,,
3192,u_0768,s_00656,session_start,2026-08-06 12:03:00,,,
3193,u_0768,s_00656,search,2026-08-06 12:03:14,,,
3194,u_0768,s_00656,api_request,2026-08-06 12:03:15,,3648,1
3195,u_0768,s_00656,random_pick,2026-08-06 12:03:17,,,
3196,u_0768,s_00656,view_movie_card,2026-08-06 12:03:22,m_0151,,
3197,u_0768,s_00656,add_favorite,2026-08-06 12:03:24,m_0151,,
3198,u_0768,s_00656,view_movie_card,2026-08-06 12:03:41,m_0033,,
3199,u_0768,s_00656,view_movie_card,2026-08-06 12:03:51,m_0245,,
3200,u_0768,s_00656,view_movie_card,2026-08-06 12:03:47,m_0005,,
3201,u_0768,s_00656,add_favorite,2026-08-06 12:03:48,m_0005,,
3202,u_0043,s_00657,session_start,2026-08-22 18:50:00,,,
3203,u_0043,s_00657,search,2026-08-22 18:50:10,,,
3204,u_0043,s_00657,api_request,2026-08-22 18:50:10,,4560,1
3205,u_0498,s_00658,session_start,2026-08-25 13:59:00,,,
3206,u_0498,s_00658,search,2026-08-25 13:59:07,,,
3207,u_0498,s_00658,api_request,2026-08-25 13:59:12,,3337,1
3208,u_0498,s_00658,random_pick,2026-08-25 13:59:14,,,
3209,u_0498,s_00658,view_movie_card,2026-08-25 13:59:28,m_0341,,
3210,u_0895,s_00659,session_start,2026-08-20 09:22:00,,,
3211,u_0895,s_00659,search,2026-08-20 09:22:03,,,
3212,u_0895,s_00659,api_request,2026-08-20 09:22:03,,3591,1
3213,u_0895,s_00659,random_pick,2026-08-20 09:22:08,,,
3214,u_0895,s_00659,view_movie_card,2026-08-20 09:22:11,m_0445,,
3215,u_0895,s_00659,view_movie_card,2026-08-20 09:22:27,m_0189,,
3216,u_0895,s_00659,view_movie_card,2026-08-20 09:23:03,m_0264,,
3217,u_0895,s_00659,view_movie_card,2026-08-20 09:22:47,m_0002,,
3218,u_0649,s_00660,session_start,2026-08-27 14:01:00,,,
3219,u_0649,s_00660,search,2026-08-27 14:01:02,,,
3220,u_0649,s_00660,api_request,2026-08-27 14:01:04,,2213,1
3221,u_0649,s_00660,view_movie_card,2026-08-27 14:01:11,m_0179,,
3222,u_0649,s_00660,view_movie_card,2026-08-27 14:01:44,m_0338,,
3223,u_0395,s_00661,session_start,2026-08-29 10:46:00,,,
3224,u_0395,s_00661,search,2026-08-29 10:46:05,,,
3225,u_0395,s_00661,api_request,2026-08-29 10:46:06,,4984,1
3226,u_0131,s_00662,session_start,2026-08-23 17:02:00,,,
3227,u_0131,s_00662,search,2026-08-23 17:02:03,,,
3228,u_0131,s_00662,api_request,2026-08-23 17:02:05,,4795,1
3229,u_0457,s_00663,session_start,2026-08-15 11:57:00,,,
3230,u_0247,s_00664,session_start,2026-08-16 19:34:00,,,
3231,u_0247,s_00664,search,2026-08-16 19:34:04,,,
3232,u_0247,s_00664,api_request,2026-08-16 19:34:09,,1164,1
3233,u_0247,s_00664,random_pick,2026-08-16 19:34:12,,,
3234,u_0247,s_00664,view_movie_card,2026-08-16 19:34:26,m_0393,,
3235,u_0247,s_00664,view_movie_card,2026-08-16 19:34:35,m_0341,,
3236,u_0247,s_00664,view_movie_card,2026-08-16 19:34:33,m_0341,,
3237,u_0247,s_00664,add_favorite,2026-08-16 19:34:41,m_0341,,
3238,u_0341,s_00665,session_start,2026-08-03 21:44:00,,,
3239,u_0341,s_00665,search,2026-08-03 21:44:11,,,
3240,u_0341,s_00665,api_request,2026-08-03 21:44:16,,3111,1
3241,u_0341,s_00665,view_movie_card,2026-08-03 21:44:33,m_0335,,
3242,u_0341,s_00665,view_movie_card,2026-08-03 21:44:52,m_0414,,
3243,u_0341,s_00665,view_movie_card,2026-08-03 21:44:55,m_0060,,
3244,u_0759,s_00666,session_start,2026-08-04 10:21:00,,,
3245,u_0759,s_00666,search,2026-08-04 10:21:05,,,
3246,u_0759,s_00666,api_request,2026-08-04 10:21:06,,1343,1
3247,u_0002,s_00667,session_start,2026-08-13 18:47:00,,,
3248,u_0002,s_00667,search,2026-08-13 18:47:11,,,
3249,u_0002,s_00667,api_request,2026-08-13 18:47:15,,3479,1
3250,u_0817,s_00668,session_start,2026-08-11 21:23:00,,,
3251,u_0817,s_00668,search,2026-08-11 21:23:14,,,
3252,u_0817,s_00668,api_request,2026-08-11 21:23:15,,5139,1
3253,u_0817,s_00668,view_movie_card,2026-08-11 21:23:34,m_0162,,
3254,u_0817,s_00668,add_favorite,2026-08-11 21:23:39,m_0162,,
3255,u_0817,s_00668,view_movie_card,2026-08-11 21:23:39,m_0256,,
3256,u_0150,s_00669,session_start,2026-08-05 18:18:00,,,
3257,u_0150,s_00669,search,2026-08-05 18:18:15,,,
3258,u_0150,s_00669,api_request,2026-08-05 18:18:20,,5622,0
3259,u_0150,s_00669,error_shown,2026-08-05 18:18:21,,,
3260,u_0127,s_00670,session_start,2026-08-10 17:44:00,,,
3261,u_0127,s_00670,search,2026-08-10 17:44:15,,,
3262,u_0127,s_00670,api_request,2026-08-10 17:44:20,,2067,1
3263,u_0127,s_00670,view_movie_card,2026-08-10 17:44:35,m_0079,,
3264,u_0127,s_00670,view_movie_card,2026-08-10 17:44:42,m_0435,,
3265,u_0127,s_00670,view_movie_card,2026-08-10 17:44:56,m_0359,,
3266,u_0184,s_00671,session_start,2026-08-30 22:49:00,,,
3267,u_0184,s_00671,search,2026-08-30 22:49:13,,,
3268,u_0184,s_00671,api_request,2026-08-30 22:49:16,,1604,1
3269,u_0433,s_00672,session_start,2026-08-18 15:21:00,,,
3270,u_0433,s_00672,search,2026-08-18 15:21:07,,,
3271,u_0433,s_00672,api_request,2026-08-18 15:21:10,,4624,1
3272,u_0433,s_00672,view_movie_card,2026-08-18 15:21:27,m_0050,,
3273,u_0433,s_00672,add_favorite,2026-08-18 15:21:28,m_0050,,
3274,u_0312,s_00673,session_start,2026-08-28 23:45:00,,,
3275,u_0312,s_00673,search,2026-08-28 23:45:04,,,
3276,u_0312,s_00673,api_request,2026-08-28 23:45:08,,4252,1
3277,u_0312,s_00673,random_pick,2026-08-28 23:45:10,,,
3278,u_0312,s_00673,view_movie_card,2026-08-28 23:45:13,m_0186,,
3279,u_0805,s_00674,session_start,2026-08-19 10:43:00,,,
3280,u_0696,s_00675,session_start,2026-08-05 15:27:00,,,
3281,u_0696,s_00675,search,2026-08-05 15:27:02,,,
3282,u_0696,s_00675,api_request,2026-08-05 15:27:02,,4181,1
3283,u_0696,s_00675,view_movie_card,2026-08-05 15:27:17,m_0304,,
3284,u_0414,s_00676,session_start,2026-08-05 19:46:00,,,
3285,u_0414,s_00676,search,2026-08-05 19:46:03,,,
3286,u_0414,s_00676,api_request,2026-08-05 19:46:05,,2779,1
3287,u_0414,s_00676,view_movie_card,2026-08-05 19:46:22,m_0398,,
3288,u_0414,s_00676,view_movie_card,2026-08-05 19:46:19,m_0399,,
3289,u_0414,s_00676,view_movie_card,2026-08-05 19:46:56,m_0141,,
3290,u_0414,s_00676,view_movie_card,2026-08-05 19:47:21,m_0189,,
3291,u_0414,s_00676,add_favorite,2026-08-05 19:47:23,m_0189,,
3292,u_0414,s_00676,view_movie_card,2026-08-05 19:46:40,m_0063,,
3293,u_0231,s_00677,session_start,2026-08-22 23:32:00,,,
3294,u_0231,s_00677,search,2026-08-22 23:32:11,,,
3295,u_0231,s_00677,api_request,2026-08-22 23:32:15,,1074,1
3296,u_0661,s_00678,session_start,2026-08-06 15:30:00,,,
3297,u_0661,s_00678,search,2026-08-06 15:30:06,,,
3298,u_0661,s_00678,api_request,2026-08-06 15:30:10,,2964,1
3299,u_0661,s_00678,view_movie_card,2026-08-06 15:30:20,m_0208,,
3300,u_0661,s_00678,view_movie_card,2026-08-06 15:30:20,m_0202,,
3301,u_0661,s_00678,view_movie_card,2026-08-06 15:31:10,m_0033,,
3302,u_0661,s_00678,view_movie_card,2026-08-06 15:30:42,m_0386,,
3303,u_0186,s_00679,session_start,2026-08-22 23:07:00,,,
3304,u_0186,s_00679,search,2026-08-22 23:07:13,,,
3305,u_0186,s_00679,api_request,2026-08-22 23:07:14,,6663,0
3306,u_0186,s_00679,error_shown,2026-08-22 23:07:14,,,
3307,u_0041,s_00680,session_start,2026-08-26 14:07:00,,,
3308,u_0041,s_00680,search,2026-08-26 14:07:05,,,
3309,u_0041,s_00680,api_request,2026-08-26 14:07:10,,4907,1
3310,u_0041,s_00680,random_pick,2026-08-26 14:07:11,,,
3311,u_0041,s_00680,view_movie_card,2026-08-26 14:07:24,m_0187,,
3312,u_0041,s_00680,view_movie_card,2026-08-26 14:07:30,m_0217,,
3313,u_0041,s_00680,view_movie_card,2026-08-26 14:07:25,m_0128,,
3314,u_0301,s_00681,session_start,2026-08-17 23:50:00,,,
3315,u_0301,s_00681,search,2026-08-17 23:50:09,,,
3316,u_0301,s_00681,api_request,2026-08-17 23:50:10,,2863,1
3317,u_0301,s_00681,view_movie_card,2026-08-17 23:50:21,m_0353,,
3318,u_0301,s_00681,add_favorite,2026-08-17 23:50:22,m_0353,,
3319,u_0301,s_00681,view_movie_card,2026-08-17 23:50:34,m_0019,,
3320,u_0301,s_00681,add_favorite,2026-08-17 23:50:39,m_0019,,
3321,u_0301,s_00681,view_movie_card,2026-08-17 23:50:43,m_0491,,
3322,u_0301,s_00681,add_favorite,2026-08-17 23:50:47,m_0491,,
3323,u_0301,s_00681,view_movie_card,2026-08-17 23:51:14,m_0143,,
3324,u_0301,s_00681,add_favorite,2026-08-17 23:51:21,m_0143,,
3325,u_0301,s_00681,view_movie_card,2026-08-17 23:50:45,m_0282,,
3326,u_0168,s_00682,session_start,2026-08-13 19:57:00,,,
3327,u_0168,s_00682,search,2026-08-13 19:57:03,,,
3328,u_0168,s_00682,api_request,2026-08-13 19:57:05,,1473,1
3329,u_0168,s_00682,view_movie_card,2026-08-13 19:57:16,m_0366,,
3330,u_0524,s_00683,session_start,2026-08-22 19:52:00,,,
3331,u_0524,s_00683,search,2026-08-22 19:52:08,,,
3332,u_0524,s_00683,api_request,2026-08-22 19:52:09,,3852,1
3333,u_0524,s_00683,random_pick,2026-08-22 19:52:12,,,
3334,u_0524,s_00683,view_movie_card,2026-08-22 19:52:17,m_0273,,
3335,u_0524,s_00683,add_favorite,2026-08-22 19:52:24,m_0273,,
3336,u_0524,s_00683,view_movie_card,2026-08-22 19:52:23,m_0169,,
3337,u_0524,s_00683,view_movie_card,2026-08-22 19:52:57,m_0466,,
3338,u_0524,s_00683,view_movie_card,2026-08-22 19:53:01,m_0075,,
3339,u_0524,s_00683,view_movie_card,2026-08-22 19:53:09,m_0141,,
3340,u_0524,s_00683,add_favorite,2026-08-22 19:53:16,m_0141,,
3341,u_0802,s_00684,session_start,2026-08-08 15:06:00,,,
3342,u_0897,s_00685,session_start,2026-08-06 17:46:00,,,
3343,u_0897,s_00685,search,2026-08-06 17:46:15,,,
3344,u_0897,s_00685,api_request,2026-08-06 17:46:19,,3158,1
3345,u_0897,s_00685,view_movie_card,2026-08-06 17:46:27,m_0460,,
3346,u_0897,s_00685,add_favorite,2026-08-06 17:46:33,m_0460,,
3347,u_0897,s_00685,view_movie_card,2026-08-06 17:46:53,m_0093,,
3348,u_0897,s_00685,view_movie_card,2026-08-06 17:47:10,m_0245,,
3349,u_0897,s_00685,view_movie_card,2026-08-06 17:47:11,m_0005,,
3350,u_0130,s_00686,session_start,2026-08-23 11:42:00,,,
3351,u_0130,s_00686,search,2026-08-23 11:42:11,,,
3352,u_0130,s_00686,api_request,2026-08-23 11:42:13,,8942,0
3353,u_0130,s_00686,error_shown,2026-08-23 11:42:13,,,
3354,u_0797,s_00687,session_start,2026-08-21 14:45:00,,,
3355,u_0797,s_00687,search,2026-08-21 14:45:11,,,
3356,u_0797,s_00687,api_request,2026-08-21 14:45:14,,1799,1
3357,u_0797,s_00687,view_movie_card,2026-08-21 14:45:28,m_0142,,
3358,u_0797,s_00687,view_movie_card,2026-08-21 14:45:38,m_0157,,
3359,u_0790,s_00688,session_start,2026-08-03 13:26:00,,,
3360,u_0790,s_00688,search,2026-08-03 13:26:03,,,
3361,u_0790,s_00688,api_request,2026-08-03 13:26:08,,2266,1
3362,u_0087,s_00689,session_start,2026-08-06 18:03:00,,,
3363,u_0087,s_00689,search,2026-08-06 18:03:10,,,
3364,u_0087,s_00689,api_request,2026-08-06 18:03:14,,387,1
3365,u_0749,s_00690,session_start,2026-08-14 19:32:00,,,
3366,u_0749,s_00690,search,2026-08-14 19:32:09,,,
3367,u_0749,s_00690,api_request,2026-08-14 19:32:13,,4661,1
3368,u_0749,s_00690,view_movie_card,2026-08-14 19:32:18,m_0366,,
3369,u_0749,s_00690,view_movie_card,2026-08-14 19:32:45,m_0126,,
3370,u_0541,s_00691,session_start,2026-08-22 23:52:00,,,
3371,u_0541,s_00691,search,2026-08-22 23:52:02,,,
3372,u_0541,s_00691,api_request,2026-08-22 23:52:07,,1680,1
3373,u_0541,s_00691,view_movie_card,2026-08-22 23:52:19,m_0090,,
3374,u_0541,s_00691,add_favorite,2026-08-22 23:52:22,m_0090,,
3375,u_0541,s_00691,view_movie_card,2026-08-22 23:52:39,m_0488,,
3376,u_0541,s_00691,add_favorite,2026-08-22 23:52:47,m_0488,,
3377,u_0541,s_00691,view_movie_card,2026-08-22 23:52:58,m_0088,,
3378,u_0541,s_00691,view_movie_card,2026-08-22 23:52:39,m_0174,,
3379,u_0872,s_00692,session_start,2026-08-08 22:34:00,,,
3380,u_0872,s_00692,search,2026-08-08 22:34:03,,,
3381,u_0872,s_00692,api_request,2026-08-08 22:34:05,,2704,1
3382,u_0872,s_00692,view_movie_card,2026-08-08 22:34:22,m_0112,,
3383,u_0528,s_00693,session_start,2026-08-30 23:41:00,,,
3384,u_0528,s_00693,search,2026-08-30 23:41:02,,,
3385,u_0528,s_00693,api_request,2026-08-30 23:41:05,,4299,1
3386,u_0528,s_00693,view_movie_card,2026-08-30 23:41:19,m_0182,,
3387,u_0528,s_00693,add_favorite,2026-08-30 23:41:25,m_0182,,
3388,u_0412,s_00694,session_start,2026-08-29 20:11:00,,,
3389,u_0412,s_00694,search,2026-08-29 20:11:03,,,
3390,u_0412,s_00694,api_request,2026-08-29 20:11:06,,994,1
3391,u_0412,s_00694,view_movie_card,2026-08-29 20:11:26,m_0004,,
3392,u_0412,s_00694,add_favorite,2026-08-29 20:11:31,m_0004,,
3393,u_0412,s_00694,view_movie_card,2026-08-29 20:11:30,m_0241,,
3394,u_0412,s_00694,view_movie_card,2026-08-29 20:11:48,m_0187,,
3395,u_0412,s_00694,view_movie_card,2026-08-29 20:11:46,m_0275,,
3396,u_0860,s_00695,session_start,2026-08-04 16:42:00,,,
3397,u_0860,s_00695,search,2026-08-04 16:42:04,,,
3398,u_0860,s_00695,api_request,2026-08-04 16:42:07,,347,1
3399,u_0860,s_00695,random_pick,2026-08-04 16:42:09,,,
3400,u_0860,s_00695,view_movie_card,2026-08-04 16:42:21,m_0021,,
3401,u_0860,s_00695,add_favorite,2026-08-04 16:42:28,m_0021,,
3402,u_0860,s_00695,view_movie_card,2026-08-04 16:42:37,m_0462,,
3403,u_0860,s_00695,add_favorite,2026-08-04 16:42:41,m_0462,,
3404,u_0860,s_00695,view_movie_card,2026-08-04 16:43:07,m_0492,,
3405,u_0860,s_00695,view_movie_card,2026-08-04 16:42:59,m_0061,,
3406,u_0699,s_00696,session_start,2026-08-18 16:51:00,,,
3407,u_0699,s_00696,search,2026-08-18 16:51:07,,,
3408,u_0699,s_00696,api_request,2026-08-18 16:51:10,,3485,1
3409,u_0699,s_00696,view_movie_card,2026-08-18 16:51:19,m_0080,,
3410,u_0699,s_00696,view_movie_card,2026-08-18 16:51:20,m_0393,,
3411,u_0699,s_00696,view_movie_card,2026-08-18 16:51:28,m_0348,,
3412,u_0699,s_00696,view_movie_card,2026-08-18 16:52:22,m_0500,,
3413,u_0699,s_00696,view_movie_card,2026-08-18 16:51:35,m_0223,,
3414,u_0780,s_00697,session_start,2026-08-10 16:05:00,,,
3415,u_0780,s_00697,search,2026-08-10 16:05:11,,,
3416,u_0780,s_00697,api_request,2026-08-10 16:05:12,,1830,1
3417,u_0780,s_00697,view_movie_card,2026-08-10 16:05:24,m_0342,,
3418,u_0780,s_00697,view_movie_card,2026-08-10 16:05:34,m_0243,,
3419,u_0780,s_00697,view_movie_card,2026-08-10 16:05:36,m_0359,,
3420,u_0876,s_00698,session_start,2026-08-20 11:12:00,,,
3421,u_0876,s_00698,search,2026-08-20 11:12:12,,,
3422,u_0876,s_00698,api_request,2026-08-20 11:12:13,,1383,1
3423,u_0876,s_00698,random_pick,2026-08-20 11:12:15,,,
3424,u_0876,s_00698,view_movie_card,2026-08-20 11:12:31,m_0010,,
3425,u_0390,s_00699,session_start,2026-08-03 22:03:00,,,
3426,u_0390,s_00699,search,2026-08-03 22:03:06,,,
3427,u_0390,s_00699,api_request,2026-08-03 22:03:11,,2195,1
3428,u_0390,s_00699,random_pick,2026-08-03 22:03:15,,,
3429,u_0390,s_00699,view_movie_card,2026-08-03 22:03:17,m_0156,,
3430,u_0390,s_00699,add_favorite,2026-08-03 22:03:23,m_0156,,
3431,u_0390,s_00699,view_movie_card,2026-08-03 22:03:37,m_0483,,
3432,u_0049,s_00700,session_start,2026-08-14 12:20:00,,,
3433,u_0049,s_00700,search,2026-08-14 12:20:02,,,
3434,u_0049,s_00700,api_request,2026-08-14 12:20:02,,2934,1
3435,u_0049,s_00700,view_movie_card,2026-08-14 12:20:10,m_0221,,
3436,u_0049,s_00700,add_favorite,2026-08-14 12:20:18,m_0221,,
3437,u_0049,s_00700,view_movie_card,2026-08-14 12:20:34,m_0172,,
3438,u_0700,s_00701,session_start,2026-08-04 19:00:00,,,
3439,u_0700,s_00701,search,2026-08-04 19:00:15,,,
3440,u_0700,s_00701,api_request,2026-08-04 19:00:16,,3260,1
3441,u_0700,s_00701,view_movie_card,2026-08-04 19:00:28,m_0333,,
3442,u_0700,s_00701,view_movie_card,2026-08-04 19:00:50,m_0045,,
3443,u_0617,s_00702,session_start,2026-08-05 19:47:00,,,
3444,u_0617,s_00702,search,2026-08-05 19:47:11,,,
3445,u_0617,s_00702,api_request,2026-08-05 19:47:16,,1880,1
3446,u_0617,s_00702,random_pick,2026-08-05 19:47:21,,,
3447,u_0617,s_00702,view_movie_card,2026-08-05 19:47:31,m_0155,,
3448,u_0617,s_00702,view_movie_card,2026-08-05 19:47:38,m_0274,,
3449,u_0617,s_00702,view_movie_card,2026-08-05 19:47:34,m_0066,,
3450,u_0617,s_00702,add_favorite,2026-08-05 19:47:39,m_0066,,
3451,u_0617,s_00702,view_movie_card,2026-08-05 19:48:20,m_0459,,
3452,u_0447,s_00703,session_start,2026-08-21 20:07:00,,,
3453,u_0447,s_00703,search,2026-08-21 20:07:08,,,
3454,u_0447,s_00703,api_request,2026-08-21 20:07:12,,4427,1
3455,u_0714,s_00704,session_start,2026-08-06 18:17:00,,,
3456,u_0063,s_00705,session_start,2026-08-10 09:36:00,,,
3457,u_0063,s_00705,search,2026-08-10 09:36:13,,,
3458,u_0063,s_00705,api_request,2026-08-10 09:36:14,,3556,1
3459,u_0063,s_00705,view_movie_card,2026-08-10 09:36:21,m_0085,,
3460,u_0063,s_00705,view_movie_card,2026-08-10 09:36:48,m_0288,,
3461,u_0212,s_00706,session_start,2026-08-13 18:17:00,,,
3462,u_0212,s_00706,search,2026-08-13 18:17:04,,,
3463,u_0212,s_00706,api_request,2026-08-13 18:17:08,,372,1
3464,u_0516,s_00707,session_start,2026-08-26 17:29:00,,,
3465,u_0516,s_00707,search,2026-08-26 17:29:10,,,
3466,u_0516,s_00707,api_request,2026-08-26 17:29:12,,2104,1
3467,u_0516,s_00707,random_pick,2026-08-26 17:29:14,,,
3468,u_0516,s_00707,view_movie_card,2026-08-26 17:29:18,m_0274,,
3469,u_0285,s_00708,session_start,2026-08-02 19:09:00,,,
3470,u_0053,s_00709,session_start,2026-08-09 22:50:00,,,
3471,u_0053,s_00709,search,2026-08-09 22:50:05,,,
3472,u_0053,s_00709,api_request,2026-08-09 22:50:06,,311,1
3473,u_0053,s_00709,view_movie_card,2026-08-09 22:50:21,m_0043,,
3474,u_0053,s_00709,view_movie_card,2026-08-09 22:50:32,m_0370,,
3475,u_0053,s_00709,add_favorite,2026-08-09 22:50:37,m_0370,,
3476,u_0836,s_00710,session_start,2026-08-11 09:40:00,,,
3477,u_0836,s_00710,search,2026-08-11 09:40:07,,,
3478,u_0836,s_00710,api_request,2026-08-11 09:40:08,,2591,1
3479,u_0836,s_00710,view_movie_card,2026-08-11 09:40:16,m_0370,,
3480,u_0836,s_00710,view_movie_card,2026-08-11 09:40:42,m_0485,,
3481,u_0836,s_00710,view_movie_card,2026-08-11 09:40:41,m_0419,,
3482,u_0836,s_00710,view_movie_card,2026-08-11 09:41:08,m_0138,,
3483,u_0836,s_00710,add_favorite,2026-08-11 09:41:15,m_0138,,
3484,u_0836,s_00710,view_movie_card,2026-08-11 09:40:53,m_0229,,
3485,u_0152,s_00711,session_start,2026-08-24 15:23:00,,,
3486,u_0471,s_00712,session_start,2026-08-03 16:11:00,,,
3487,u_0471,s_00712,search,2026-08-03 16:11:15,,,
3488,u_0471,s_00712,api_request,2026-08-03 16:11:16,,4318,1
3489,u_0022,s_00713,session_start,2026-08-06 19:18:00,,,
3490,u_0022,s_00713,search,2026-08-06 19:18:04,,,
3491,u_0022,s_00713,api_request,2026-08-06 19:18:07,,1838,1
3492,u_0022,s_00713,random_pick,2026-08-06 19:18:11,,,
3493,u_0022,s_00713,view_movie_card,2026-08-06 19:18:15,m_0371,,
3494,u_0013,s_00714,session_start,2026-08-24 21:51:00,,,
3495,u_0013,s_00714,search,2026-08-24 21:51:08,,,
3496,u_0013,s_00714,api_request,2026-08-24 21:51:11,,3111,0
3497,u_0013,s_00714,error_shown,2026-08-24 21:51:11,,,
3498,u_0045,s_00715,session_start,2026-08-25 22:41:00,,,
3499,u_0045,s_00715,search,2026-08-25 22:41:14,,,
3500,u_0045,s_00715,api_request,2026-08-25 22:41:14,,410,1
3501,u_0556,s_00716,session_start,2026-08-01 21:06:00,,,
3502,u_0556,s_00716,search,2026-08-01 21:06:07,,,
3503,u_0556,s_00716,api_request,2026-08-01 21:06:12,,1440,1
3504,u_0556,s_00716,view_movie_card,2026-08-01 21:06:22,m_0158,,
3505,u_0556,s_00716,view_movie_card,2026-08-01 21:06:30,m_0125,,
3506,u_0556,s_00716,add_favorite,2026-08-01 21:06:35,m_0125,,
3507,u_0022,s_00717,session_start,2026-08-21 17:07:00,,,
3508,u_0022,s_00717,search,2026-08-21 17:07:03,,,
3509,u_0022,s_00717,api_request,2026-08-21 17:07:07,,4490,1
3510,u_0230,s_00718,session_start,2026-08-14 11:00:00,,,
3511,u_0230,s_00718,search,2026-08-14 11:00:08,,,
3512,u_0230,s_00718,api_request,2026-08-14 11:00:11,,2649,1
3513,u_0230,s_00718,view_movie_card,2026-08-14 11:00:19,m_0252,,
3514,u_0230,s_00718,add_favorite,2026-08-14 11:00:21,m_0252,,
3515,u_0230,s_00718,view_movie_card,2026-08-14 11:00:35,m_0053,,
3516,u_0230,s_00718,view_movie_card,2026-08-14 11:00:53,m_0183,,
3517,u_0230,s_00718,add_favorite,2026-08-14 11:00:59,m_0183,,
3518,u_0230,s_00718,view_movie_card,2026-08-14 11:00:43,m_0185,,
3519,u_0045,s_00719,session_start,2026-08-30 10:57:00,,,
3520,u_0045,s_00719,search,2026-08-30 10:57:04,,,
3521,u_0045,s_00719,api_request,2026-08-30 10:57:07,,1785,1
3522,u_0045,s_00719,view_movie_card,2026-08-30 10:57:21,m_0320,,
3523,u_0278,s_00720,session_start,2026-08-12 23:06:00,,,
3524,u_0272,s_00721,session_start,2026-08-22 14:59:00,,,
3525,u_0272,s_00721,search,2026-08-22 14:59:13,,,
3526,u_0272,s_00721,api_request,2026-08-22 14:59:13,,1517,1
3527,u_0272,s_00721,random_pick,2026-08-22 14:59:17,,,
3528,u_0272,s_00721,view_movie_card,2026-08-22 14:59:33,m_0418,,
3529,u_0272,s_00721,add_favorite,2026-08-22 14:59:40,m_0418,,
3530,u_0093,s_00722,session_start,2026-08-24 13:09:00,,,
3531,u_0093,s_00722,search,2026-08-24 13:09:04,,,
3532,u_0093,s_00722,api_request,2026-08-24 13:09:05,,3188,1
3533,u_0093,s_00722,view_movie_card,2026-08-24 13:09:23,m_0309,,
3534,u_0093,s_00722,view_movie_card,2026-08-24 13:09:35,m_0071,,
3535,u_0393,s_00723,session_start,2026-08-21 23:15:00,,,
3536,u_0393,s_00723,search,2026-08-21 23:15:09,,,
3537,u_0393,s_00723,api_request,2026-08-21 23:15:13,,4662,1
3538,u_0393,s_00723,random_pick,2026-08-21 23:15:17,,,
3539,u_0393,s_00723,view_movie_card,2026-08-21 23:15:25,m_0360,,
3540,u_0393,s_00723,add_favorite,2026-08-21 23:15:31,m_0360,,
3541,u_0018,s_00724,session_start,2026-08-01 12:54:00,,,
3542,u_0018,s_00724,search,2026-08-01 12:54:09,,,
3543,u_0018,s_00724,api_request,2026-08-01 12:54:10,,788,1
3544,u_0888,s_00725,session_start,2026-08-12 22:54:00,,,
3545,u_0888,s_00725,search,2026-08-12 22:54:04,,,
3546,u_0888,s_00725,api_request,2026-08-12 22:54:06,,4817,1
3547,u_0216,s_00726,session_start,2026-08-30 15:15:00,,,
3548,u_0216,s_00726,search,2026-08-30 15:15:02,,,
3549,u_0216,s_00726,api_request,2026-08-30 15:15:03,,1472,1
3550,u_0216,s_00726,view_movie_card,2026-08-30 15:15:19,m_0028,,
3551,u_0489,s_00727,session_start,2026-08-22 18:04:00,,,
3552,u_0489,s_00727,search,2026-08-22 18:04:15,,,
3553,u_0489,s_00727,api_request,2026-08-22 18:04:16,,5992,0
3554,u_0489,s_00727,error_shown,2026-08-22 18:04:16,,,
3555,u_0079,s_00728,session_start,2026-08-05 10:15:00,,,
3556,u_0079,s_00728,search,2026-08-05 10:15:15,,,
3557,u_0079,s_00728,api_request,2026-08-05 10:15:18,,1794,1
3558,u_0079,s_00728,view_movie_card,2026-08-05 10:15:32,m_0241,,
3559,u_0661,s_00729,session_start,2026-08-11 16:50:00,,,
3560,u_0661,s_00729,search,2026-08-11 16:50:06,,,
3561,u_0661,s_00729,api_request,2026-08-11 16:50:07,,563,1
3562,u_0661,s_00729,random_pick,2026-08-11 16:50:11,,,
3563,u_0661,s_00729,view_movie_card,2026-08-11 16:50:25,m_0349,,
3564,u_0850,s_00730,session_start,2026-08-15 17:45:00,,,
3565,u_0850,s_00730,search,2026-08-15 17:45:11,,,
3566,u_0850,s_00730,api_request,2026-08-15 17:45:15,,2162,1
3567,u_0850,s_00730,view_movie_card,2026-08-15 17:45:32,m_0487,,
3568,u_0850,s_00730,add_favorite,2026-08-15 17:45:36,m_0487,,
3569,u_0225,s_00731,session_start,2026-08-13 18:03:00,,,
3570,u_0225,s_00731,search,2026-08-13 18:03:15,,,
3571,u_0225,s_00731,api_request,2026-08-13 18:03:19,,932,1
3572,u_0669,s_00732,session_start,2026-08-15 16:20:00,,,
3573,u_0669,s_00732,search,2026-08-15 16:20:15,,,
3574,u_0669,s_00732,api_request,2026-08-15 16:20:18,,3343,1
3575,u_0669,s_00732,random_pick,2026-08-15 16:20:19,,,
3576,u_0669,s_00732,view_movie_card,2026-08-15 16:20:34,m_0309,,
3577,u_0289,s_00733,session_start,2026-08-11 09:15:00,,,
3578,u_0289,s_00733,search,2026-08-11 09:15:03,,,
3579,u_0289,s_00733,api_request,2026-08-11 09:15:03,,389,1
3580,u_0289,s_00733,view_movie_card,2026-08-11 09:15:09,m_0124,,
3581,u_0578,s_00734,session_start,2026-08-19 18:02:00,,,
3582,u_0323,s_00735,session_start,2026-08-16 09:03:00,,,
3583,u_0323,s_00735,search,2026-08-16 09:03:06,,,
3584,u_0323,s_00735,api_request,2026-08-16 09:03:06,,2613,1
3585,u_0770,s_00736,session_start,2026-08-17 12:20:00,,,
3586,u_0770,s_00736,search,2026-08-17 12:20:07,,,
3587,u_0770,s_00736,api_request,2026-08-17 12:20:08,,1097,1
3588,u_0770,s_00736,view_movie_card,2026-08-17 12:20:17,m_0013,,
3589,u_0770,s_00736,view_movie_card,2026-08-17 12:20:42,m_0245,,
3590,u_0770,s_00736,view_movie_card,2026-08-17 12:20:26,m_0149,,
3591,u_0770,s_00736,add_favorite,2026-08-17 12:20:34,m_0149,,
3592,u_0770,s_00736,view_movie_card,2026-08-17 12:20:36,m_0454,,
3593,u_0221,s_00737,session_start,2026-08-23 12:56:00,,,
3594,u_0221,s_00737,search,2026-08-23 12:56:12,,,
3595,u_0221,s_00737,api_request,2026-08-23 12:56:13,,1619,1
3596,u_0624,s_00738,session_start,2026-08-17 17:46:00,,,
3597,u_0624,s_00738,search,2026-08-17 17:46:14,,,
3598,u_0624,s_00738,api_request,2026-08-17 17:46:16,,1374,1
3599,u_0624,s_00738,view_movie_card,2026-08-17 17:46:34,m_0021,,
3600,u_0624,s_00738,view_movie_card,2026-08-17 17:46:50,m_0123,,
3601,u_0624,s_00738,add_favorite,2026-08-17 17:46:52,m_0123,,
3602,u_0510,s_00739,session_start,2026-08-05 18:40:00,,,
3603,u_0510,s_00739,search,2026-08-05 18:40:02,,,
3604,u_0510,s_00739,api_request,2026-08-05 18:40:03,,2835,1
3605,u_0510,s_00739,view_movie_card,2026-08-05 18:40:10,m_0256,,
3606,u_0510,s_00739,add_favorite,2026-08-05 18:40:16,m_0256,,
3607,u_0510,s_00739,view_movie_card,2026-08-05 18:40:23,m_0479,,
3608,u_0510,s_00739,view_movie_card,2026-08-05 18:40:24,m_0144,,
3609,u_0510,s_00739,view_movie_card,2026-08-05 18:41:07,m_0046,,
3610,u_0510,s_00739,add_favorite,2026-08-05 18:41:15,m_0046,,
3611,u_0510,s_00739,view_movie_card,2026-08-05 18:41:08,m_0243,,
3612,u_0666,s_00740,session_start,2026-08-25 23:28:00,,,
3613,u_0041,s_00741,session_start,2026-08-04 18:31:00,,,
3614,u_0041,s_00741,search,2026-08-04 18:31:06,,,
3615,u_0041,s_00741,api_request,2026-08-04 18:31:09,,1356,1
3616,u_0041,s_00741,view_movie_card,2026-08-04 18:31:24,m_0192,,
3617,u_0041,s_00741,add_favorite,2026-08-04 18:31:31,m_0192,,
3618,u_0041,s_00741,view_movie_card,2026-08-04 18:31:47,m_0135,,
3619,u_0660,s_00742,session_start,2026-08-22 09:39:00,,,
3620,u_0660,s_00742,search,2026-08-22 09:39:14,,,
3621,u_0660,s_00742,api_request,2026-08-22 09:39:16,,4894,1
3622,u_0660,s_00742,random_pick,2026-08-22 09:39:18,,,
3623,u_0660,s_00742,view_movie_card,2026-08-22 09:39:33,m_0438,,
3624,u_0660,s_00742,add_favorite,2026-08-22 09:39:40,m_0438,,
3625,u_0660,s_00742,view_movie_card,2026-08-22 09:39:54,m_0343,,
3626,u_0660,s_00742,add_favorite,2026-08-22 09:40:02,m_0343,,
3627,u_0660,s_00742,view_movie_card,2026-08-22 09:40:13,m_0329,,
3628,u_0660,s_00742,view_movie_card,2026-08-22 09:40:32,m_0056,,
3629,u_0660,s_00742,add_favorite,2026-08-22 09:40:34,m_0056,,
3630,u_0787,s_00743,session_start,2026-08-30 23:25:00,,,
3631,u_0787,s_00743,search,2026-08-30 23:25:08,,,
3632,u_0787,s_00743,api_request,2026-08-30 23:25:10,,3105,1
3633,u_0760,s_00744,session_start,2026-08-16 12:44:00,,,
3634,u_0760,s_00744,search,2026-08-16 12:44:06,,,
3635,u_0760,s_00744,api_request,2026-08-16 12:44:09,,4275,0
3636,u_0760,s_00744,error_shown,2026-08-16 12:44:10,,,
3637,u_0219,s_00745,session_start,2026-08-16 11:40:00,,,
3638,u_0219,s_00745,search,2026-08-16 11:40:02,,,
3639,u_0219,s_00745,api_request,2026-08-16 11:40:07,,811,1
3640,u_0485,s_00746,session_start,2026-08-12 21:27:00,,,
3641,u_0485,s_00746,search,2026-08-12 21:27:05,,,
3642,u_0485,s_00746,api_request,2026-08-12 21:27:05,,3764,1
3643,u_0485,s_00746,random_pick,2026-08-12 21:27:06,,,
3644,u_0485,s_00746,view_movie_card,2026-08-12 21:27:18,m_0208,,
3645,u_0485,s_00746,add_favorite,2026-08-12 21:27:26,m_0208,,
3646,u_0485,s_00746,view_movie_card,2026-08-12 21:27:41,m_0269,,
3647,u_0485,s_00746,add_favorite,2026-08-12 21:27:46,m_0269,,
3648,u_0095,s_00747,session_start,2026-08-06 22:03:00,,,
3649,u_0095,s_00747,search,2026-08-06 22:03:08,,,
3650,u_0095,s_00747,api_request,2026-08-06 22:03:11,,2732,1
3651,u_0095,s_00747,view_movie_card,2026-08-06 22:03:31,m_0275,,
3652,u_0364,s_00748,session_start,2026-08-06 20:27:00,,,
3653,u_0011,s_00749,session_start,2026-08-19 15:52:00,,,
3654,u_0011,s_00749,search,2026-08-19 15:52:11,,,
3655,u_0011,s_00749,api_request,2026-08-19 15:52:12,,5038,1
3656,u_0011,s_00749,view_movie_card,2026-08-19 15:52:27,m_0008,,
3657,u_0011,s_00749,add_favorite,2026-08-19 15:52:35,m_0008,,
3658,u_0886,s_00750,session_start,2026-08-30 11:31:00,,,
3659,u_0886,s_00750,search,2026-08-30 11:31:14,,,
3660,u_0886,s_00750,api_request,2026-08-30 11:31:19,,4565,1
3661,u_0886,s_00750,view_movie_card,2026-08-30 11:31:28,m_0325,,
3662,u_0886,s_00750,view_movie_card,2026-08-30 11:31:35,m_0019,,
3663,u_0886,s_00750,add_favorite,2026-08-30 11:31:39,m_0019,,
3664,u_0886,s_00750,view_movie_card,2026-08-30 11:32:13,m_0357,,
3665,u_0886,s_00750,view_movie_card,2026-08-30 11:31:59,m_0308,,
3666,u_0886,s_00750,view_movie_card,2026-08-30 11:32:39,m_0108,,
3667,u_0380,s_00751,session_start,2026-08-22 18:00:00,,,
3668,u_0380,s_00751,search,2026-08-22 18:00:02,,,
3669,u_0380,s_00751,api_request,2026-08-22 18:00:04,,4413,1
3670,u_0665,s_00752,session_start,2026-08-04 20:31:00,,,
3671,u_0361,s_00753,session_start,2026-08-14 15:22:00,,,
3672,u_0361,s_00753,search,2026-08-14 15:22:08,,,
3673,u_0361,s_00753,api_request,2026-08-14 15:22:12,,3051,1
3674,u_0361,s_00753,view_movie_card,2026-08-14 15:22:22,m_0284,,
3675,u_0292,s_00754,session_start,2026-08-18 15:24:00,,,
3676,u_0292,s_00754,search,2026-08-18 15:24:13,,,
3677,u_0292,s_00754,api_request,2026-08-18 15:24:18,,2620,1
3678,u_0292,s_00754,view_movie_card,2026-08-18 15:24:26,m_0045,,
3679,u_0292,s_00754,view_movie_card,2026-08-18 15:24:34,m_0046,,
3680,u_0292,s_00754,view_movie_card,2026-08-18 15:25:12,m_0054,,
3681,u_0292,s_00754,view_movie_card,2026-08-18 15:24:50,m_0325,,
3682,u_0292,s_00754,view_movie_card,2026-08-18 15:24:48,m_0342,,
3683,u_0796,s_00755,session_start,2026-08-14 12:14:00,,,
3684,u_0796,s_00755,search,2026-08-14 12:14:08,,,
3685,u_0796,s_00755,api_request,2026-08-14 12:14:09,,4146,1
3686,u_0476,s_00756,session_start,2026-08-12 21:58:00,,,
3687,u_0476,s_00756,search,2026-08-12 21:58:15,,,
3688,u_0476,s_00756,api_request,2026-08-12 21:58:20,,3542,1
3689,u_0476,s_00756,random_pick,2026-08-12 21:58:23,,,
3690,u_0476,s_00756,view_movie_card,2026-08-12 21:58:33,m_0451,,
3691,u_0476,s_00756,view_movie_card,2026-08-12 21:58:48,m_0430,,
3692,u_0248,s_00757,session_start,2026-08-30 15:43:00,,,
3693,u_0248,s_00757,search,2026-08-30 15:43:08,,,
3694,u_0248,s_00757,api_request,2026-08-30 15:43:08,,4256,0
3695,u_0248,s_00757,error_shown,2026-08-30 15:43:08,,,
3696,u_0837,s_00758,session_start,2026-08-26 14:53:00,,,
3697,u_0837,s_00758,search,2026-08-26 14:53:13,,,
3698,u_0837,s_00758,api_request,2026-08-26 14:53:18,,1696,1
3699,u_0401,s_00759,session_start,2026-08-14 12:35:00,,,
3700,u_0401,s_00759,search,2026-08-14 12:35:12,,,
3701,u_0401,s_00759,api_request,2026-08-14 12:35:15,,5033,1
3702,u_0401,s_00759,view_movie_card,2026-08-14 12:35:25,m_0207,,
3703,u_0401,s_00759,view_movie_card,2026-08-14 12:35:35,m_0224,,
3704,u_0401,s_00759,view_movie_card,2026-08-14 12:35:42,m_0259,,
3705,u_0401,s_00759,add_favorite,2026-08-14 12:35:49,m_0259,,
3706,u_0401,s_00759,view_movie_card,2026-08-14 12:36:07,m_0429,,
3707,u_0401,s_00759,view_movie_card,2026-08-14 12:36:30,m_0105,,
3708,u_0401,s_00759,add_favorite,2026-08-14 12:36:31,m_0105,,
3709,u_0789,s_00760,session_start,2026-08-14 09:40:00,,,
3710,u_0789,s_00760,search,2026-08-14 09:40:02,,,
3711,u_0789,s_00760,api_request,2026-08-14 09:40:07,,945,1
3712,u_0789,s_00760,view_movie_card,2026-08-14 09:40:26,m_0325,,
3713,u_0669,s_00761,session_start,2026-08-12 11:15:00,,,
3714,u_0669,s_00761,search,2026-08-12 11:15:06,,,
3715,u_0669,s_00761,api_request,2026-08-12 11:15:07,,2309,1
3716,u_0669,s_00761,view_movie_card,2026-08-12 11:15:20,m_0338,,
3717,u_0669,s_00761,add_favorite,2026-08-12 11:15:22,m_0338,,
3718,u_0669,s_00761,view_movie_card,2026-08-12 11:15:25,m_0322,,
3719,u_0669,s_00761,add_favorite,2026-08-12 11:15:27,m_0322,,
3720,u_0669,s_00761,view_movie_card,2026-08-12 11:15:31,m_0236,,
3721,u_0290,s_00762,session_start,2026-08-04 10:09:00,,,
3722,u_0290,s_00762,search,2026-08-04 10:09:04,,,
3723,u_0290,s_00762,api_request,2026-08-04 10:09:04,,3260,1
3724,u_0503,s_00763,session_start,2026-08-07 15:06:00,,,
3725,u_0503,s_00763,search,2026-08-07 15:06:08,,,
3726,u_0503,s_00763,api_request,2026-08-07 15:06:08,,925,1
3727,u_0503,s_00763,view_movie_card,2026-08-07 15:06:27,m_0414,,
3728,u_0503,s_00763,add_favorite,2026-08-07 15:06:32,m_0414,,
3729,u_0503,s_00763,view_movie_card,2026-08-07 15:06:18,m_0463,,
3730,u_0503,s_00763,add_favorite,2026-08-07 15:06:19,m_0463,,
3731,u_0496,s_00764,session_start,2026-08-04 14:22:00,,,
3732,u_0163,s_00765,session_start,2026-08-20 17:00:00,,,
3733,u_0163,s_00765,search,2026-08-20 17:00:06,,,
3734,u_0163,s_00765,api_request,2026-08-20 17:00:07,,542,1
3735,u_0163,s_00765,view_movie_card,2026-08-20 17:00:18,m_0444,,
3736,u_0163,s_00765,view_movie_card,2026-08-20 17:00:29,m_0016,,
3737,u_0709,s_00766,session_start,2026-08-08 10:46:00,,,
3738,u_0205,s_00767,session_start,2026-08-09 13:30:00,,,
3739,u_0668,s_00768,session_start,2026-08-12 20:35:00,,,
3740,u_0668,s_00768,search,2026-08-12 20:35:13,,,
3741,u_0668,s_00768,api_request,2026-08-12 20:35:17,,3576,1
3742,u_0704,s_00769,session_start,2026-08-09 11:12:00,,,
3743,u_0704,s_00769,search,2026-08-09 11:12:13,,,
3744,u_0704,s_00769,api_request,2026-08-09 11:12:15,,1142,1
3745,u_0704,s_00769,random_pick,2026-08-09 11:12:17,,,
3746,u_0704,s_00769,view_movie_card,2026-08-09 11:12:35,m_0222,,
3747,u_0704,s_00769,view_movie_card,2026-08-09 11:12:51,m_0306,,
3748,u_0704,s_00769,view_movie_card,2026-08-09 11:13:00,m_0319,,
3749,u_0704,s_00769,add_favorite,2026-08-09 11:13:07,m_0319,,
3750,u_0362,s_00770,session_start,2026-08-14 12:36:00,,,
3751,u_0362,s_00770,search,2026-08-14 12:36:12,,,
3752,u_0362,s_00770,api_request,2026-08-14 12:36:12,,576,1
3753,u_0301,s_00771,session_start,2026-08-09 18:26:00,,,
3754,u_0301,s_00771,search,2026-08-09 18:26:12,,,
3755,u_0301,s_00771,api_request,2026-08-09 18:26:16,,545,1
3756,u_0301,s_00771,view_movie_card,2026-08-09 18:26:26,m_0184,,
3757,u_0301,s_00771,view_movie_card,2026-08-09 18:26:38,m_0337,,
3758,u_0301,s_00771,view_movie_card,2026-08-09 18:26:43,m_0400,,
3759,u_0012,s_00772,session_start,2026-08-01 14:44:00,,,
3760,u_0012,s_00772,search,2026-08-01 14:44:05,,,
3761,u_0012,s_00772,api_request,2026-08-01 14:44:09,,2934,1
3762,u_0291,s_00773,session_start,2026-08-18 10:24:00,,,
3763,u_0291,s_00773,search,2026-08-18 10:24:10,,,
3764,u_0291,s_00773,api_request,2026-08-18 10:24:11,,2577,1
3765,u_0291,s_00773,view_movie_card,2026-08-18 10:24:18,m_0294,,
3766,u_0291,s_00773,view_movie_card,2026-08-18 10:24:47,m_0350,,
3767,u_0291,s_00773,view_movie_card,2026-08-18 10:24:56,m_0417,,
3768,u_0291,s_00773,view_movie_card,2026-08-18 10:24:55,m_0026,,
3769,u_0291,s_00773,view_movie_card,2026-08-18 10:25:51,m_0024,,
3770,u_0464,s_00774,session_start,2026-08-14 10:07:00,,,
3771,u_0464,s_00774,search,2026-08-14 10:07:07,,,
3772,u_0464,s_00774,api_request,2026-08-14 10:07:12,,5021,1
3773,u_0464,s_00774,view_movie_card,2026-08-14 10:07:17,m_0467,,
3774,u_0038,s_00775,session_start,2026-08-05 22:25:00,,,
3775,u_0038,s_00775,search,2026-08-05 22:25:10,,,
3776,u_0038,s_00775,api_request,2026-08-05 22:25:10,,433,1
3777,u_0038,s_00775,view_movie_card,2026-08-05 22:25:24,m_0141,,
3778,u_0570,s_00776,session_start,2026-08-12 15:05:00,,,
3779,u_0570,s_00776,search,2026-08-12 15:05:09,,,
3780,u_0570,s_00776,api_request,2026-08-12 15:05:14,,5444,0
3781,u_0570,s_00776,error_shown,2026-08-12 15:05:14,,,
3782,u_0870,s_00777,session_start,2026-08-23 16:31:00,,,
3783,u_0870,s_00777,search,2026-08-23 16:31:03,,,
3784,u_0870,s_00777,api_request,2026-08-23 16:31:06,,1141,1
3785,u_0870,s_00777,random_pick,2026-08-23 16:31:07,,,
3786,u_0870,s_00777,view_movie_card,2026-08-23 16:31:21,m_0442,,
3787,u_0091,s_00778,session_start,2026-08-14 12:10:00,,,
3788,u_0091,s_00778,search,2026-08-14 12:10:14,,,
3789,u_0091,s_00778,api_request,2026-08-14 12:10:17,,4703,1
3790,u_0054,s_00779,session_start,2026-08-30 20:55:00,,,
3791,u_0054,s_00779,search,2026-08-30 20:55:14,,,
3792,u_0054,s_00779,api_request,2026-08-30 20:55:14,,2792,1
3793,u_0054,s_00779,view_movie_card,2026-08-30 20:55:31,m_0139,,
3794,u_0472,s_00780,session_start,2026-08-30 11:37:00,,,
3795,u_0472,s_00780,search,2026-08-30 11:37:07,,,
3796,u_0472,s_00780,api_request,2026-08-30 11:37:08,,3685,1
3797,u_0472,s_00780,view_movie_card,2026-08-30 11:37:20,m_0296,,
3798,u_0472,s_00780,view_movie_card,2026-08-30 11:37:48,m_0500,,
3799,u_0472,s_00780,view_movie_card,2026-08-30 11:38:08,m_0116,,
3800,u_0472,s_00780,add_favorite,2026-08-30 11:38:13,m_0116,,
3801,u_0572,s_00781,session_start,2026-08-23 10:22:00,,,
3802,u_0572,s_00781,search,2026-08-23 10:22:05,,,
3803,u_0572,s_00781,api_request,2026-08-23 10:22:10,,1986,1
3804,u_0572,s_00781,view_movie_card,2026-08-23 10:22:21,m_0007,,
3805,u_0193,s_00782,session_start,2026-08-15 22:24:00,,,
3806,u_0193,s_00782,search,2026-08-15 22:24:07,,,
3807,u_0193,s_00782,api_request,2026-08-15 22:24:08,,4622,1
3808,u_0193,s_00782,view_movie_card,2026-08-15 22:24:27,m_0336,,
3809,u_0193,s_00782,add_favorite,2026-08-15 22:24:29,m_0336,,
3810,u_0373,s_00783,session_start,2026-08-30 11:14:00,,,
3811,u_0373,s_00783,search,2026-08-30 11:14:09,,,
3812,u_0373,s_00783,api_request,2026-08-30 11:14:14,,3578,1
3813,u_0373,s_00783,random_pick,2026-08-30 11:14:17,,,
3814,u_0373,s_00783,view_movie_card,2026-08-30 11:14:22,m_0076,,
3815,u_0247,s_00784,session_start,2026-08-04 20:07:00,,,
3816,u_0247,s_00784,search,2026-08-04 20:07:09,,,
3817,u_0247,s_00784,api_request,2026-08-04 20:07:10,,4201,1
3818,u_0247,s_00784,random_pick,2026-08-04 20:07:15,,,
3819,u_0247,s_00784,view_movie_card,2026-08-04 20:07:17,m_0182,,
3820,u_0247,s_00784,view_movie_card,2026-08-04 20:07:28,m_0204,,
3821,u_0452,s_00785,session_start,2026-08-17 14:03:00,,,
3822,u_0452,s_00785,search,2026-08-17 14:03:03,,,
3823,u_0452,s_00785,api_request,2026-08-17 14:03:03,,3761,1
3824,u_0452,s_00785,random_pick,2026-08-17 14:03:06,,,
3825,u_0452,s_00785,view_movie_card,2026-08-17 14:03:23,m_0266,,
3826,u_0255,s_00786,session_start,2026-08-22 09:41:00,,,
3827,u_0037,s_00787,session_start,2026-08-08 10:03:00,,,
3828,u_0037,s_00787,search,2026-08-08 10:03:05,,,
3829,u_0037,s_00787,api_request,2026-08-08 10:03:05,,2556,1
3830,u_0037,s_00787,view_movie_card,2026-08-08 10:03:22,m_0202,,
3831,u_0037,s_00787,add_favorite,2026-08-08 10:03:27,m_0202,,
3832,u_0037,s_00787,view_movie_card,2026-08-08 10:03:45,m_0106,,
3833,u_0037,s_00787,add_favorite,2026-08-08 10:03:49,m_0106,,
3834,u_0723,s_00788,session_start,2026-08-12 19:18:00,,,
3835,u_0723,s_00788,search,2026-08-12 19:18:13,,,
3836,u_0723,s_00788,api_request,2026-08-12 19:18:13,,4422,1
3837,u_0313,s_00789,session_start,2026-08-20 16:47:00,,,
3838,u_0313,s_00789,search,2026-08-20 16:47:13,,,
3839,u_0313,s_00789,api_request,2026-08-20 16:47:15,,868,1
3840,u_0313,s_00789,view_movie_card,2026-08-20 16:47:20,m_0342,,
3841,u_0271,s_00790,session_start,2026-08-11 09:11:00,,,
3842,u_0271,s_00790,search,2026-08-11 09:11:04,,,
3843,u_0271,s_00790,api_request,2026-08-11 09:11:09,,379,1
3844,u_0271,s_00790,view_movie_card,2026-08-11 09:11:29,m_0448,,
3845,u_0271,s_00790,view_movie_card,2026-08-11 09:11:25,m_0024,,
3846,u_0271,s_00790,view_movie_card,2026-08-11 09:11:51,m_0428,,
3847,u_0271,s_00790,view_movie_card,2026-08-11 09:11:49,m_0387,,
3848,u_0271,s_00790,add_favorite,2026-08-11 09:11:51,m_0387,,
3849,u_0271,s_00790,view_movie_card,2026-08-11 09:11:49,m_0156,,
3850,u_0753,s_00791,session_start,2026-08-11 16:31:00,,,
3851,u_0753,s_00791,search,2026-08-11 16:31:10,,,
3852,u_0753,s_00791,api_request,2026-08-11 16:31:12,,2376,1
3853,u_0753,s_00791,view_movie_card,2026-08-11 16:31:27,m_0457,,
3854,u_0864,s_00792,session_start,2026-08-22 22:55:00,,,
3855,u_0864,s_00792,search,2026-08-22 22:55:03,,,
3856,u_0864,s_00792,api_request,2026-08-22 22:55:05,,469,1
3857,u_0864,s_00792,random_pick,2026-08-22 22:55:07,,,
3858,u_0864,s_00792,view_movie_card,2026-08-22 22:55:21,m_0255,,
3859,u_0864,s_00792,add_favorite,2026-08-22 22:55:28,m_0255,,
3860,u_0864,s_00792,view_movie_card,2026-08-22 22:55:37,m_0106,,
3861,u_0655,s_00793,session_start,2026-08-07 23:24:00,,,
3862,u_0655,s_00793,search,2026-08-07 23:24:06,,,
3863,u_0655,s_00793,api_request,2026-08-07 23:24:11,,3980,1
3864,u_0272,s_00794,session_start,2026-08-29 17:11:00,,,
3865,u_0401,s_00795,session_start,2026-08-12 23:21:00,,,
3866,u_0401,s_00795,search,2026-08-12 23:21:06,,,
3867,u_0401,s_00795,api_request,2026-08-12 23:21:08,,5047,1
3868,u_0401,s_00795,view_movie_card,2026-08-12 23:21:26,m_0408,,
3869,u_0296,s_00796,session_start,2026-08-26 21:22:00,,,
3870,u_0296,s_00796,search,2026-08-26 21:22:02,,,
3871,u_0296,s_00796,api_request,2026-08-26 21:22:06,,1505,1
3872,u_0296,s_00796,view_movie_card,2026-08-26 21:22:16,m_0156,,
3873,u_0016,s_00797,session_start,2026-08-03 21:18:00,,,
3874,u_0016,s_00797,search,2026-08-03 21:18:05,,,
3875,u_0016,s_00797,api_request,2026-08-03 21:18:07,,1311,1
3876,u_0016,s_00797,view_movie_card,2026-08-03 21:18:12,m_0026,,
3877,u_0805,s_00798,session_start,2026-08-12 23:18:00,,,
3878,u_0805,s_00798,search,2026-08-12 23:18:12,,,
3879,u_0805,s_00798,api_request,2026-08-12 23:18:16,,1004,1
3880,u_0805,s_00798,view_movie_card,2026-08-12 23:18:34,m_0300,,
3881,u_0485,s_00799,session_start,2026-08-10 12:02:00,,,
3882,u_0653,s_00800,session_start,2026-08-08 21:43:00,,,
3883,u_0653,s_00800,search,2026-08-08 21:43:08,,,
3884,u_0653,s_00800,api_request,2026-08-08 21:43:09,,2774,1
3885,u_0653,s_00800,view_movie_card,2026-08-08 21:43:24,m_0412,,
3886,u_0257,s_00801,session_start,2026-08-22 21:12:00,,,
3887,u_0257,s_00801,search,2026-08-22 21:12:10,,,
3888,u_0257,s_00801,api_request,2026-08-22 21:12:11,,1001,1
3889,u_0257,s_00801,view_movie_card,2026-08-22 21:12:21,m_0193,,
3890,u_0257,s_00801,view_movie_card,2026-08-22 21:12:47,m_0050,,
3891,u_0257,s_00801,add_favorite,2026-08-22 21:12:55,m_0050,,
3892,u_0257,s_00801,view_movie_card,2026-08-22 21:12:56,m_0258,,
3893,u_0257,s_00801,view_movie_card,2026-08-22 21:13:15,m_0240,,
3894,u_0473,s_00802,session_start,2026-08-15 15:26:00,,,
3895,u_0473,s_00802,search,2026-08-15 15:26:10,,,
3896,u_0473,s_00802,api_request,2026-08-15 15:26:10,,3748,1
3897,u_0473,s_00802,view_movie_card,2026-08-15 15:26:22,m_0298,,
3898,u_0580,s_00803,session_start,2026-08-05 18:34:00,,,
3899,u_0580,s_00803,search,2026-08-05 18:34:02,,,
3900,u_0580,s_00803,api_request,2026-08-05 18:34:05,,348,1
3901,u_0580,s_00803,view_movie_card,2026-08-05 18:34:11,m_0044,,
3902,u_0580,s_00803,add_favorite,2026-08-05 18:34:13,m_0044,,
3903,u_0580,s_00803,view_movie_card,2026-08-05 18:34:35,m_0305,,
3904,u_0580,s_00803,add_favorite,2026-08-05 18:34:40,m_0305,,
3905,u_0580,s_00803,view_movie_card,2026-08-05 18:35:05,m_0354,,
3906,u_0599,s_00804,session_start,2026-08-02 10:47:00,,,
3907,u_0599,s_00804,search,2026-08-02 10:47:13,,,
3908,u_0599,s_00804,api_request,2026-08-02 10:47:13,,4529,1
3909,u_0599,s_00804,view_movie_card,2026-08-02 10:47:25,m_0459,,
3910,u_0599,s_00804,view_movie_card,2026-08-02 10:47:31,m_0155,,
3911,u_0599,s_00804,view_movie_card,2026-08-02 10:47:28,m_0413,,
3912,u_0069,s_00805,session_start,2026-08-23 12:07:00,,,
3913,u_0069,s_00805,search,2026-08-23 12:07:11,,,
3914,u_0069,s_00805,api_request,2026-08-23 12:07:12,,2325,1
3915,u_0069,s_00805,view_movie_card,2026-08-23 12:07:31,m_0201,,
3916,u_0069,s_00805,add_favorite,2026-08-23 12:07:33,m_0201,,
3917,u_0069,s_00805,view_movie_card,2026-08-23 12:07:40,m_0208,,
3918,u_0862,s_00806,session_start,2026-08-06 22:15:00,,,
3919,u_0862,s_00806,search,2026-08-06 22:15:06,,,
3920,u_0862,s_00806,api_request,2026-08-06 22:15:11,,1309,1
3921,u_0862,s_00806,random_pick,2026-08-06 22:15:13,,,
3922,u_0862,s_00806,view_movie_card,2026-08-06 22:15:21,m_0262,,
3923,u_0862,s_00806,view_movie_card,2026-08-06 22:15:33,m_0244,,
3924,u_0603,s_00807,session_start,2026-08-10 19:06:00,,,
3925,u_0603,s_00807,search,2026-08-10 19:06:12,,,
3926,u_0603,s_00807,api_request,2026-08-10 19:06:14,,1179,1
3927,u_0603,s_00807,random_pick,2026-08-10 19:06:17,,,
3928,u_0603,s_00807,view_movie_card,2026-08-10 19:06:33,m_0062,,
3929,u_0603,s_00807,view_movie_card,2026-08-10 19:06:24,m_0298,,
3930,u_0603,s_00807,view_movie_card,2026-08-10 19:07:11,m_0022,,
3931,u_0741,s_00808,session_start,2026-08-12 11:29:00,,,
3932,u_0741,s_00808,search,2026-08-12 11:29:02,,,
3933,u_0741,s_00808,api_request,2026-08-12 11:29:03,,4422,1
3934,u_0741,s_00808,view_movie_card,2026-08-12 11:29:10,m_0090,,
3935,u_0741,s_00808,view_movie_card,2026-08-12 11:29:35,m_0336,,
3936,u_0741,s_00808,view_movie_card,2026-08-12 11:29:48,m_0236,,
3937,u_0741,s_00808,view_movie_card,2026-08-12 11:29:39,m_0143,,
3938,u_0404,s_00809,session_start,2026-08-22 13:59:00,,,
3939,u_0404,s_00809,search,2026-08-22 13:59:15,,,
3940,u_0404,s_00809,api_request,2026-08-22 13:59:20,,4164,1
3941,u_0404,s_00809,view_movie_card,2026-08-22 13:59:33,m_0067,,
3942,u_0599,s_00810,session_start,2026-08-19 18:22:00,,,
3943,u_0599,s_00810,search,2026-08-19 18:22:08,,,
3944,u_0599,s_00810,api_request,2026-08-19 18:22:08,,4303,0
3945,u_0599,s_00810,error_shown,2026-08-19 18:22:08,,,
3946,u_0109,s_00811,session_start,2026-08-08 10:42:00,,,
3947,u_0109,s_00811,search,2026-08-08 10:42:12,,,
3948,u_0109,s_00811,api_request,2026-08-08 10:42:16,,2196,1
3949,u_0815,s_00812,session_start,2026-08-26 23:46:00,,,
3950,u_0815,s_00812,search,2026-08-26 23:46:04,,,
3951,u_0815,s_00812,api_request,2026-08-26 23:46:07,,3741,1
3952,u_0118,s_00813,session_start,2026-08-02 18:16:00,,,
3953,u_0118,s_00813,search,2026-08-02 18:16:13,,,
3954,u_0118,s_00813,api_request,2026-08-02 18:16:13,,3366,1
3955,u_0118,s_00813,view_movie_card,2026-08-02 18:16:28,m_0056,,
3956,u_0118,s_00813,view_movie_card,2026-08-02 18:16:47,m_0069,,
3957,u_0118,s_00813,view_movie_card,2026-08-02 18:16:46,m_0101,,
3958,u_0118,s_00813,view_movie_card,2026-08-02 18:17:29,m_0348,,
3959,u_0445,s_00814,session_start,2026-08-07 20:10:00,,,
3960,u_0445,s_00814,search,2026-08-07 20:10:14,,,
3961,u_0445,s_00814,api_request,2026-08-07 20:10:15,,498,1
3962,u_0445,s_00814,random_pick,2026-08-07 20:10:17,,,
3963,u_0445,s_00814,view_movie_card,2026-08-07 20:10:20,m_0185,,
3964,u_0445,s_00814,view_movie_card,2026-08-07 20:10:29,m_0175,,
3965,u_0445,s_00814,add_favorite,2026-08-07 20:10:37,m_0175,,
3966,u_0445,s_00814,view_movie_card,2026-08-07 20:10:48,m_0427,,
3967,u_0445,s_00814,add_favorite,2026-08-07 20:10:56,m_0427,,
3968,u_0634,s_00815,session_start,2026-08-17 14:22:00,,,
3969,u_0634,s_00815,search,2026-08-17 14:22:15,,,
3970,u_0634,s_00815,api_request,2026-08-17 14:22:16,,3895,1
3971,u_0634,s_00815,random_pick,2026-08-17 14:22:17,,,
3972,u_0634,s_00815,view_movie_card,2026-08-17 14:22:25,m_0401,,
3973,u_0634,s_00815,view_movie_card,2026-08-17 14:22:32,m_0061,,
3974,u_0339,s_00816,session_start,2026-08-02 18:34:00,,,
3975,u_0339,s_00816,search,2026-08-02 18:34:15,,,
3976,u_0339,s_00816,api_request,2026-08-02 18:34:17,,2359,1
3977,u_0339,s_00816,view_movie_card,2026-08-02 18:34:27,m_0496,,
3978,u_0339,s_00816,view_movie_card,2026-08-02 18:34:41,m_0437,,
3979,u_0409,s_00817,session_start,2026-08-20 17:19:00,,,
3980,u_0409,s_00817,search,2026-08-20 17:19:10,,,
3981,u_0409,s_00817,api_request,2026-08-20 17:19:15,,5074,1
3982,u_0409,s_00817,random_pick,2026-08-20 17:19:16,,,
3983,u_0409,s_00817,view_movie_card,2026-08-20 17:19:21,m_0174,,
3984,u_0409,s_00817,view_movie_card,2026-08-20 17:19:37,m_0172,,
3985,u_0409,s_00817,view_movie_card,2026-08-20 17:19:33,m_0072,,
3986,u_0409,s_00817,add_favorite,2026-08-20 17:19:39,m_0072,,
3987,u_0409,s_00817,view_movie_card,2026-08-20 17:19:39,m_0121,,
3988,u_0625,s_00818,session_start,2026-08-26 18:57:00,,,
3989,u_0625,s_00818,search,2026-08-26 18:57:14,,,
3990,u_0625,s_00818,api_request,2026-08-26 18:57:14,,879,1
3991,u_0083,s_00819,session_start,2026-08-20 20:39:00,,,
3992,u_0083,s_00819,search,2026-08-20 20:39:09,,,
3993,u_0083,s_00819,api_request,2026-08-20 20:39:10,,641,1
3994,u_0083,s_00819,random_pick,2026-08-20 20:39:13,,,
3995,u_0083,s_00819,view_movie_card,2026-08-20 20:39:28,m_0245,,
3996,u_0083,s_00819,view_movie_card,2026-08-20 20:39:34,m_0011,,
3997,u_0831,s_00820,session_start,2026-08-01 21:50:00,,,
3998,u_0831,s_00820,search,2026-08-01 21:50:11,,,
3999,u_0831,s_00820,api_request,2026-08-01 21:50:14,,448,1
4000,u_0831,s_00820,view_movie_card,2026-08-01 21:50:23,m_0221,,
4001,u_0449,s_00821,session_start,2026-08-18 11:07:00,,,
4002,u_0449,s_00821,search,2026-08-18 11:07:11,,,
4003,u_0449,s_00821,api_request,2026-08-18 11:07:14,,3110,1
4004,u_0449,s_00821,random_pick,2026-08-18 11:07:19,,,
4005,u_0449,s_00821,view_movie_card,2026-08-18 11:07:19,m_0117,,
4006,u_0813,s_00822,session_start,2026-08-25 23:51:00,,,
4007,u_0813,s_00822,search,2026-08-25 23:51:02,,,
4008,u_0813,s_00822,api_request,2026-08-25 23:51:02,,2347,1
4009,u_0450,s_00823,session_start,2026-08-03 09:08:00,,,
4010,u_0450,s_00823,search,2026-08-03 09:08:02,,,
4011,u_0450,s_00823,api_request,2026-08-03 09:08:04,,2300,1
4012,u_0491,s_00824,session_start,2026-08-05 18:25:00,,,
4013,u_0491,s_00824,search,2026-08-05 18:25:12,,,
4014,u_0491,s_00824,api_request,2026-08-05 18:25:12,,4753,1
4015,u_0491,s_00824,view_movie_card,2026-08-05 18:25:24,m_0228,,
4016,u_0491,s_00824,view_movie_card,2026-08-05 18:25:44,m_0400,,
4017,u_0491,s_00824,view_movie_card,2026-08-05 18:25:48,m_0270,,
4018,u_0516,s_00825,session_start,2026-08-11 20:34:00,,,
4019,u_0516,s_00825,search,2026-08-11 20:34:07,,,
4020,u_0516,s_00825,api_request,2026-08-11 20:34:10,,4283,1
4021,u_0516,s_00825,random_pick,2026-08-11 20:34:15,,,
4022,u_0516,s_00825,view_movie_card,2026-08-11 20:34:22,m_0157,,
4023,u_0743,s_00826,session_start,2026-08-07 10:23:00,,,
4024,u_0743,s_00826,search,2026-08-07 10:23:04,,,
4025,u_0743,s_00826,api_request,2026-08-07 10:23:04,,3906,1
4026,u_0743,s_00826,random_pick,2026-08-07 10:23:08,,,
4027,u_0743,s_00826,view_movie_card,2026-08-07 10:23:10,m_0139,,
4028,u_0743,s_00826,view_movie_card,2026-08-07 10:23:38,m_0154,,
4029,u_0876,s_00827,session_start,2026-08-03 09:17:00,,,
4030,u_0876,s_00827,search,2026-08-03 09:17:09,,,
4031,u_0876,s_00827,api_request,2026-08-03 09:17:09,,3451,1
4032,u_0876,s_00827,view_movie_card,2026-08-03 09:17:27,m_0273,,
4033,u_0876,s_00827,add_favorite,2026-08-03 09:17:32,m_0273,,
4034,u_0357,s_00828,session_start,2026-08-02 17:48:00,,,
4035,u_0345,s_00829,session_start,2026-08-30 18:48:00,,,
4036,u_0772,s_00830,session_start,2026-08-30 13:51:00,,,
4037,u_0772,s_00830,search,2026-08-30 13:51:14,,,
4038,u_0772,s_00830,api_request,2026-08-30 13:51:14,,3855,1
4039,u_0754,s_00831,session_start,2026-08-26 20:59:00,,,
4040,u_0754,s_00831,search,2026-08-26 20:59:14,,,
4041,u_0754,s_00831,api_request,2026-08-26 20:59:15,,2654,1
4042,u_0587,s_00832,session_start,2026-08-18 16:27:00,,,
4043,u_0587,s_00832,search,2026-08-18 16:27:14,,,
4044,u_0587,s_00832,api_request,2026-08-18 16:27:18,,3423,1
4045,u_0587,s_00832,random_pick,2026-08-18 16:27:19,,,
4046,u_0587,s_00832,view_movie_card,2026-08-18 16:27:31,m_0410,,
4047,u_0587,s_00832,view_movie_card,2026-08-18 16:27:44,m_0044,,
4048,u_0587,s_00832,view_movie_card,2026-08-18 16:28:00,m_0173,,
4049,u_0587,s_00832,view_movie_card,2026-08-18 16:27:42,m_0316,,
4050,u_0587,s_00832,view_movie_card,2026-08-18 16:28:23,m_0338,,
4051,u_0623,s_00833,session_start,2026-08-21 21:49:00,,,
4052,u_0623,s_00833,search,2026-08-21 21:49:06,,,
4053,u_0623,s_00833,api_request,2026-08-21 21:49:10,,2466,1
4054,u_0451,s_00834,session_start,2026-08-15 16:01:00,,,
4055,u_0451,s_00834,search,2026-08-15 16:01:02,,,
4056,u_0451,s_00834,api_request,2026-08-15 16:01:05,,4859,1
4057,u_0451,s_00834,view_movie_card,2026-08-15 16:01:18,m_0460,,
4058,u_0185,s_00835,session_start,2026-08-11 10:28:00,,,
4059,u_0185,s_00835,search,2026-08-11 10:28:14,,,
4060,u_0185,s_00835,api_request,2026-08-11 10:28:16,,4354,1
4061,u_0185,s_00835,random_pick,2026-08-11 10:28:21,,,
4062,u_0185,s_00835,view_movie_card,2026-08-11 10:28:22,m_0120,,
4063,u_0185,s_00835,add_favorite,2026-08-11 10:28:23,m_0120,,
4064,u_0185,s_00835,view_movie_card,2026-08-11 10:28:36,m_0351,,
4065,u_0043,s_00836,session_start,2026-08-15 18:20:00,,,
4066,u_0043,s_00836,search,2026-08-15 18:20:05,,,
4067,u_0043,s_00836,api_request,2026-08-15 18:20:05,,2422,1
4068,u_0879,s_00837,session_start,2026-08-01 19:54:00,,,
4069,u_0879,s_00837,search,2026-08-01 19:54:10,,,
4070,u_0879,s_00837,api_request,2026-08-01 19:54:10,,3164,1
4071,u_0879,s_00837,random_pick,2026-08-01 19:54:11,,,
4072,u_0879,s_00837,view_movie_card,2026-08-01 19:54:22,m_0105,,
4073,u_0879,s_00837,view_movie_card,2026-08-01 19:54:42,m_0425,,
4074,u_0437,s_00838,session_start,2026-08-14 10:41:00,,,
4075,u_0437,s_00838,search,2026-08-14 10:41:04,,,
4076,u_0437,s_00838,api_request,2026-08-14 10:41:04,,3251,1
4077,u_0437,s_00838,view_movie_card,2026-08-14 10:41:24,m_0483,,
4078,u_0437,s_00838,view_movie_card,2026-08-14 10:41:14,m_0083,,
4079,u_0606,s_00839,session_start,2026-08-10 23:09:00,,,
4080,u_0606,s_00839,search,2026-08-10 23:09:11,,,
4081,u_0606,s_00839,api_request,2026-08-10 23:09:12,,4484,1
4082,u_0606,s_00839,view_movie_card,2026-08-10 23:09:28,m_0482,,
4083,u_0606,s_00839,add_favorite,2026-08-10 23:09:29,m_0482,,
4084,u_0606,s_00839,view_movie_card,2026-08-10 23:09:30,m_0196,,
4085,u_0606,s_00839,view_movie_card,2026-08-10 23:09:33,m_0490,,
4086,u_0606,s_00839,add_favorite,2026-08-10 23:09:37,m_0490,,
4087,u_0646,s_00840,session_start,2026-08-19 17:36:00,,,
4088,u_0646,s_00840,search,2026-08-19 17:36:08,,,
4089,u_0646,s_00840,api_request,2026-08-19 17:36:12,,4623,1
4090,u_0538,s_00841,session_start,2026-08-20 16:42:00,,,
4091,u_0538,s_00841,search,2026-08-20 16:42:07,,,
4092,u_0538,s_00841,api_request,2026-08-20 16:42:09,,5012,1
4093,u_0538,s_00841,random_pick,2026-08-20 16:42:12,,,
4094,u_0538,s_00841,view_movie_card,2026-08-20 16:42:21,m_0234,,
4095,u_0456,s_00842,session_start,2026-08-04 20:15:00,,,
4096,u_0456,s_00842,search,2026-08-04 20:15:08,,,
4097,u_0456,s_00842,api_request,2026-08-04 20:15:11,,4891,1
4098,u_0456,s_00842,view_movie_card,2026-08-04 20:15:23,m_0230,,
4099,u_0456,s_00842,view_movie_card,2026-08-04 20:15:35,m_0292,,
4100,u_0456,s_00842,view_movie_card,2026-08-04 20:15:38,m_0474,,
4101,u_0456,s_00842,view_movie_card,2026-08-04 20:16:23,m_0346,,
4102,u_0815,s_00843,session_start,2026-08-05 18:16:00,,,
4103,u_0815,s_00843,search,2026-08-05 18:16:07,,,
4104,u_0815,s_00843,api_request,2026-08-05 18:16:08,,3749,1
4105,u_0815,s_00843,view_movie_card,2026-08-05 18:16:19,m_0461,,
4106,u_0815,s_00843,add_favorite,2026-08-05 18:16:27,m_0461,,
4107,u_0429,s_00844,session_start,2026-08-01 11:07:00,,,
4108,u_0429,s_00844,search,2026-08-01 11:07:10,,,
4109,u_0429,s_00844,api_request,2026-08-01 11:07:14,,1335,1
4110,u_0707,s_00845,session_start,2026-08-27 15:01:00,,,
4111,u_0707,s_00845,search,2026-08-27 15:01:03,,,
4112,u_0707,s_00845,api_request,2026-08-27 15:01:04,,4636,1
4113,u_0131,s_00846,session_start,2026-08-29 15:22:00,,,
4114,u_0131,s_00846,search,2026-08-29 15:22:10,,,
4115,u_0131,s_00846,api_request,2026-08-29 15:22:12,,1275,1
4116,u_0131,s_00846,random_pick,2026-08-29 15:22:17,,,
4117,u_0131,s_00846,view_movie_card,2026-08-29 15:22:20,m_0370,,
4118,u_0131,s_00846,add_favorite,2026-08-29 15:22:26,m_0370,,
4119,u_0131,s_00846,view_movie_card,2026-08-29 15:22:50,m_0467,,
4120,u_0131,s_00846,view_movie_card,2026-08-29 15:23:09,m_0380,,
4121,u_0717,s_00847,session_start,2026-08-10 21:30:00,,,
4122,u_0717,s_00847,search,2026-08-10 21:30:04,,,
4123,u_0717,s_00847,api_request,2026-08-10 21:30:09,,4472,1
4124,u_0717,s_00847,view_movie_card,2026-08-10 21:30:25,m_0346,,
4125,u_0717,s_00847,view_movie_card,2026-08-10 21:30:43,m_0165,,
4126,u_0717,s_00847,view_movie_card,2026-08-10 21:30:48,m_0484,,
4127,u_0717,s_00847,view_movie_card,2026-08-10 21:30:57,m_0153,,
4128,u_0538,s_00848,session_start,2026-08-02 18:33:00,,,
4129,u_0538,s_00848,search,2026-08-02 18:33:15,,,
4130,u_0538,s_00848,api_request,2026-08-02 18:33:18,,3446,1
4131,u_0538,s_00848,random_pick,2026-08-02 18:33:20,,,
4132,u_0538,s_00848,view_movie_card,2026-08-02 18:33:36,m_0266,,
4133,u_0102,s_00849,session_start,2026-08-29 18:20:00,,,
4134,u_0102,s_00849,search,2026-08-29 18:20:04,,,
4135,u_0102,s_00849,api_request,2026-08-29 18:20:05,,4286,1
4136,u_0102,s_00849,random_pick,2026-08-29 18:20:08,,,
4137,u_0102,s_00849,view_movie_card,2026-08-29 18:20:13,m_0474,,
4138,u_0102,s_00849,view_movie_card,2026-08-29 18:20:31,m_0073,,
4139,u_0102,s_00849,add_favorite,2026-08-29 18:20:34,m_0073,,
4140,u_0102,s_00849,view_movie_card,2026-08-29 18:20:20,m_0307,,
4141,u_0102,s_00849,view_movie_card,2026-08-29 18:20:49,m_0004,,
4142,u_0209,s_00850,session_start,2026-08-27 09:23:00,,,
4143,u_0209,s_00850,search,2026-08-27 09:23:11,,,
4144,u_0209,s_00850,api_request,2026-08-27 09:23:14,,4567,1
4145,u_0209,s_00850,view_movie_card,2026-08-27 09:23:22,m_0228,,
4146,u_0209,s_00850,view_movie_card,2026-08-27 09:23:54,m_0135,,
4147,u_0209,s_00850,add_favorite,2026-08-27 09:23:57,m_0135,,
4148,u_0120,s_00851,session_start,2026-08-09 20:42:00,,,
4149,u_0813,s_00852,session_start,2026-08-26 10:47:00,,,
4150,u_0813,s_00852,search,2026-08-26 10:47:03,,,
4151,u_0813,s_00852,api_request,2026-08-26 10:47:05,,3047,1
4152,u_0813,s_00852,view_movie_card,2026-08-26 10:47:12,m_0362,,
4153,u_0813,s_00852,view_movie_card,2026-08-26 10:47:17,m_0222,,
4154,u_0813,s_00852,add_favorite,2026-08-26 10:47:23,m_0222,,
4155,u_0677,s_00853,session_start,2026-08-07 22:35:00,,,
4156,u_0677,s_00853,search,2026-08-07 22:35:12,,,
4157,u_0677,s_00853,api_request,2026-08-07 22:35:12,,365,1
4158,u_0677,s_00853,view_movie_card,2026-08-07 22:35:24,m_0345,,
4159,u_0677,s_00853,add_favorite,2026-08-07 22:35:32,m_0345,,
4160,u_0677,s_00853,view_movie_card,2026-08-07 22:35:30,m_0249,,
4161,u_0135,s_00854,session_start,2026-08-24 16:18:00,,,
4162,u_0135,s_00854,search,2026-08-24 16:18:03,,,
4163,u_0135,s_00854,api_request,2026-08-24 16:18:07,,2054,1
4164,u_0135,s_00854,view_movie_card,2026-08-24 16:18:18,m_0364,,
4165,u_0135,s_00854,add_favorite,2026-08-24 16:18:25,m_0364,,
4166,u_0390,s_00855,session_start,2026-08-23 13:39:00,,,
4167,u_0390,s_00855,search,2026-08-23 13:39:05,,,
4168,u_0390,s_00855,api_request,2026-08-23 13:39:10,,4645,1
4169,u_0390,s_00855,random_pick,2026-08-23 13:39:12,,,
4170,u_0390,s_00855,view_movie_card,2026-08-23 13:39:24,m_0343,,
4171,u_0613,s_00856,session_start,2026-08-26 19:25:00,,,
4172,u_0613,s_00856,search,2026-08-26 19:25:09,,,
4173,u_0613,s_00856,api_request,2026-08-26 19:25:11,,1220,1
4174,u_0295,s_00857,session_start,2026-08-29 21:48:00,,,
4175,u_0295,s_00857,search,2026-08-29 21:48:09,,,
4176,u_0295,s_00857,api_request,2026-08-29 21:48:11,,3780,1
4177,u_0295,s_00857,random_pick,2026-08-29 21:48:12,,,
4178,u_0295,s_00857,view_movie_card,2026-08-29 21:48:27,m_0357,,
4179,u_0295,s_00857,view_movie_card,2026-08-29 21:48:29,m_0397,,
4180,u_0501,s_00858,session_start,2026-08-27 21:55:00,,,
4181,u_0501,s_00858,search,2026-08-27 21:55:12,,,
4182,u_0501,s_00858,api_request,2026-08-27 21:55:14,,5194,0
4183,u_0501,s_00858,error_shown,2026-08-27 21:55:14,,,
4184,u_0872,s_00859,session_start,2026-08-17 12:56:00,,,
4185,u_0872,s_00859,search,2026-08-17 12:56:02,,,
4186,u_0872,s_00859,api_request,2026-08-17 12:56:06,,2443,1
4187,u_0872,s_00859,view_movie_card,2026-08-17 12:56:24,m_0205,,
4188,u_0872,s_00859,view_movie_card,2026-08-17 12:56:18,m_0138,,
4189,u_0839,s_00860,session_start,2026-08-08 14:40:00,,,
4190,u_0839,s_00860,search,2026-08-08 14:40:09,,,
4191,u_0839,s_00860,api_request,2026-08-08 14:40:12,,1664,1
4192,u_0839,s_00860,random_pick,2026-08-08 14:40:17,,,
4193,u_0839,s_00860,view_movie_card,2026-08-08 14:40:27,m_0067,,
4194,u_0839,s_00860,view_movie_card,2026-08-08 14:40:22,m_0487,,
4195,u_0839,s_00860,view_movie_card,2026-08-08 14:41:03,m_0047,,
4196,u_0786,s_00861,session_start,2026-08-11 23:22:00,,,
4197,u_0786,s_00861,search,2026-08-11 23:22:03,,,
4198,u_0786,s_00861,api_request,2026-08-11 23:22:08,,4724,0
4199,u_0786,s_00861,error_shown,2026-08-11 23:22:08,,,
4200,u_0161,s_00862,session_start,2026-08-12 17:12:00,,,
4201,u_0161,s_00862,search,2026-08-12 17:12:08,,,
4202,u_0161,s_00862,api_request,2026-08-12 17:12:10,,1622,1
4203,u_0567,s_00863,session_start,2026-08-11 15:13:00,,,
4204,u_0567,s_00863,search,2026-08-11 15:13:02,,,
4205,u_0567,s_00863,api_request,2026-08-11 15:13:02,,4613,1
4206,u_0567,s_00863,view_movie_card,2026-08-11 15:13:12,m_0145,,
4207,u_0567,s_00863,view_movie_card,2026-08-11 15:13:26,m_0324,,
4208,u_0768,s_00864,session_start,2026-08-08 09:17:00,,,
4209,u_0768,s_00864,search,2026-08-08 09:17:14,,,
4210,u_0768,s_00864,api_request,2026-08-08 09:17:17,,1374,1
4211,u_0087,s_00865,session_start,2026-08-29 13:55:00,,,
4212,u_0087,s_00865,search,2026-08-29 13:55:10,,,
4213,u_0087,s_00865,api_request,2026-08-29 13:55:15,,3702,1
4214,u_0087,s_00865,view_movie_card,2026-08-29 13:55:24,m_0049,,
4215,u_0087,s_00865,view_movie_card,2026-08-29 13:55:49,m_0100,,
4216,u_0087,s_00865,view_movie_card,2026-08-29 13:55:57,m_0402,,
4217,u_0310,s_00866,session_start,2026-08-17 20:01:00,,,
4218,u_0310,s_00866,search,2026-08-17 20:01:05,,,
4219,u_0310,s_00866,api_request,2026-08-17 20:01:06,,5020,1
4220,u_0310,s_00866,random_pick,2026-08-17 20:01:10,,,
4221,u_0310,s_00866,view_movie_card,2026-08-17 20:01:19,m_0248,,
4222,u_0251,s_00867,session_start,2026-08-23 17:32:00,,,
4223,u_0251,s_00867,search,2026-08-23 17:32:09,,,
4224,u_0251,s_00867,api_request,2026-08-23 17:32:12,,4777,1
4225,u_0251,s_00867,view_movie_card,2026-08-23 17:32:17,m_0204,,
4226,u_0251,s_00867,view_movie_card,2026-08-23 17:32:50,m_0190,,
4227,u_0341,s_00868,session_start,2026-08-04 19:19:00,,,
4228,u_0341,s_00868,search,2026-08-04 19:19:12,,,
4229,u_0341,s_00868,api_request,2026-08-04 19:19:12,,1686,1
4230,u_0341,s_00868,view_movie_card,2026-08-04 19:19:19,m_0073,,
4231,u_0341,s_00868,view_movie_card,2026-08-04 19:19:52,m_0268,,
4232,u_0341,s_00868,view_movie_card,2026-08-04 19:19:48,m_0031,,
4233,u_0341,s_00868,view_movie_card,2026-08-04 19:20:04,m_0211,,
4234,u_0341,s_00868,view_movie_card,2026-08-04 19:20:27,m_0428,,
4235,u_0341,s_00868,add_favorite,2026-08-04 19:20:33,m_0428,,
4236,u_0417,s_00869,session_start,2026-08-23 18:38:00,,,
4237,u_0417,s_00869,search,2026-08-23 18:38:06,,,
4238,u_0417,s_00869,api_request,2026-08-23 18:38:11,,4907,1
4239,u_0668,s_00870,session_start,2026-08-18 16:20:00,,,
4240,u_0668,s_00870,search,2026-08-18 16:20:09,,,
4241,u_0668,s_00870,api_request,2026-08-18 16:20:13,,967,1
4242,u_0385,s_00871,session_start,2026-08-14 20:04:00,,,
4243,u_0385,s_00871,search,2026-08-14 20:04:02,,,
4244,u_0385,s_00871,api_request,2026-08-14 20:04:03,,1295,1
4245,u_0385,s_00871,view_movie_card,2026-08-14 20:04:09,m_0454,,
4246,u_0385,s_00871,view_movie_card,2026-08-14 20:04:23,m_0321,,
4247,u_0896,s_00872,session_start,2026-08-16 11:47:00,,,
4248,u_0896,s_00872,search,2026-08-16 11:47:08,,,
4249,u_0896,s_00872,api_request,2026-08-16 11:47:08,,3867,1
4250,u_0693,s_00873,session_start,2026-08-24 23:56:00,,,
4251,u_0693,s_00873,search,2026-08-24 23:56:07,,,
4252,u_0693,s_00873,api_request,2026-08-24 23:56:12,,4918,1
4253,u_0693,s_00873,view_movie_card,2026-08-24 23:56:23,m_0412,,
4254,u_0620,s_00874,session_start,2026-08-23 14:33:00,,,
4255,u_0620,s_00874,search,2026-08-23 14:33:09,,,
4256,u_0620,s_00874,api_request,2026-08-23 14:33:10,,1408,1
4257,u_0620,s_00874,view_movie_card,2026-08-23 14:33:25,m_0214,,
4258,u_0620,s_00874,add_favorite,2026-08-23 14:33:33,m_0214,,
4259,u_0620,s_00874,view_movie_card,2026-08-23 14:33:24,m_0003,,
4260,u_0620,s_00874,view_movie_card,2026-08-23 14:33:43,m_0103,,
4261,u_0097,s_00875,session_start,2026-08-18 16:21:00,,,
4262,u_0097,s_00875,search,2026-08-18 16:21:09,,,
4263,u_0097,s_00875,api_request,2026-08-18 16:21:14,,3170,1
4264,u_0097,s_00875,random_pick,2026-08-18 16:21:15,,,
4265,u_0097,s_00875,view_movie_card,2026-08-18 16:21:25,m_0141,,
4266,u_0097,s_00875,view_movie_card,2026-08-18 16:21:50,m_0300,,
4267,u_0097,s_00875,view_movie_card,2026-08-18 16:22:02,m_0320,,
4268,u_0097,s_00875,view_movie_card,2026-08-18 16:22:06,m_0288,,
4269,u_0607,s_00876,session_start,2026-08-22 12:04:00,,,
4270,u_0607,s_00876,search,2026-08-22 12:04:13,,,
4271,u_0607,s_00876,api_request,2026-08-22 12:04:14,,2453,1
4272,u_0607,s_00876,view_movie_card,2026-08-22 12:04:31,m_0170,,
4273,u_0284,s_00877,session_start,2026-08-28 18:38:00,,,
4274,u_0685,s_00878,session_start,2026-08-24 22:39:00,,,
4275,u_0803,s_00879,session_start,2026-08-07 11:00:00,,,
4276,u_0803,s_00879,search,2026-08-07 11:00:05,,,
4277,u_0803,s_00879,api_request,2026-08-07 11:00:05,,1500,1
4278,u_0803,s_00879,random_pick,2026-08-07 11:00:06,,,
4279,u_0803,s_00879,view_movie_card,2026-08-07 11:00:11,m_0071,,
4280,u_0803,s_00879,view_movie_card,2026-08-07 11:00:43,m_0218,,
4281,u_0779,s_00880,session_start,2026-08-11 13:32:00,,,
4282,u_0779,s_00880,search,2026-08-11 13:32:10,,,
4283,u_0779,s_00880,api_request,2026-08-11 13:32:13,,3458,1
4284,u_0779,s_00880,view_movie_card,2026-08-11 13:32:28,m_0272,,
4285,u_0779,s_00880,add_favorite,2026-08-11 13:32:32,m_0272,,
4286,u_0779,s_00880,view_movie_card,2026-08-11 13:32:33,m_0485,,
4287,u_0861,s_00881,session_start,2026-08-09 20:09:00,,,
4288,u_0861,s_00881,search,2026-08-09 20:09:09,,,
4289,u_0861,s_00881,api_request,2026-08-09 20:09:13,,2352,1
4290,u_0861,s_00881,view_movie_card,2026-08-09 20:09:29,m_0092,,
4291,u_0861,s_00881,add_favorite,2026-08-09 20:09:35,m_0092,,
4292,u_0861,s_00881,view_movie_card,2026-08-09 20:09:51,m_0395,,
4293,u_0632,s_00882,session_start,2026-08-24 15:13:00,,,
4294,u_0632,s_00882,search,2026-08-24 15:13:05,,,
4295,u_0632,s_00882,api_request,2026-08-24 15:13:08,,387,1
4296,u_0632,s_00882,random_pick,2026-08-24 15:13:13,,,
4297,u_0632,s_00882,view_movie_card,2026-08-24 15:13:22,m_0169,,
4298,u_0632,s_00882,add_favorite,2026-08-24 15:13:28,m_0169,,
4299,u_0632,s_00882,view_movie_card,2026-08-24 15:13:34,m_0258,,
4300,u_0663,s_00883,session_start,2026-08-20 13:02:00,,,
4301,u_0663,s_00883,search,2026-08-20 13:02:09,,,
4302,u_0663,s_00883,api_request,2026-08-20 13:02:12,,8697,0
4303,u_0663,s_00883,error_shown,2026-08-20 13:02:12,,,
4304,u_0641,s_00884,session_start,2026-08-23 13:17:00,,,
4305,u_0641,s_00884,search,2026-08-23 13:17:11,,,
4306,u_0641,s_00884,api_request,2026-08-23 13:17:11,,4156,1
4307,u_0178,s_00885,session_start,2026-08-21 16:31:00,,,
4308,u_0178,s_00885,search,2026-08-21 16:31:15,,,
4309,u_0178,s_00885,api_request,2026-08-21 16:31:20,,1151,1
4310,u_0178,s_00885,view_movie_card,2026-08-21 16:31:29,m_0362,,
4311,u_0085,s_00886,session_start,2026-08-28 22:08:00,,,
4312,u_0085,s_00886,search,2026-08-28 22:08:15,,,
4313,u_0085,s_00886,api_request,2026-08-28 22:08:16,,8222,0
4314,u_0085,s_00886,error_shown,2026-08-28 22:08:16,,,
4315,u_0100,s_00887,session_start,2026-08-23 09:20:00,,,
4316,u_0100,s_00887,search,2026-08-23 09:20:06,,,
4317,u_0100,s_00887,api_request,2026-08-23 09:20:07,,436,1
4318,u_0100,s_00887,view_movie_card,2026-08-23 09:20:17,m_0464,,
4319,u_0100,s_00887,view_movie_card,2026-08-23 09:20:39,m_0265,,
4320,u_0100,s_00887,add_favorite,2026-08-23 09:20:46,m_0265,,
4321,u_0100,s_00887,view_movie_card,2026-08-23 09:21:01,m_0429,,
4322,u_0845,s_00888,session_start,2026-08-02 10:12:00,,,
4323,u_0845,s_00888,search,2026-08-02 10:12:04,,,
4324,u_0845,s_00888,api_request,2026-08-02 10:12:06,,3932,1
4325,u_0845,s_00888,view_movie_card,2026-08-02 10:12:24,m_0089,,
4326,u_0845,s_00888,view_movie_card,2026-08-02 10:12:16,m_0160,,
4327,u_0478,s_00889,session_start,2026-08-12 10:21:00,,,
4328,u_0478,s_00889,search,2026-08-12 10:21:13,,,
4329,u_0478,s_00889,api_request,2026-08-12 10:21:13,,4092,1
4330,u_0478,s_00889,random_pick,2026-08-12 10:21:14,,,
4331,u_0478,s_00889,view_movie_card,2026-08-12 10:21:23,m_0163,,
4332,u_0478,s_00889,view_movie_card,2026-08-12 10:21:23,m_0393,,
4333,u_0478,s_00889,add_favorite,2026-08-12 10:21:24,m_0393,,
4334,u_0478,s_00889,view_movie_card,2026-08-12 10:21:46,m_0327,,
4335,u_0478,s_00889,view_movie_card,2026-08-12 10:21:41,m_0450,,
4336,u_0698,s_00890,session_start,2026-08-08 13:53:00,,,
4337,u_0698,s_00890,search,2026-08-08 13:53:15,,,
4338,u_0698,s_00890,api_request,2026-08-08 13:53:16,,1387,1
4339,u_0698,s_00890,random_pick,2026-08-08 13:53:19,,,
4340,u_0698,s_00890,view_movie_card,2026-08-08 13:53:25,m_0290,,
4341,u_0698,s_00890,view_movie_card,2026-08-08 13:53:40,m_0428,,
4342,u_0698,s_00890,add_favorite,2026-08-08 13:53:44,m_0428,,
4343,u_0715,s_00891,session_start,2026-08-06 13:16:00,,,
4344,u_0715,s_00891,search,2026-08-06 13:16:03,,,
4345,u_0715,s_00891,api_request,2026-08-06 13:16:07,,3278,1
4346,u_0715,s_00891,view_movie_card,2026-08-06 13:16:17,m_0019,,
4347,u_0715,s_00891,view_movie_card,2026-08-06 13:16:41,m_0080,,
4348,u_0356,s_00892,session_start,2026-08-07 20:27:00,,,
4349,u_0356,s_00892,search,2026-08-07 20:27:12,,,
4350,u_0356,s_00892,api_request,2026-08-07 20:27:14,,4426,1
4351,u_0356,s_00892,random_pick,2026-08-07 20:27:19,,,
4352,u_0356,s_00892,view_movie_card,2026-08-07 20:27:25,m_0133,,
4353,u_0356,s_00892,add_favorite,2026-08-07 20:27:30,m_0133,,
4354,u_0356,s_00892,view_movie_card,2026-08-07 20:27:26,m_0473,,
4355,u_0356,s_00892,add_favorite,2026-08-07 20:27:29,m_0473,,
4356,u_0356,s_00892,view_movie_card,2026-08-07 20:28:14,m_0072,,
4357,u_0387,s_00893,session_start,2026-08-11 14:36:00,,,
4358,u_0387,s_00893,search,2026-08-11 14:36:02,,,
4359,u_0387,s_00893,api_request,2026-08-11 14:36:04,,3239,1
4360,u_0487,s_00894,session_start,2026-08-01 11:26:00,,,
4361,u_0487,s_00894,search,2026-08-01 11:26:12,,,
4362,u_0487,s_00894,api_request,2026-08-01 11:26:13,,3232,1
4363,u_0487,s_00894,random_pick,2026-08-01 11:26:14,,,
4364,u_0487,s_00894,view_movie_card,2026-08-01 11:26:32,m_0415,,
4365,u_0487,s_00894,view_movie_card,2026-08-01 11:26:49,m_0375,,
4366,u_0741,s_00895,session_start,2026-08-27 12:16:00,,,
4367,u_0741,s_00895,search,2026-08-27 12:16:07,,,
4368,u_0741,s_00895,api_request,2026-08-27 12:16:11,,2759,1
4369,u_0741,s_00895,random_pick,2026-08-27 12:16:16,,,
4370,u_0741,s_00895,view_movie_card,2026-08-27 12:16:19,m_0216,,
4371,u_0741,s_00895,view_movie_card,2026-08-27 12:16:37,m_0489,,
4372,u_0741,s_00895,view_movie_card,2026-08-27 12:16:26,m_0084,,
4373,u_0741,s_00895,view_movie_card,2026-08-27 12:17:07,m_0454,,
4374,u_0582,s_00896,session_start,2026-08-23 17:12:00,,,
4375,u_0582,s_00896,search,2026-08-23 17:12:04,,,
4376,u_0582,s_00896,api_request,2026-08-23 17:12:09,,740,1
4377,u_0145,s_00897,session_start,2026-08-10 21:49:00,,,
4378,u_0145,s_00897,search,2026-08-10 21:49:09,,,
4379,u_0145,s_00897,api_request,2026-08-10 21:49:12,,306,1
4380,u_0145,s_00897,random_pick,2026-08-10 21:49:15,,,
4381,u_0145,s_00897,view_movie_card,2026-08-10 21:49:19,m_0095,,
4382,u_0742,s_00898,session_start,2026-08-07 15:05:00,,,
4383,u_0742,s_00898,search,2026-08-07 15:05:12,,,
4384,u_0742,s_00898,api_request,2026-08-07 15:05:16,,3365,1
4385,u_0742,s_00898,random_pick,2026-08-07 15:05:21,,,
4386,u_0742,s_00898,view_movie_card,2026-08-07 15:05:33,m_0358,,
4387,u_0742,s_00898,add_favorite,2026-08-07 15:05:41,m_0358,,
4388,u_0475,s_00899,session_start,2026-08-22 15:53:00,,,
4389,u_0475,s_00899,search,2026-08-22 15:53:14,,,
4390,u_0475,s_00899,api_request,2026-08-22 15:53:14,,2907,1
4391,u_0475,s_00899,view_movie_card,2026-08-22 15:53:28,m_0420,,
4392,u_0404,s_00900,session_start,2026-08-28 15:38:00,,,
4393,u_0404,s_00900,search,2026-08-28 15:38:07,,,
4394,u_0404,s_00900,api_request,2026-08-28 15:38:11,,5104,1
4395,u_0404,s_00900,random_pick,2026-08-28 15:38:13,,,
4396,u_0404,s_00900,view_movie_card,2026-08-28 15:38:27,m_0186,,
4397,u_0404,s_00900,view_movie_card,2026-08-28 15:38:21,m_0313,,
4398,u_0404,s_00900,view_movie_card,2026-08-28 15:39:02,m_0469,,
4399,u_0404,s_00900,add_favorite,2026-08-28 15:39:06,m_0469,,
4400,u_0404,s_00900,view_movie_card,2026-08-28 15:38:47,m_0256,,
4401,u_0404,s_00900,add_favorite,2026-08-28 15:38:51,m_0256,,
4402,u_0348,s_00901,session_start,2026-08-10 15:05:00,,,
4403,u_0348,s_00901,search,2026-08-10 15:05:04,,,
4404,u_0348,s_00901,api_request,2026-08-10 15:05:07,,2848,1
4405,u_0348,s_00901,random_pick,2026-08-10 15:05:11,,,
4406,u_0348,s_00901,view_movie_card,2026-08-10 15:05:17,m_0084,,
4407,u_0348,s_00901,view_movie_card,2026-08-10 15:05:23,m_0239,,
4408,u_0348,s_00901,view_movie_card,2026-08-10 15:05:55,m_0352,,
4409,u_0823,s_00902,session_start,2026-08-21 22:25:00,,,
4410,u_0823,s_00902,search,2026-08-21 22:25:04,,,
4411,u_0823,s_00902,api_request,2026-08-21 22:25:06,,4453,1
4412,u_0823,s_00902,view_movie_card,2026-08-21 22:25:23,m_0217,,
4413,u_0823,s_00902,view_movie_card,2026-08-21 22:25:34,m_0218,,
4414,u_0827,s_00903,session_start,2026-08-21 10:38:00,,,
4415,u_0827,s_00903,search,2026-08-21 10:38:09,,,
4416,u_0827,s_00903,api_request,2026-08-21 10:38:13,,4179,1
4417,u_0827,s_00903,view_movie_card,2026-08-21 10:38:21,m_0403,,
4418,u_0827,s_00903,add_favorite,2026-08-21 10:38:28,m_0403,,
4419,u_0827,s_00903,view_movie_card,2026-08-21 10:38:47,m_0446,,
4420,u_0827,s_00903,view_movie_card,2026-08-21 10:38:40,m_0004,,
4421,u_0827,s_00903,view_movie_card,2026-08-21 10:39:05,m_0102,,
4422,u_0466,s_00904,session_start,2026-08-20 20:55:00,,,
4423,u_0466,s_00904,search,2026-08-20 20:55:09,,,
4424,u_0466,s_00904,api_request,2026-08-20 20:55:11,,7010,0
4425,u_0466,s_00904,error_shown,2026-08-20 20:55:11,,,
4426,u_0614,s_00905,session_start,2026-08-15 14:03:00,,,
4427,u_0614,s_00905,search,2026-08-15 14:03:06,,,
4428,u_0614,s_00905,api_request,2026-08-15 14:03:09,,2726,1
4429,u_0614,s_00905,random_pick,2026-08-15 14:03:12,,,
4430,u_0614,s_00905,view_movie_card,2026-08-15 14:03:25,m_0214,,
4431,u_0614,s_00905,add_favorite,2026-08-15 14:03:31,m_0214,,
4432,u_0611,s_00906,session_start,2026-08-10 19:02:00,,,
4433,u_0611,s_00906,search,2026-08-10 19:02:13,,,
4434,u_0611,s_00906,api_request,2026-08-10 19:02:13,,3545,1
4435,u_0611,s_00906,random_pick,2026-08-10 19:02:15,,,
4436,u_0611,s_00906,view_movie_card,2026-08-10 19:02:33,m_0221,,
4437,u_0633,s_00907,session_start,2026-08-12 16:44:00,,,
4438,u_0633,s_00907,search,2026-08-12 16:44:15,,,
4439,u_0633,s_00907,api_request,2026-08-12 16:44:19,,632,1
4440,u_0633,s_00907,random_pick,2026-08-12 16:44:20,,,
4441,u_0633,s_00907,view_movie_card,2026-08-12 16:44:36,m_0263,,
4442,u_0633,s_00907,view_movie_card,2026-08-12 16:44:33,m_0173,,
4443,u_0411,s_00908,session_start,2026-08-24 13:27:00,,,
4444,u_0411,s_00908,search,2026-08-24 13:27:13,,,
4445,u_0411,s_00908,api_request,2026-08-24 13:27:15,,949,1
4446,u_0197,s_00909,session_start,2026-08-14 10:50:00,,,
4447,u_0197,s_00909,search,2026-08-14 10:50:06,,,
4448,u_0197,s_00909,api_request,2026-08-14 10:50:11,,2296,1
4449,u_0197,s_00909,view_movie_card,2026-08-14 10:50:22,m_0390,,
4450,u_0797,s_00910,session_start,2026-08-09 20:44:00,,,
4451,u_0797,s_00910,search,2026-08-09 20:44:10,,,
4452,u_0797,s_00910,api_request,2026-08-09 20:44:15,,6265,0
4453,u_0797,s_00910,error_shown,2026-08-09 20:44:15,,,
4454,u_0292,s_00911,session_start,2026-08-30 11:43:00,,,
4455,u_0292,s_00911,search,2026-08-30 11:43:08,,,
4456,u_0292,s_00911,api_request,2026-08-30 11:43:09,,6394,0
4457,u_0292,s_00911,error_shown,2026-08-30 11:43:09,,,
4458,u_0274,s_00912,session_start,2026-08-22 11:17:00,,,
4459,u_0274,s_00912,search,2026-08-22 11:17:14,,,
4460,u_0274,s_00912,api_request,2026-08-22 11:17:19,,2113,1
4461,u_0274,s_00912,random_pick,2026-08-22 11:17:24,,,
4462,u_0274,s_00912,view_movie_card,2026-08-22 11:17:33,m_0373,,
4463,u_0274,s_00912,view_movie_card,2026-08-22 11:17:57,m_0302,,
4464,u_0274,s_00912,view_movie_card,2026-08-22 11:18:04,m_0278,,
4465,u_0352,s_00913,session_start,2026-08-30 17:00:00,,,
4466,u_0352,s_00913,search,2026-08-30 17:00:07,,,
4467,u_0352,s_00913,api_request,2026-08-30 17:00:10,,4387,1
4468,u_0352,s_00913,view_movie_card,2026-08-30 17:00:23,m_0207,,
4469,u_0352,s_00913,add_favorite,2026-08-30 17:00:25,m_0207,,
4470,u_0352,s_00913,view_movie_card,2026-08-30 17:00:50,m_0288,,
4471,u_0352,s_00913,view_movie_card,2026-08-30 17:00:31,m_0107,,
4472,u_0299,s_00914,session_start,2026-08-17 14:19:00,,,
4473,u_0299,s_00914,search,2026-08-17 14:19:09,,,
4474,u_0299,s_00914,api_request,2026-08-17 14:19:14,,1577,1
4475,u_0299,s_00914,view_movie_card,2026-08-17 14:19:32,m_0213,,
4476,u_0570,s_00915,session_start,2026-08-01 21:18:00,,,
4477,u_0570,s_00915,search,2026-08-01 21:18:05,,,
4478,u_0570,s_00915,api_request,2026-08-01 21:18:08,,1378,1
4479,u_0570,s_00915,random_pick,2026-08-01 21:18:12,,,
4480,u_0570,s_00915,view_movie_card,2026-08-01 21:18:19,m_0109,,
4481,u_0570,s_00915,view_movie_card,2026-08-01 21:18:36,m_0092,,
4482,u_0570,s_00915,view_movie_card,2026-08-01 21:18:59,m_0282,,
4483,u_0570,s_00915,view_movie_card,2026-08-01 21:18:52,m_0215,,
4484,u_0570,s_00915,view_movie_card,2026-08-01 21:19:13,m_0164,,
4485,u_0704,s_00916,session_start,2026-08-21 10:42:00,,,
4486,u_0515,s_00917,session_start,2026-08-25 19:20:00,,,
4487,u_0515,s_00917,search,2026-08-25 19:20:08,,,
4488,u_0515,s_00917,api_request,2026-08-25 19:20:10,,4353,1
4489,u_0515,s_00917,view_movie_card,2026-08-25 19:20:20,m_0474,,
4490,u_0546,s_00918,session_start,2026-08-13 13:00:00,,,
4491,u_0546,s_00918,search,2026-08-13 13:00:14,,,
4492,u_0546,s_00918,api_request,2026-08-13 13:00:18,,1105,1
4493,u_0546,s_00918,view_movie_card,2026-08-13 13:00:36,m_0097,,
4494,u_0546,s_00918,view_movie_card,2026-08-13 13:00:42,m_0071,,
4495,u_0546,s_00918,view_movie_card,2026-08-13 13:00:39,m_0307,,
4496,u_0625,s_00919,session_start,2026-08-14 09:20:00,,,
4497,u_0625,s_00919,search,2026-08-14 09:20:11,,,
4498,u_0625,s_00919,api_request,2026-08-14 09:20:16,,1045,1
4499,u_0809,s_00920,session_start,2026-08-01 20:38:00,,,
4500,u_0809,s_00920,search,2026-08-01 20:38:10,,,
4501,u_0809,s_00920,api_request,2026-08-01 20:38:14,,1622,1
4502,u_0809,s_00920,random_pick,2026-08-01 20:38:18,,,
4503,u_0809,s_00920,view_movie_card,2026-08-01 20:38:25,m_0166,,
4504,u_0809,s_00920,add_favorite,2026-08-01 20:38:27,m_0166,,
4505,u_0809,s_00920,view_movie_card,2026-08-01 20:38:24,m_0106,,
4506,u_0809,s_00920,view_movie_card,2026-08-01 20:39:11,m_0126,,
4507,u_0182,s_00921,session_start,2026-08-15 12:50:00,,,
4508,u_0823,s_00922,session_start,2026-08-17 19:07:00,,,
4509,u_0823,s_00922,search,2026-08-17 19:07:07,,,
4510,u_0823,s_00922,api_request,2026-08-17 19:07:08,,872,1
4511,u_0823,s_00922,view_movie_card,2026-08-17 19:07:28,m_0442,,
4512,u_0734,s_00923,session_start,2026-08-26 15:16:00,,,
4513,u_0734,s_00923,search,2026-08-26 15:16:13,,,
4514,u_0734,s_00923,api_request,2026-08-26 15:16:18,,4675,1
4515,u_0734,s_00923,view_movie_card,2026-08-26 15:16:24,m_0150,,
4516,u_0734,s_00923,view_movie_card,2026-08-26 15:16:30,m_0187,,
4517,u_0666,s_00924,session_start,2026-08-30 17:40:00,,,
4518,u_0666,s_00924,search,2026-08-30 17:40:14,,,
4519,u_0666,s_00924,api_request,2026-08-30 17:40:15,,2450,1
4520,u_0666,s_00924,view_movie_card,2026-08-30 17:40:25,m_0188,,
4521,u_0666,s_00924,view_movie_card,2026-08-30 17:40:45,m_0073,,
4522,u_0271,s_00925,session_start,2026-08-26 16:13:00,,,
4523,u_0271,s_00925,search,2026-08-26 16:13:12,,,
4524,u_0271,s_00925,api_request,2026-08-26 16:13:17,,4326,1
4525,u_0271,s_00925,random_pick,2026-08-26 16:13:21,,,
4526,u_0271,s_00925,view_movie_card,2026-08-26 16:13:32,m_0404,,
4527,u_0271,s_00925,view_movie_card,2026-08-26 16:13:43,m_0291,,
4528,u_0271,s_00925,view_movie_card,2026-08-26 16:13:35,m_0390,,
4529,u_0271,s_00925,add_favorite,2026-08-26 16:13:40,m_0390,,
4530,u_0380,s_00926,session_start,2026-08-01 12:56:00,,,
4531,u_0380,s_00926,search,2026-08-01 12:56:13,,,
4532,u_0380,s_00926,api_request,2026-08-01 12:56:15,,1596,1
4533,u_0380,s_00926,view_movie_card,2026-08-01 12:56:29,m_0080,,
4534,u_0623,s_00927,session_start,2026-08-23 11:09:00,,,
4535,u_0623,s_00927,search,2026-08-23 11:09:08,,,
4536,u_0623,s_00927,api_request,2026-08-23 11:09:10,,529,1
4537,u_0599,s_00928,session_start,2026-08-19 13:09:00,,,
4538,u_0599,s_00928,search,2026-08-19 13:09:07,,,
4539,u_0599,s_00928,api_request,2026-08-19 13:09:11,,4533,1
4540,u_0599,s_00928,random_pick,2026-08-19 13:09:14,,,
4541,u_0599,s_00928,view_movie_card,2026-08-19 13:09:20,m_0301,,
4542,u_0599,s_00928,view_movie_card,2026-08-19 13:09:41,m_0268,,
4543,u_0664,s_00929,session_start,2026-08-28 23:31:00,,,
4544,u_0664,s_00929,search,2026-08-28 23:31:10,,,
4545,u_0664,s_00929,api_request,2026-08-28 23:31:14,,3411,1
4546,u_0664,s_00929,random_pick,2026-08-28 23:31:17,,,
4547,u_0664,s_00929,view_movie_card,2026-08-28 23:31:25,m_0115,,
4548,u_0664,s_00929,add_favorite,2026-08-28 23:31:27,m_0115,,
4549,u_0664,s_00929,view_movie_card,2026-08-28 23:31:36,m_0183,,
4550,u_0664,s_00929,view_movie_card,2026-08-28 23:31:29,m_0431,,
4551,u_0664,s_00929,view_movie_card,2026-08-28 23:32:02,m_0380,,
4552,u_0664,s_00929,add_favorite,2026-08-28 23:32:03,m_0380,,
4553,u_0664,s_00929,view_movie_card,2026-08-28 23:32:39,m_0321,,
4554,u_0664,s_00929,add_favorite,2026-08-28 23:32:45,m_0321,,
4555,u_0567,s_00930,session_start,2026-08-17 10:17:00,,,
4556,u_0894,s_00931,session_start,2026-08-28 20:34:00,,,
4557,u_0894,s_00931,search,2026-08-28 20:34:14,,,
4558,u_0894,s_00931,api_request,2026-08-28 20:34:14,,4583,1
4559,u_0894,s_00931,view_movie_card,2026-08-28 20:34:26,m_0117,,
4560,u_0624,s_00932,session_start,2026-08-15 11:02:00,,,
4561,u_0624,s_00932,search,2026-08-15 11:02:06,,,
4562,u_0624,s_00932,api_request,2026-08-15 11:02:06,,821,1
4563,u_0063,s_00933,session_start,2026-08-05 17:19:00,,,
4564,u_0063,s_00933,search,2026-08-05 17:19:05,,,
4565,u_0063,s_00933,api_request,2026-08-05 17:19:09,,4209,1
4566,u_0063,s_00933,view_movie_card,2026-08-05 17:19:24,m_0405,,
4567,u_0063,s_00933,view_movie_card,2026-08-05 17:19:31,m_0245,,
4568,u_0063,s_00933,add_favorite,2026-08-05 17:19:33,m_0245,,
4569,u_0556,s_00934,session_start,2026-08-16 12:06:00,,,
4570,u_0556,s_00934,search,2026-08-16 12:06:11,,,
4571,u_0556,s_00934,api_request,2026-08-16 12:06:15,,378,1
4572,u_0556,s_00934,random_pick,2026-08-16 12:06:19,,,
4573,u_0556,s_00934,view_movie_card,2026-08-16 12:06:26,m_0302,,
4574,u_0556,s_00934,view_movie_card,2026-08-16 12:06:53,m_0001,,
4575,u_0556,s_00934,view_movie_card,2026-08-16 12:07:09,m_0308,,
4576,u_0556,s_00934,view_movie_card,2026-08-16 12:06:55,m_0169,,
4577,u_0307,s_00935,session_start,2026-08-17 13:41:00,,,
4578,u_0307,s_00935,search,2026-08-17 13:41:10,,,
4579,u_0307,s_00935,api_request,2026-08-17 13:41:12,,4897,1
4580,u_0307,s_00935,random_pick,2026-08-17 13:41:14,,,
4581,u_0307,s_00935,view_movie_card,2026-08-17 13:41:32,m_0004,,
4582,u_0307,s_00935,view_movie_card,2026-08-17 13:41:52,m_0254,,
4583,u_0307,s_00935,add_favorite,2026-08-17 13:41:54,m_0254,,
4584,u_0312,s_00936,session_start,2026-08-25 15:43:00,,,
4585,u_0312,s_00936,search,2026-08-25 15:43:15,,,
4586,u_0312,s_00936,api_request,2026-08-25 15:43:18,,4712,1
4587,u_0782,s_00937,session_start,2026-08-07 21:06:00,,,
4588,u_0782,s_00937,search,2026-08-07 21:06:06,,,
4589,u_0782,s_00937,api_request,2026-08-07 21:06:10,,4645,1
4590,u_0782,s_00937,view_movie_card,2026-08-07 21:06:21,m_0293,,
4591,u_0782,s_00937,view_movie_card,2026-08-07 21:06:40,m_0081,,
4592,u_0782,s_00937,add_favorite,2026-08-07 21:06:47,m_0081,,
4593,u_0782,s_00937,view_movie_card,2026-08-07 21:06:40,m_0437,,
4594,u_0782,s_00937,add_favorite,2026-08-07 21:06:43,m_0437,,
4595,u_0670,s_00938,session_start,2026-08-11 17:30:00,,,
4596,u_0670,s_00938,search,2026-08-11 17:30:08,,,
4597,u_0670,s_00938,api_request,2026-08-11 17:30:10,,2453,1
4598,u_0670,s_00938,random_pick,2026-08-11 17:30:12,,,
4599,u_0670,s_00938,view_movie_card,2026-08-11 17:30:24,m_0171,,
4600,u_0670,s_00938,view_movie_card,2026-08-11 17:30:40,m_0231,,
4601,u_0670,s_00938,view_movie_card,2026-08-11 17:31:01,m_0391,,
4602,u_0670,s_00938,view_movie_card,2026-08-11 17:31:18,m_0029,,
4603,u_0144,s_00939,session_start,2026-08-12 19:51:00,,,
4604,u_0839,s_00940,session_start,2026-08-25 13:01:00,,,
4605,u_0839,s_00940,search,2026-08-25 13:01:05,,,
4606,u_0839,s_00940,api_request,2026-08-25 13:01:10,,2714,1
4607,u_0810,s_00941,session_start,2026-08-01 14:27:00,,,
4608,u_0810,s_00941,search,2026-08-01 14:27:10,,,
4609,u_0810,s_00941,api_request,2026-08-01 14:27:14,,2061,1
4610,u_0810,s_00941,random_pick,2026-08-01 14:27:15,,,
4611,u_0810,s_00941,view_movie_card,2026-08-01 14:27:26,m_0083,,
4612,u_0810,s_00941,view_movie_card,2026-08-01 14:27:54,m_0483,,
4613,u_0676,s_00942,session_start,2026-08-16 09:49:00,,,
4614,u_0676,s_00942,search,2026-08-16 09:49:13,,,
4615,u_0676,s_00942,api_request,2026-08-16 09:49:17,,5101,1
4616,u_0676,s_00942,view_movie_card,2026-08-16 09:49:30,m_0276,,
4617,u_0484,s_00943,session_start,2026-08-30 13:07:00,,,
4618,u_0484,s_00943,search,2026-08-30 13:07:13,,,
4619,u_0484,s_00943,api_request,2026-08-30 13:07:13,,3689,1
4620,u_0307,s_00944,session_start,2026-08-28 11:37:00,,,
4621,u_0307,s_00944,search,2026-08-28 11:37:10,,,
4622,u_0307,s_00944,api_request,2026-08-28 11:37:10,,2985,1
4623,u_0307,s_00944,random_pick,2026-08-28 11:37:15,,,
4624,u_0307,s_00944,view_movie_card,2026-08-28 11:37:24,m_0354,,
4625,u_0307,s_00944,add_favorite,2026-08-28 11:37:26,m_0354,,
4626,u_0307,s_00944,view_movie_card,2026-08-28 11:37:40,m_0491,,
4627,u_0307,s_00944,view_movie_card,2026-08-28 11:38:07,m_0383,,
4628,u_0234,s_00945,session_start,2026-08-06 14:29:00,,,
4629,u_0234,s_00945,search,2026-08-06 14:29:07,,,
4630,u_0234,s_00945,api_request,2026-08-06 14:29:08,,2421,1
4631,u_0234,s_00945,random_pick,2026-08-06 14:29:09,,,
4632,u_0234,s_00945,view_movie_card,2026-08-06 14:29:26,m_0219,,
4633,u_0234,s_00945,view_movie_card,2026-08-06 14:29:48,m_0409,,
4634,u_0234,s_00945,add_favorite,2026-08-06 14:29:49,m_0409,,
4635,u_0234,s_00945,view_movie_card,2026-08-06 14:29:56,m_0009,,
4636,u_0818,s_00946,session_start,2026-08-02 17:55:00,,,
4637,u_0818,s_00946,search,2026-08-02 17:55:10,,,
4638,u_0818,s_00946,api_request,2026-08-02 17:55:14,,3034,1
4639,u_0818,s_00946,view_movie_card,2026-08-02 17:55:22,m_0273,,
4640,u_0818,s_00946,add_favorite,2026-08-02 17:55:24,m_0273,,
4641,u_0818,s_00946,view_movie_card,2026-08-02 17:55:52,m_0313,,
4642,u_0818,s_00946,view_movie_card,2026-08-02 17:55:47,m_0385,,
4643,u_0818,s_00946,add_favorite,2026-08-02 17:55:54,m_0385,,
4644,u_0463,s_00947,session_start,2026-08-27 13:29:00,,,
4645,u_0463,s_00947,search,2026-08-27 13:29:13,,,
4646,u_0463,s_00947,api_request,2026-08-27 13:29:14,,898,1
4647,u_0463,s_00947,view_movie_card,2026-08-27 13:29:32,m_0456,,
4648,u_0463,s_00947,add_favorite,2026-08-27 13:29:37,m_0456,,
4649,u_0463,s_00947,view_movie_card,2026-08-27 13:29:24,m_0320,,
4650,u_0331,s_00948,session_start,2026-08-01 09:14:00,,,
4651,u_0331,s_00948,search,2026-08-01 09:14:06,,,
4652,u_0331,s_00948,api_request,2026-08-01 09:14:08,,2975,1
4653,u_0331,s_00948,random_pick,2026-08-01 09:14:13,,,
4654,u_0331,s_00948,view_movie_card,2026-08-01 09:14:24,m_0458,,
4655,u_0331,s_00948,view_movie_card,2026-08-01 09:14:26,m_0097,,
4656,u_0331,s_00948,view_movie_card,2026-08-01 09:14:41,m_0158,,
4657,u_0331,s_00948,add_favorite,2026-08-01 09:14:42,m_0158,,
4658,u_0041,s_00949,session_start,2026-08-18 18:54:00,,,
4659,u_0041,s_00949,search,2026-08-18 18:54:10,,,
4660,u_0041,s_00949,api_request,2026-08-18 18:54:13,,2982,1
4661,u_0214,s_00950,session_start,2026-08-30 12:42:00,,,
4662,u_0214,s_00950,search,2026-08-30 12:42:04,,,
4663,u_0214,s_00950,api_request,2026-08-30 12:42:07,,2208,1
4664,u_0028,s_00951,session_start,2026-08-07 21:22:00,,,
4665,u_0028,s_00951,search,2026-08-07 21:22:09,,,
4666,u_0028,s_00951,api_request,2026-08-07 21:22:10,,3372,1
4667,u_0028,s_00951,view_movie_card,2026-08-07 21:22:21,m_0195,,
4668,u_0028,s_00951,add_favorite,2026-08-07 21:22:29,m_0195,,
4669,u_0028,s_00951,view_movie_card,2026-08-07 21:22:44,m_0102,,
4670,u_0028,s_00951,add_favorite,2026-08-07 21:22:51,m_0102,,
4671,u_0028,s_00951,view_movie_card,2026-08-07 21:22:34,m_0048,,
4672,u_0028,s_00951,view_movie_card,2026-08-07 21:22:42,m_0084,,
4673,u_0620,s_00952,session_start,2026-08-04 16:47:00,,,
4674,u_0620,s_00952,search,2026-08-04 16:47:07,,,
4675,u_0620,s_00952,api_request,2026-08-04 16:47:10,,1043,1
4676,u_0521,s_00953,session_start,2026-08-12 16:16:00,,,
4677,u_0521,s_00953,search,2026-08-12 16:16:09,,,
4678,u_0521,s_00953,api_request,2026-08-12 16:16:09,,6440,0
4679,u_0521,s_00953,error_shown,2026-08-12 16:16:09,,,
4680,u_0364,s_00954,session_start,2026-08-13 22:06:00,,,
4681,u_0364,s_00954,search,2026-08-13 22:06:06,,,
4682,u_0364,s_00954,api_request,2026-08-13 22:06:06,,2763,1
4683,u_0364,s_00954,view_movie_card,2026-08-13 22:06:23,m_0449,,
4684,u_0364,s_00954,view_movie_card,2026-08-13 22:06:32,m_0374,,
4685,u_0364,s_00954,view_movie_card,2026-08-13 22:06:51,m_0024,,
4686,u_0364,s_00954,add_favorite,2026-08-13 22:06:55,m_0024,,
4687,u_0132,s_00955,session_start,2026-08-06 18:00:00,,,
4688,u_0132,s_00955,search,2026-08-06 18:00:04,,,
4689,u_0132,s_00955,api_request,2026-08-06 18:00:09,,619,1
4690,u_0132,s_00955,view_movie_card,2026-08-06 18:00:23,m_0191,,
4691,u_0132,s_00955,view_movie_card,2026-08-06 18:00:29,m_0215,,
4692,u_0132,s_00955,add_favorite,2026-08-06 18:00:32,m_0215,,
4693,u_0132,s_00955,view_movie_card,2026-08-06 18:00:39,m_0187,,
4694,u_0031,s_00956,session_start,2026-08-04 21:10:00,,,
4695,u_0031,s_00956,search,2026-08-04 21:10:06,,,
4696,u_0031,s_00956,api_request,2026-08-04 21:10:09,,2472,1
4697,u_0031,s_00956,random_pick,2026-08-04 21:10:10,,,
4698,u_0031,s_00956,view_movie_card,2026-08-04 21:10:29,m_0018,,
4699,u_0048,s_00957,session_start,2026-08-05 23:26:00,,,
4700,u_0048,s_00957,search,2026-08-05 23:26:14,,,
4701,u_0048,s_00957,api_request,2026-08-05 23:26:19,,1690,1
4702,u_0048,s_00957,view_movie_card,2026-08-05 23:26:26,m_0215,,
4703,u_0426,s_00958,session_start,2026-08-04 16:29:00,,,
4704,u_0426,s_00958,search,2026-08-04 16:29:10,,,
4705,u_0426,s_00958,api_request,2026-08-04 16:29:13,,305,1
4706,u_0426,s_00958,view_movie_card,2026-08-04 16:29:22,m_0166,,
4707,u_0426,s_00958,view_movie_card,2026-08-04 16:29:45,m_0490,,
4708,u_0505,s_00959,session_start,2026-08-23 10:30:00,,,
4709,u_0505,s_00959,search,2026-08-23 10:30:15,,,
4710,u_0505,s_00959,api_request,2026-08-23 10:30:19,,2096,1
4711,u_0505,s_00959,random_pick,2026-08-23 10:30:20,,,
4712,u_0505,s_00959,view_movie_card,2026-08-23 10:30:27,m_0368,,
4713,u_0505,s_00959,view_movie_card,2026-08-23 10:30:35,m_0128,,
4714,u_0505,s_00959,view_movie_card,2026-08-23 10:30:49,m_0374,,
4715,u_0685,s_00960,session_start,2026-08-11 20:29:00,,,
4716,u_0685,s_00960,search,2026-08-11 20:29:10,,,
4717,u_0685,s_00960,api_request,2026-08-11 20:29:14,,2485,1
4718,u_0685,s_00960,view_movie_card,2026-08-11 20:29:23,m_0297,,
4719,u_0819,s_00961,session_start,2026-08-28 09:47:00,,,
4720,u_0819,s_00961,search,2026-08-28 09:47:02,,,
4721,u_0819,s_00961,api_request,2026-08-28 09:47:03,,417,1
4722,u_0819,s_00961,view_movie_card,2026-08-28 09:47:13,m_0204,,
4723,u_0879,s_00962,session_start,2026-08-19 16:30:00,,,
4724,u_0879,s_00962,search,2026-08-19 16:30:12,,,
4725,u_0879,s_00962,api_request,2026-08-19 16:30:16,,2059,1
4726,u_0879,s_00962,view_movie_card,2026-08-19 16:30:29,m_0336,,
4727,u_0191,s_00963,session_start,2026-08-30 14:21:00,,,
4728,u_0191,s_00963,search,2026-08-30 14:21:14,,,
4729,u_0191,s_00963,api_request,2026-08-30 14:21:18,,4038,1
4730,u_0191,s_00963,random_pick,2026-08-30 14:21:23,,,
4731,u_0191,s_00963,view_movie_card,2026-08-30 14:21:31,m_0033,,
4732,u_0191,s_00963,view_movie_card,2026-08-30 14:21:54,m_0329,,
4733,u_0191,s_00963,add_favorite,2026-08-30 14:21:57,m_0329,,
4734,u_0191,s_00963,view_movie_card,2026-08-30 14:21:42,m_0117,,
4735,u_0564,s_00964,session_start,2026-08-27 10:07:00,,,
4736,u_0564,s_00964,search,2026-08-27 10:07:04,,,
4737,u_0564,s_00964,api_request,2026-08-27 10:07:07,,3873,1
4738,u_0564,s_00964,view_movie_card,2026-08-27 10:07:17,m_0204,,
4739,u_0564,s_00964,view_movie_card,2026-08-27 10:07:29,m_0073,,
4740,u_0564,s_00964,view_movie_card,2026-08-27 10:07:43,m_0398,,
4741,u_0564,s_00964,add_favorite,2026-08-27 10:07:49,m_0398,,
4742,u_0564,s_00964,view_movie_card,2026-08-27 10:07:43,m_0289,,
4743,u_0564,s_00964,view_movie_card,2026-08-27 10:07:37,m_0410,,
4744,u_0544,s_00965,session_start,2026-08-18 12:44:00,,,
4745,u_0544,s_00965,search,2026-08-18 12:44:04,,,
4746,u_0544,s_00965,api_request,2026-08-18 12:44:05,,2153,1
4747,u_0554,s_00966,session_start,2026-08-25 20:09:00,,,
4748,u_0208,s_00967,session_start,2026-08-20 15:54:00,,,
4749,u_0208,s_00967,search,2026-08-20 15:54:08,,,
4750,u_0208,s_00967,api_request,2026-08-20 15:54:10,,4574,1
4751,u_0330,s_00968,session_start,2026-08-29 16:29:00,,,
4752,u_0330,s_00968,search,2026-08-29 16:29:06,,,
4753,u_0330,s_00968,api_request,2026-08-29 16:29:06,,4852,1
4754,u_0330,s_00968,view_movie_card,2026-08-29 16:29:13,m_0031,,
4755,u_0843,s_00969,session_start,2026-08-05 11:30:00,,,
4756,u_0843,s_00969,search,2026-08-05 11:30:14,,,
4757,u_0843,s_00969,api_request,2026-08-05 11:30:16,,1606,1
4758,u_0843,s_00969,random_pick,2026-08-05 11:30:19,,,
4759,u_0843,s_00969,view_movie_card,2026-08-05 11:30:23,m_0116,,
4760,u_0843,s_00969,view_movie_card,2026-08-05 11:30:42,m_0072,,
4761,u_0600,s_00970,session_start,2026-08-04 20:47:00,,,
4762,u_0146,s_00971,session_start,2026-08-05 12:28:00,,,
4763,u_0146,s_00971,search,2026-08-05 12:28:14,,,
4764,u_0146,s_00971,api_request,2026-08-05 12:28:16,,3960,0
4765,u_0146,s_00971,error_shown,2026-08-05 12:28:16,,,
4766,u_0106,s_00972,session_start,2026-08-17 13:33:00,,,
4767,u_0106,s_00972,search,2026-08-17 13:33:11,,,
4768,u_0106,s_00972,api_request,2026-08-17 13:33:15,,3890,1
4769,u_0106,s_00972,view_movie_card,2026-08-17 13:33:34,m_0079,,
4770,u_0106,s_00972,add_favorite,2026-08-17 13:33:40,m_0079,,
4771,u_0391,s_00973,session_start,2026-08-29 13:02:00,,,
4772,u_0391,s_00973,search,2026-08-29 13:02:06,,,
4773,u_0391,s_00973,api_request,2026-08-29 13:02:07,,3789,1
4774,u_0391,s_00973,view_movie_card,2026-08-29 13:02:27,m_0389,,
4775,u_0391,s_00973,view_movie_card,2026-08-29 13:02:23,m_0046,,
4776,u_0391,s_00973,view_movie_card,2026-08-29 13:02:55,m_0124,,
4777,u_0391,s_00973,view_movie_card,2026-08-29 13:03:27,m_0429,,
4778,u_0654,s_00974,session_start,2026-08-14 15:03:00,,,
4779,u_0654,s_00974,search,2026-08-14 15:03:14,,,
4780,u_0654,s_00974,api_request,2026-08-14 15:03:16,,2559,1
4781,u_0430,s_00975,session_start,2026-08-21 17:21:00,,,
4782,u_0430,s_00975,search,2026-08-21 17:21:06,,,
4783,u_0430,s_00975,api_request,2026-08-21 17:21:09,,1128,1
4784,u_0430,s_00975,view_movie_card,2026-08-21 17:21:21,m_0303,,
4785,u_0430,s_00975,view_movie_card,2026-08-21 17:21:35,m_0054,,
4786,u_0575,s_00976,session_start,2026-08-27 20:31:00,,,
4787,u_0575,s_00976,search,2026-08-27 20:31:11,,,
4788,u_0575,s_00976,api_request,2026-08-27 20:31:14,,3434,1
4789,u_0575,s_00976,view_movie_card,2026-08-27 20:31:22,m_0295,,
4790,u_0575,s_00976,add_favorite,2026-08-27 20:31:26,m_0295,,
4791,u_0727,s_00977,session_start,2026-08-12 18:43:00,,,
4792,u_0736,s_00978,session_start,2026-08-14 22:25:00,,,
4793,u_0736,s_00978,search,2026-08-14 22:25:07,,,
4794,u_0736,s_00978,api_request,2026-08-14 22:25:12,,4074,1
4795,u_0736,s_00978,view_movie_card,2026-08-14 22:25:30,m_0343,,
4796,u_0736,s_00978,view_movie_card,2026-08-14 22:25:34,m_0291,,
4797,u_0736,s_00978,add_favorite,2026-08-14 22:25:40,m_0291,,
4798,u_0423,s_00979,session_start,2026-08-04 13:58:00,,,
4799,u_0423,s_00979,search,2026-08-04 13:58:13,,,
4800,u_0423,s_00979,api_request,2026-08-04 13:58:16,,2376,1
4801,u_0423,s_00979,view_movie_card,2026-08-04 13:58:28,m_0142,,
4802,u_0423,s_00979,view_movie_card,2026-08-04 13:58:28,m_0167,,
4803,u_0423,s_00979,view_movie_card,2026-08-04 13:58:55,m_0394,,
4804,u_0885,s_00980,session_start,2026-08-07 17:49:00,,,
4805,u_0885,s_00980,search,2026-08-07 17:49:07,,,
4806,u_0885,s_00980,api_request,2026-08-07 17:49:10,,1709,1
4807,u_0361,s_00981,session_start,2026-08-28 10:21:00,,,
4808,u_0361,s_00981,search,2026-08-28 10:21:13,,,
4809,u_0361,s_00981,api_request,2026-08-28 10:21:15,,2805,1
4810,u_0361,s_00981,view_movie_card,2026-08-28 10:21:30,m_0319,,
4811,u_0361,s_00981,view_movie_card,2026-08-28 10:21:35,m_0388,,
4812,u_0361,s_00981,view_movie_card,2026-08-28 10:21:54,m_0439,,
4813,u_0449,s_00982,session_start,2026-08-12 14:51:00,,,
4814,u_0449,s_00982,search,2026-08-12 14:51:14,,,
4815,u_0449,s_00982,api_request,2026-08-12 14:51:15,,2944,1
4816,u_0449,s_00982,random_pick,2026-08-12 14:51:20,,,
4817,u_0449,s_00982,view_movie_card,2026-08-12 14:51:29,m_0388,,
4818,u_0713,s_00983,session_start,2026-08-06 15:39:00,,,
4819,u_0713,s_00983,search,2026-08-06 15:39:03,,,
4820,u_0713,s_00983,api_request,2026-08-06 15:39:03,,3614,1
4821,u_0546,s_00984,session_start,2026-08-05 20:21:00,,,
4822,u_0546,s_00984,search,2026-08-05 20:21:04,,,
4823,u_0546,s_00984,api_request,2026-08-05 20:21:07,,2707,1
4824,u_0546,s_00984,random_pick,2026-08-05 20:21:09,,,
4825,u_0546,s_00984,view_movie_card,2026-08-05 20:21:26,m_0423,,
4826,u_0546,s_00984,add_favorite,2026-08-05 20:21:29,m_0423,,
4827,u_0546,s_00984,view_movie_card,2026-08-05 20:21:33,m_0014,,
4828,u_0546,s_00984,view_movie_card,2026-08-05 20:21:43,m_0126,,
4829,u_0546,s_00984,view_movie_card,2026-08-05 20:22:23,m_0332,,
4830,u_0546,s_00984,view_movie_card,2026-08-05 20:21:52,m_0007,,
4831,u_0495,s_00985,session_start,2026-08-01 22:39:00,,,
4832,u_0495,s_00985,search,2026-08-01 22:39:08,,,
4833,u_0495,s_00985,api_request,2026-08-01 22:39:12,,4953,1
4834,u_0495,s_00985,view_movie_card,2026-08-01 22:39:29,m_0322,,
4835,u_0268,s_00986,session_start,2026-08-29 15:47:00,,,
4836,u_0268,s_00986,search,2026-08-29 15:47:07,,,
4837,u_0268,s_00986,api_request,2026-08-29 15:47:09,,3286,1
4838,u_0554,s_00987,session_start,2026-08-30 12:20:00,,,
4839,u_0554,s_00987,search,2026-08-30 12:20:13,,,
4840,u_0554,s_00987,api_request,2026-08-30 12:20:14,,2322,1
4841,u_0804,s_00988,session_start,2026-08-19 11:06:00,,,
4842,u_0322,s_00989,session_start,2026-08-23 16:34:00,,,
4843,u_0322,s_00989,search,2026-08-23 16:34:15,,,
4844,u_0322,s_00989,api_request,2026-08-23 16:34:20,,3153,1
4845,u_0322,s_00989,view_movie_card,2026-08-23 16:34:32,m_0239,,
4846,u_0322,s_00989,view_movie_card,2026-08-23 16:34:32,m_0236,,
4847,u_0067,s_00990,session_start,2026-08-16 18:27:00,,,
4848,u_0460,s_00991,session_start,2026-08-06 09:35:00,,,
4849,u_0460,s_00991,search,2026-08-06 09:35:02,,,
4850,u_0460,s_00991,api_request,2026-08-06 09:35:05,,1511,1
4851,u_0460,s_00991,view_movie_card,2026-08-06 09:35:18,m_0292,,
4852,u_0460,s_00991,view_movie_card,2026-08-06 09:35:15,m_0366,,
4853,u_0137,s_00992,session_start,2026-08-14 20:48:00,,,
4854,u_0318,s_00993,session_start,2026-08-07 19:28:00,,,
4855,u_0318,s_00993,search,2026-08-07 19:28:12,,,
4856,u_0318,s_00993,api_request,2026-08-07 19:28:14,,4968,1
4857,u_0785,s_00994,session_start,2026-08-17 15:09:00,,,
4858,u_0785,s_00994,search,2026-08-17 15:09:12,,,
4859,u_0785,s_00994,api_request,2026-08-17 15:09:17,,355,1
4860,u_0367,s_00995,session_start,2026-08-02 20:48:00,,,
4861,u_0367,s_00995,search,2026-08-02 20:48:14,,,
4862,u_0367,s_00995,api_request,2026-08-02 20:48:14,,4639,1
4863,u_0367,s_00995,random_pick,2026-08-02 20:48:19,,,
4864,u_0367,s_00995,view_movie_card,2026-08-02 20:48:24,m_0428,,
4865,u_0367,s_00995,add_favorite,2026-08-02 20:48:32,m_0428,,
4866,u_0092,s_00996,session_start,2026-08-24 10:21:00,,,
4867,u_0092,s_00996,search,2026-08-24 10:21:08,,,
4868,u_0092,s_00996,api_request,2026-08-24 10:21:12,,3473,1
4869,u_0142,s_00997,session_start,2026-08-13 20:30:00,,,
4870,u_0142,s_00997,search,2026-08-13 20:30:04,,,
4871,u_0142,s_00997,api_request,2026-08-13 20:30:04,,1753,1
4872,u_0142,s_00997,view_movie_card,2026-08-13 20:30:14,m_0134,,
4873,u_0142,s_00997,view_movie_card,2026-08-13 20:30:28,m_0180,,
4874,u_0142,s_00997,view_movie_card,2026-08-13 20:30:25,m_0174,,
4875,u_0142,s_00997,view_movie_card,2026-08-13 20:30:36,m_0269,,
4876,u_0571,s_00998,session_start,2026-08-29 18:03:00,,,
4877,u_0571,s_00998,search,2026-08-29 18:03:07,,,
4878,u_0571,s_00998,api_request,2026-08-29 18:03:07,,4634,1
4879,u_0571,s_00998,random_pick,2026-08-29 18:03:12,,,
4880,u_0571,s_00998,view_movie_card,2026-08-29 18:03:23,m_0440,,
4881,u_0571,s_00998,add_favorite,2026-08-29 18:03:26,m_0440,,
4882,u_0511,s_00999,session_start,2026-08-07 19:39:00,,,
4883,u_0511,s_00999,search,2026-08-07 19:39:05,,,
4884,u_0511,s_00999,api_request,2026-08-07 19:39:08,,1567,1
4885,u_0511,s_00999,view_movie_card,2026-08-07 19:39:18,m_0260,,
4886,u_0511,s_00999,add_favorite,2026-08-07 19:39:26,m_0260,,
4887,u_0511,s_00999,view_movie_card,2026-08-07 19:39:18,m_0319,,
4888,u_0511,s_00999,add_favorite,2026-08-07 19:39:20,m_0319,,
4889,u_0299,s_01000,session_start,2026-08-26 23:19:00,,,
4890,u_0299,s_01000,search,2026-08-26 23:19:12,,,
4891,u_0299,s_01000,api_request,2026-08-26 23:19:13,,1671,1
4892,u_0159,s_01001,session_start,2026-08-16 12:38:00,,,
4893,u_0675,s_01002,session_start,2026-08-30 14:29:00,,,
4894,u_0675,s_01002,search,2026-08-30 14:29:08,,,
4895,u_0675,s_01002,api_request,2026-08-30 14:29:11,,4842,1
4896,u_0675,s_01002,random_pick,2026-08-30 14:29:15,,,
4897,u_0675,s_01002,view_movie_card,2026-08-30 14:29:22,m_0407,,
4898,u_0492,s_01003,session_start,2026-08-12 09:58:00,,,
4899,u_0492,s_01003,search,2026-08-12 09:58:12,,,
4900,u_0492,s_01003,api_request,2026-08-12 09:58:17,,5142,1
4901,u_0492,s_01003,view_movie_card,2026-08-12 09:58:32,m_0467,,
4902,u_0492,s_01003,view_movie_card,2026-08-12 09:58:51,m_0388,,
4903,u_0139,s_01004,session_start,2026-08-07 13:20:00,,,
4904,u_0139,s_01004,search,2026-08-07 13:20:05,,,
4905,u_0139,s_01004,api_request,2026-08-07 13:20:07,,3792,1
4906,u_0139,s_01004,view_movie_card,2026-08-07 13:20:27,m_0054,,
4907,u_0139,s_01004,view_movie_card,2026-08-07 13:20:47,m_0313,,
4908,u_0295,s_01005,session_start,2026-08-16 21:49:00,,,
4909,u_0295,s_01005,search,2026-08-16 21:49:13,,,
4910,u_0295,s_01005,api_request,2026-08-16 21:49:13,,641,1
4911,u_0295,s_01005,view_movie_card,2026-08-16 21:49:23,m_0329,,
4912,u_0049,s_01006,session_start,2026-08-02 17:01:00,,,
4913,u_0551,s_01007,session_start,2026-08-13 12:22:00,,,
4914,u_0551,s_01007,search,2026-08-13 12:22:15,,,
4915,u_0551,s_01007,api_request,2026-08-13 12:22:20,,4464,1
4916,u_0551,s_01007,view_movie_card,2026-08-13 12:22:26,m_0467,,
4917,u_0551,s_01007,add_favorite,2026-08-13 12:22:34,m_0467,,
4918,u_0730,s_01008,session_start,2026-08-06 23:14:00,,,
4919,u_0730,s_01008,search,2026-08-06 23:14:13,,,
4920,u_0730,s_01008,api_request,2026-08-06 23:14:14,,4978,1
4921,u_0730,s_01008,view_movie_card,2026-08-06 23:14:25,m_0461,,
4922,u_0247,s_01009,session_start,2026-08-30 13:00:00,,,
4923,u_0247,s_01009,search,2026-08-30 13:00:15,,,
4924,u_0247,s_01009,api_request,2026-08-30 13:00:17,,3494,1
4925,u_0412,s_01010,session_start,2026-08-12 23:53:00,,,
4926,u_0412,s_01010,search,2026-08-12 23:53:04,,,
4927,u_0412,s_01010,api_request,2026-08-12 23:53:09,,2415,1
4928,u_0728,s_01011,session_start,2026-08-14 19:36:00,,,
4929,u_0728,s_01011,search,2026-08-14 19:36:12,,,
4930,u_0728,s_01011,api_request,2026-08-14 19:36:14,,2533,1
4931,u_0728,s_01011,view_movie_card,2026-08-14 19:36:31,m_0143,,
4932,u_0500,s_01012,session_start,2026-08-07 22:49:00,,,
4933,u_0500,s_01012,search,2026-08-07 22:49:02,,,
4934,u_0500,s_01012,api_request,2026-08-07 22:49:07,,642,1
4935,u_0500,s_01012,view_movie_card,2026-08-07 22:49:19,m_0037,,
4936,u_0500,s_01012,view_movie_card,2026-08-07 22:49:23,m_0082,,
4937,u_0550,s_01013,session_start,2026-08-16 10:11:00,,,
4938,u_0550,s_01013,search,2026-08-16 10:11:13,,,
4939,u_0550,s_01013,api_request,2026-08-16 10:11:15,,3562,1
4940,u_0550,s_01013,view_movie_card,2026-08-16 10:11:28,m_0056,,
4941,u_0207,s_01014,session_start,2026-08-13 22:56:00,,,
4942,u_0206,s_01015,session_start,2026-08-18 22:31:00,,,
4943,u_0206,s_01015,search,2026-08-18 22:31:02,,,
4944,u_0206,s_01015,api_request,2026-08-18 22:31:06,,1212,1
4945,u_0206,s_01015,random_pick,2026-08-18 22:31:07,,,
4946,u_0206,s_01015,view_movie_card,2026-08-18 22:31:18,m_0224,,
4947,u_0206,s_01015,view_movie_card,2026-08-18 22:31:44,m_0379,,
4948,u_0206,s_01015,add_favorite,2026-08-18 22:31:45,m_0379,,
4949,u_0206,s_01015,view_movie_card,2026-08-18 22:31:39,m_0394,,
4950,u_0206,s_01015,add_favorite,2026-08-18 22:31:45,m_0394,,
4951,u_0206,s_01015,view_movie_card,2026-08-18 22:31:30,m_0292,,
4952,u_0206,s_01015,add_favorite,2026-08-18 22:31:33,m_0292,,
4953,u_0180,s_01016,session_start,2026-08-11 22:16:00,,,
4954,u_0180,s_01016,search,2026-08-11 22:16:05,,,
4955,u_0180,s_01016,api_request,2026-08-11 22:16:10,,6113,0
4956,u_0180,s_01016,error_shown,2026-08-11 22:16:10,,,
4957,u_0066,s_01017,session_start,2026-08-05 13:32:00,,,
4958,u_0066,s_01017,search,2026-08-05 13:32:12,,,
4959,u_0066,s_01017,api_request,2026-08-05 13:32:13,,3895,1
4960,u_0066,s_01017,view_movie_card,2026-08-05 13:32:27,m_0286,,
4961,u_0066,s_01017,add_favorite,2026-08-05 13:32:33,m_0286,,
4962,u_0066,s_01017,view_movie_card,2026-08-05 13:32:25,m_0058,,
4963,u_0018,s_01018,session_start,2026-08-14 17:34:00,,,
4964,u_0018,s_01018,search,2026-08-14 17:34:04,,,
4965,u_0018,s_01018,api_request,2026-08-14 17:34:06,,1475,1
4966,u_0391,s_01019,session_start,2026-08-22 12:00:00,,,
4967,u_0391,s_01019,search,2026-08-22 12:00:02,,,
4968,u_0391,s_01019,api_request,2026-08-22 12:00:05,,1280,1
4969,u_0578,s_01020,session_start,2026-08-25 19:02:00,,,
4970,u_0578,s_01020,search,2026-08-25 19:02:02,,,
4971,u_0578,s_01020,api_request,2026-08-25 19:02:07,,4202,1
4972,u_0703,s_01021,session_start,2026-08-21 15:18:00,,,
4973,u_0703,s_01021,search,2026-08-21 15:18:09,,,
4974,u_0703,s_01021,api_request,2026-08-21 15:18:11,,2348,1
4975,u_0703,s_01021,view_movie_card,2026-08-21 15:18:20,m_0233,,
4976,u_0703,s_01021,view_movie_card,2026-08-21 15:18:43,m_0115,,
4977,u_0703,s_01021,add_favorite,2026-08-21 15:18:46,m_0115,,
4978,u_0703,s_01021,view_movie_card,2026-08-21 15:19:02,m_0132,,
4979,u_0703,s_01021,view_movie_card,2026-08-21 15:19:15,m_0379,,
4980,u_0703,s_01021,add_favorite,2026-08-21 15:19:20,m_0379,,
4981,u_0703,s_01021,view_movie_card,2026-08-21 15:18:56,m_0022,,
4982,u_0873,s_01022,session_start,2026-08-23 23:34:00,,,
4983,u_0873,s_01022,search,2026-08-23 23:34:08,,,
4984,u_0873,s_01022,api_request,2026-08-23 23:34:09,,3191,1
4985,u_0873,s_01022,view_movie_card,2026-08-23 23:34:28,m_0376,,
4986,u_0873,s_01022,view_movie_card,2026-08-23 23:34:43,m_0238,,
4987,u_0137,s_01023,session_start,2026-08-11 19:25:00,,,
4988,u_0137,s_01023,search,2026-08-11 19:25:05,,,
4989,u_0137,s_01023,api_request,2026-08-11 19:25:07,,1864,1
4990,u_0137,s_01023,view_movie_card,2026-08-11 19:25:23,m_0461,,
4991,u_0137,s_01023,view_movie_card,2026-08-11 19:25:43,m_0192,,
4992,u_0137,s_01023,view_movie_card,2026-08-11 19:25:40,m_0202,,
4993,u_0137,s_01023,add_favorite,2026-08-11 19:25:42,m_0202,,
4994,u_0137,s_01023,view_movie_card,2026-08-11 19:26:23,m_0154,,
4995,u_0137,s_01023,view_movie_card,2026-08-11 19:26:37,m_0027,,
4996,u_0137,s_01023,add_favorite,2026-08-11 19:26:43,m_0027,,
4997,u_0676,s_01024,session_start,2026-08-18 23:10:00,,,
4998,u_0676,s_01024,search,2026-08-18 23:10:10,,,
4999,u_0676,s_01024,api_request,2026-08-18 23:10:13,,3928,1
5000,u_0676,s_01024,view_movie_card,2026-08-18 23:10:23,m_0140,,
5001,u_0160,s_01025,session_start,2026-08-22 18:49:00,,,
5002,u_0160,s_01025,search,2026-08-22 18:49:11,,,
5003,u_0160,s_01025,api_request,2026-08-22 18:49:12,,2892,1
5004,u_0160,s_01025,random_pick,2026-08-22 18:49:16,,,
5005,u_0160,s_01025,view_movie_card,2026-08-22 18:49:27,m_0313,,
5006,u_0160,s_01025,view_movie_card,2026-08-22 18:49:24,m_0347,,
5007,u_0160,s_01025,add_favorite,2026-08-22 18:49:26,m_0347,,
5008,u_0160,s_01025,view_movie_card,2026-08-22 18:49:33,m_0011,,
5009,u_0160,s_01025,add_favorite,2026-08-22 18:49:34,m_0011,,
5010,u_0160,s_01025,view_movie_card,2026-08-22 18:50:12,m_0437,,
5011,u_0160,s_01025,add_favorite,2026-08-22 18:50:18,m_0437,,
5012,u_0219,s_01026,session_start,2026-08-07 20:09:00,,,
5013,u_0219,s_01026,search,2026-08-07 20:09:03,,,
5014,u_0219,s_01026,api_request,2026-08-07 20:09:06,,2884,1
5015,u_0219,s_01026,view_movie_card,2026-08-07 20:09:16,m_0149,,
5016,u_0219,s_01026,view_movie_card,2026-08-07 20:09:26,m_0462,,
5017,u_0219,s_01026,view_movie_card,2026-08-07 20:09:36,m_0213,,
5018,u_0219,s_01026,add_favorite,2026-08-07 20:09:43,m_0213,,
5019,u_0644,s_01027,session_start,2026-08-06 17:35:00,,,
5020,u_0644,s_01027,search,2026-08-06 17:35:06,,,
5021,u_0644,s_01027,api_request,2026-08-06 17:35:11,,2343,1
5022,u_0456,s_01028,session_start,2026-08-22 11:58:00,,,
5023,u_0456,s_01028,search,2026-08-22 11:58:02,,,
5024,u_0456,s_01028,api_request,2026-08-22 11:58:03,,4173,1
5025,u_0456,s_01028,random_pick,2026-08-22 11:58:06,,,
5026,u_0456,s_01028,view_movie_card,2026-08-22 11:58:22,m_0300,,
5027,u_0504,s_01029,session_start,2026-08-15 23:01:00,,,
5028,u_0348,s_01030,session_start,2026-08-19 14:56:00,,,
5029,u_0182,s_01031,session_start,2026-08-29 14:04:00,,,
5030,u_0182,s_01031,search,2026-08-29 14:04:06,,,
5031,u_0182,s_01031,api_request,2026-08-29 14:04:11,,1524,1
5032,u_0182,s_01031,view_movie_card,2026-08-29 14:04:22,m_0493,,
5033,u_0182,s_01031,view_movie_card,2026-08-29 14:04:39,m_0365,,
5034,u_0182,s_01031,view_movie_card,2026-08-29 14:04:32,m_0182,,
5035,u_0182,s_01031,view_movie_card,2026-08-29 14:05:31,m_0009,,
5036,u_0182,s_01031,view_movie_card,2026-08-29 14:05:41,m_0087,,
5037,u_0287,s_01032,session_start,2026-08-09 12:32:00,,,
5038,u_0502,s_01033,session_start,2026-08-29 23:01:00,,,
5039,u_0502,s_01033,search,2026-08-29 23:01:04,,,
5040,u_0502,s_01033,api_request,2026-08-29 23:01:04,,2811,1
5041,u_0502,s_01033,random_pick,2026-08-29 23:01:07,,,
5042,u_0502,s_01033,view_movie_card,2026-08-29 23:01:23,m_0338,,
5043,u_0502,s_01033,add_favorite,2026-08-29 23:01:24,m_0338,,
5044,u_0502,s_01033,view_movie_card,2026-08-29 23:01:22,m_0447,,
5045,u_0502,s_01033,view_movie_card,2026-08-29 23:01:19,m_0377,,
5046,u_0502,s_01033,view_movie_card,2026-08-29 23:02:00,m_0195,,
5047,u_0502,s_01033,add_favorite,2026-08-29 23:02:08,m_0195,,
5048,u_0502,s_01033,view_movie_card,2026-08-29 23:02:29,m_0199,,
5049,u_0502,s_01033,add_favorite,2026-08-29 23:02:34,m_0199,,
5050,u_0376,s_01034,session_start,2026-08-23 15:21:00,,,
5051,u_0376,s_01034,search,2026-08-23 15:21:15,,,
5052,u_0376,s_01034,api_request,2026-08-23 15:21:18,,3102,1
5053,u_0376,s_01034,random_pick,2026-08-23 15:21:20,,,
5054,u_0376,s_01034,view_movie_card,2026-08-23 15:21:38,m_0145,,
5055,u_0688,s_01035,session_start,2026-08-30 16:58:00,,,
5056,u_0688,s_01035,search,2026-08-30 16:58:12,,,
5057,u_0688,s_01035,api_request,2026-08-30 16:58:14,,1229,1
5058,u_0688,s_01035,view_movie_card,2026-08-30 16:58:26,m_0039,,
5059,u_0688,s_01035,add_favorite,2026-08-30 16:58:28,m_0039,,
5060,u_0243,s_01036,session_start,2026-08-05 18:51:00,,,
5061,u_0243,s_01036,search,2026-08-05 18:51:15,,,
5062,u_0243,s_01036,api_request,2026-08-05 18:51:15,,3110,0
5063,u_0243,s_01036,error_shown,2026-08-05 18:51:15,,,
5064,u_0892,s_01037,session_start,2026-08-24 21:21:00,,,
5065,u_0642,s_01038,session_start,2026-08-03 11:37:00,,,
5066,u_0339,s_01039,session_start,2026-08-15 19:55:00,,,
5067,u_0339,s_01039,search,2026-08-15 19:55:03,,,
5068,u_0339,s_01039,api_request,2026-08-15 19:55:08,,1436,1
5069,u_0339,s_01039,random_pick,2026-08-15 19:55:09,,,
5070,u_0339,s_01039,view_movie_card,2026-08-15 19:55:15,m_0002,,
5071,u_0339,s_01039,view_movie_card,2026-08-15 19:55:32,m_0108,,
5072,u_0339,s_01039,add_favorite,2026-08-15 19:55:34,m_0108,,
5073,u_0339,s_01039,view_movie_card,2026-08-15 19:55:59,m_0165,,
5074,u_0203,s_01040,session_start,2026-08-07 16:52:00,,,
5075,u_0203,s_01040,search,2026-08-07 16:52:09,,,
5076,u_0203,s_01040,api_request,2026-08-07 16:52:14,,4143,1
5077,u_0203,s_01040,view_movie_card,2026-08-07 16:52:20,m_0227,,
5078,u_0203,s_01040,add_favorite,2026-08-07 16:52:21,m_0227,,
5079,u_0203,s_01040,view_movie_card,2026-08-07 16:52:28,m_0091,,
5080,u_0203,s_01040,view_movie_card,2026-08-07 16:52:53,m_0074,,
5081,u_0127,s_01041,session_start,2026-08-19 12:44:00,,,
5082,u_0127,s_01041,search,2026-08-19 12:44:03,,,
5083,u_0127,s_01041,api_request,2026-08-19 12:44:04,,2932,1
5084,u_0127,s_01041,view_movie_card,2026-08-19 12:44:18,m_0308,,
5085,u_0437,s_01042,session_start,2026-08-21 13:13:00,,,
5086,u_0437,s_01042,search,2026-08-21 13:13:07,,,
5087,u_0437,s_01042,api_request,2026-08-21 13:13:09,,2361,1
5088,u_0437,s_01042,random_pick,2026-08-21 13:13:13,,,
5089,u_0437,s_01042,view_movie_card,2026-08-21 13:13:25,m_0463,,
5090,u_0441,s_01043,session_start,2026-08-20 21:52:00,,,
5091,u_0441,s_01043,search,2026-08-20 21:52:14,,,
5092,u_0441,s_01043,api_request,2026-08-20 21:52:17,,8525,0
5093,u_0441,s_01043,error_shown,2026-08-20 21:52:17,,,
5094,u_0790,s_01044,session_start,2026-08-03 14:37:00,,,
5095,u_0621,s_01045,session_start,2026-08-12 20:43:00,,,
5096,u_0621,s_01045,search,2026-08-12 20:43:03,,,
5097,u_0621,s_01045,api_request,2026-08-12 20:43:07,,2913,1
5098,u_0621,s_01045,view_movie_card,2026-08-12 20:43:27,m_0154,,
5099,u_0621,s_01045,view_movie_card,2026-08-12 20:43:37,m_0280,,
5100,u_0621,s_01045,view_movie_card,2026-08-12 20:43:40,m_0117,,
5101,u_0420,s_01046,session_start,2026-08-02 20:22:00,,,
5102,u_0420,s_01046,search,2026-08-02 20:22:09,,,
5103,u_0420,s_01046,api_request,2026-08-02 20:22:11,,3603,1
5104,u_0420,s_01046,view_movie_card,2026-08-02 20:22:20,m_0378,,
5105,u_0420,s_01046,view_movie_card,2026-08-02 20:22:47,m_0487,,
5106,u_0420,s_01046,add_favorite,2026-08-02 20:22:50,m_0487,,
5107,u_0420,s_01046,view_movie_card,2026-08-02 20:22:56,m_0196,,
5108,u_0420,s_01046,view_movie_card,2026-08-02 20:22:47,m_0205,,
5109,u_0678,s_01047,session_start,2026-08-14 21:52:00,,,
5110,u_0223,s_01048,session_start,2026-08-05 18:11:00,,,
5111,u_0223,s_01048,search,2026-08-05 18:11:08,,,
5112,u_0223,s_01048,api_request,2026-08-05 18:11:12,,3063,1
5113,u_0223,s_01048,random_pick,2026-08-05 18:11:17,,,
5114,u_0223,s_01048,view_movie_card,2026-08-05 18:11:25,m_0117,,
5115,u_0223,s_01048,add_favorite,2026-08-05 18:11:33,m_0117,,
5116,u_0223,s_01048,view_movie_card,2026-08-05 18:11:48,m_0223,,
5117,u_0062,s_01049,session_start,2026-08-06 16:42:00,,,
5118,u_0062,s_01049,search,2026-08-06 16:42:03,,,
5119,u_0062,s_01049,api_request,2026-08-06 16:42:03,,4205,1
5120,u_0062,s_01049,view_movie_card,2026-08-06 16:42:23,m_0412,,
5121,u_0062,s_01049,add_favorite,2026-08-06 16:42:31,m_0412,,
5122,u_0163,s_01050,session_start,2026-08-01 13:40:00,,,
5123,u_0163,s_01050,search,2026-08-01 13:40:06,,,
5124,u_0163,s_01050,api_request,2026-08-01 13:40:11,,1298,1
5125,u_0163,s_01050,random_pick,2026-08-01 13:40:14,,,
5126,u_0163,s_01050,view_movie_card,2026-08-01 13:40:20,m_0190,,
5127,u_0163,s_01050,view_movie_card,2026-08-01 13:40:51,m_0033,,
5128,u_0163,s_01050,add_favorite,2026-08-01 13:40:57,m_0033,,
5129,u_0335,s_01051,session_start,2026-08-14 12:13:00,,,
5130,u_0335,s_01051,search,2026-08-14 12:13:15,,,
5131,u_0335,s_01051,api_request,2026-08-14 12:13:17,,4200,1
5132,u_0813,s_01052,session_start,2026-08-18 14:36:00,,,
5133,u_0813,s_01052,search,2026-08-18 14:36:05,,,
5134,u_0813,s_01052,api_request,2026-08-18 14:36:06,,4988,1
5135,u_0625,s_01053,session_start,2026-08-08 20:37:00,,,
5136,u_0625,s_01053,search,2026-08-08 20:37:15,,,
5137,u_0625,s_01053,api_request,2026-08-08 20:37:17,,4148,1
5138,u_0098,s_01054,session_start,2026-08-11 17:56:00,,,
5139,u_0098,s_01054,search,2026-08-11 17:56:04,,,
5140,u_0098,s_01054,api_request,2026-08-11 17:56:09,,4635,1
5141,u_0098,s_01054,view_movie_card,2026-08-11 17:56:22,m_0035,,
5142,u_0098,s_01054,view_movie_card,2026-08-11 17:56:31,m_0406,,
5143,u_0869,s_01055,session_start,2026-08-23 11:23:00,,,
5144,u_0869,s_01055,search,2026-08-23 11:23:09,,,
5145,u_0869,s_01055,api_request,2026-08-23 11:23:11,,325,1
5146,u_0869,s_01055,view_movie_card,2026-08-23 11:23:20,m_0402,,
5147,u_0869,s_01055,view_movie_card,2026-08-23 11:23:41,m_0249,,
5148,u_0869,s_01055,view_movie_card,2026-08-23 11:23:44,m_0422,,
5149,u_0620,s_01056,session_start,2026-08-07 23:38:00,,,
5150,u_0620,s_01056,search,2026-08-07 23:38:13,,,
5151,u_0620,s_01056,api_request,2026-08-07 23:38:13,,1896,1
5152,u_0620,s_01056,random_pick,2026-08-07 23:38:17,,,
5153,u_0620,s_01056,view_movie_card,2026-08-07 23:38:31,m_0359,,
5154,u_0620,s_01056,view_movie_card,2026-08-07 23:38:23,m_0153,,
5155,u_0030,s_01057,session_start,2026-08-05 13:01:00,,,
5156,u_0030,s_01057,search,2026-08-05 13:01:14,,,
5157,u_0030,s_01057,api_request,2026-08-05 13:01:17,,4108,1
5158,u_0030,s_01057,view_movie_card,2026-08-05 13:01:34,m_0285,,
5159,u_0030,s_01057,add_favorite,2026-08-05 13:01:42,m_0285,,
5160,u_0030,s_01057,view_movie_card,2026-08-05 13:01:47,m_0056,,
5161,u_0030,s_01057,view_movie_card,2026-08-05 13:02:14,m_0142,,
5162,u_0030,s_01057,add_favorite,2026-08-05 13:02:22,m_0142,,
5163,u_0030,s_01057,view_movie_card,2026-08-05 13:02:13,m_0084,,
5164,u_0030,s_01057,view_movie_card,2026-08-05 13:02:32,m_0490,,
5165,u_0030,s_01057,add_favorite,2026-08-05 13:02:33,m_0490,,
5166,u_0489,s_01058,session_start,2026-08-28 14:35:00,,,
5167,u_0489,s_01058,search,2026-08-28 14:35:07,,,
5168,u_0489,s_01058,api_request,2026-08-28 14:35:10,,3857,1
5169,u_0489,s_01058,random_pick,2026-08-28 14:35:11,,,
5170,u_0489,s_01058,view_movie_card,2026-08-28 14:35:24,m_0166,,
5171,u_0489,s_01058,view_movie_card,2026-08-28 14:35:22,m_0453,,
5172,u_0136,s_01059,session_start,2026-08-24 20:45:00,,,
5173,u_0136,s_01059,search,2026-08-24 20:45:03,,,
5174,u_0136,s_01059,api_request,2026-08-24 20:45:04,,4582,1
5175,u_0136,s_01059,random_pick,2026-08-24 20:45:07,,,
5176,u_0136,s_01059,view_movie_card,2026-08-24 20:45:20,m_0174,,
5177,u_0136,s_01059,add_favorite,2026-08-24 20:45:26,m_0174,,
5178,u_0136,s_01059,view_movie_card,2026-08-24 20:45:18,m_0253,,
5179,u_0136,s_01059,view_movie_card,2026-08-24 20:45:22,m_0269,,
5180,u_0159,s_01060,session_start,2026-08-26 15:44:00,,,
5181,u_0159,s_01060,search,2026-08-26 15:44:03,,,
5182,u_0159,s_01060,api_request,2026-08-26 15:44:04,,1244,1
5183,u_0159,s_01060,random_pick,2026-08-26 15:44:05,,,
5184,u_0159,s_01060,view_movie_card,2026-08-26 15:44:09,m_0027,,
5185,u_0159,s_01060,view_movie_card,2026-08-26 15:44:28,m_0246,,
5186,u_0159,s_01060,add_favorite,2026-08-26 15:44:32,m_0246,,
5187,u_0159,s_01060,view_movie_card,2026-08-26 15:44:40,m_0487,,
5188,u_0159,s_01060,add_favorite,2026-08-26 15:44:43,m_0487,,
5189,u_0159,s_01060,view_movie_card,2026-08-26 15:45:04,m_0166,,
5190,u_0020,s_01061,session_start,2026-08-21 19:25:00,,,
5191,u_0020,s_01061,search,2026-08-21 19:25:06,,,
5192,u_0020,s_01061,api_request,2026-08-21 19:25:10,,8855,0
5193,u_0020,s_01061,error_shown,2026-08-21 19:25:10,,,
5194,u_0070,s_01062,session_start,2026-08-23 15:35:00,,,
5195,u_0070,s_01062,search,2026-08-23 15:35:11,,,
5196,u_0070,s_01062,api_request,2026-08-23 15:35:11,,5073,1
5197,u_0070,s_01062,random_pick,2026-08-23 15:35:14,,,
5198,u_0070,s_01062,view_movie_card,2026-08-23 15:35:21,m_0204,,
5199,u_0070,s_01062,add_favorite,2026-08-23 15:35:22,m_0204,,
5200,u_0638,s_01063,session_start,2026-08-30 19:47:00,,,
5201,u_0638,s_01063,search,2026-08-30 19:47:10,,,
5202,u_0638,s_01063,api_request,2026-08-30 19:47:13,,1609,1
5203,u_0343,s_01064,session_start,2026-08-25 18:16:00,,,
5204,u_0343,s_01064,search,2026-08-25 18:16:06,,,
5205,u_0343,s_01064,api_request,2026-08-25 18:16:09,,2637,1
5206,u_0343,s_01064,view_movie_card,2026-08-25 18:16:26,m_0105,,
5207,u_0343,s_01064,add_favorite,2026-08-25 18:16:27,m_0105,,
5208,u_0343,s_01064,view_movie_card,2026-08-25 18:16:43,m_0412,,
5209,u_0343,s_01064,add_favorite,2026-08-25 18:16:47,m_0412,,
5210,u_0754,s_01065,session_start,2026-08-07 21:36:00,,,
5211,u_0754,s_01065,search,2026-08-07 21:36:15,,,
5212,u_0754,s_01065,api_request,2026-08-07 21:36:20,,5159,1
5213,u_0664,s_01066,session_start,2026-08-12 16:03:00,,,
5214,u_0664,s_01066,search,2026-08-12 16:03:11,,,
5215,u_0664,s_01066,api_request,2026-08-12 16:03:13,,495,1
5216,u_0664,s_01066,random_pick,2026-08-12 16:03:16,,,
5217,u_0664,s_01066,view_movie_card,2026-08-12 16:03:24,m_0256,,
5218,u_0469,s_01067,session_start,2026-08-13 20:20:00,,,
5219,u_0504,s_01068,session_start,2026-08-20 21:10:00,,,
5220,u_0504,s_01068,search,2026-08-20 21:10:11,,,
5221,u_0504,s_01068,api_request,2026-08-20 21:10:13,,2335,1
5222,u_0504,s_01068,random_pick,2026-08-20 21:10:14,,,
5223,u_0504,s_01068,view_movie_card,2026-08-20 21:10:19,m_0439,,
5224,u_0504,s_01068,add_favorite,2026-08-20 21:10:24,m_0439,,
5225,u_0456,s_01069,session_start,2026-08-30 09:19:00,,,
5226,u_0456,s_01069,search,2026-08-30 09:19:11,,,
5227,u_0456,s_01069,api_request,2026-08-30 09:19:12,,3315,1
5228,u_0456,s_01069,view_movie_card,2026-08-30 09:19:28,m_0039,,
5229,u_0789,s_01070,session_start,2026-08-21 09:19:00,,,
5230,u_0789,s_01070,search,2026-08-21 09:19:03,,,
5231,u_0789,s_01070,api_request,2026-08-21 09:19:05,,4043,1
5232,u_0210,s_01071,session_start,2026-08-29 21:58:00,,,
5233,u_0210,s_01071,search,2026-08-29 21:58:12,,,
5234,u_0210,s_01071,api_request,2026-08-29 21:58:17,,4203,1
5235,u_0210,s_01071,view_movie_card,2026-08-29 21:58:36,m_0446,,
5236,u_0277,s_01072,session_start,2026-08-23 17:17:00,,,
5237,u_0277,s_01072,search,2026-08-23 17:17:11,,,
5238,u_0277,s_01072,api_request,2026-08-23 17:17:15,,1555,1
5239,u_0277,s_01072,view_movie_card,2026-08-23 17:17:21,m_0255,,
5240,u_0277,s_01072,view_movie_card,2026-08-23 17:17:53,m_0212,,
5241,u_0277,s_01072,add_favorite,2026-08-23 17:17:54,m_0212,,
5242,u_0673,s_01073,session_start,2026-08-19 23:02:00,,,
5243,u_0673,s_01073,search,2026-08-19 23:02:14,,,
5244,u_0673,s_01073,api_request,2026-08-19 23:02:16,,4225,1
5245,u_0673,s_01073,view_movie_card,2026-08-19 23:02:27,m_0121,,
5246,u_0046,s_01074,session_start,2026-08-26 09:41:00,,,
5247,u_0046,s_01074,search,2026-08-26 09:41:15,,,
5248,u_0046,s_01074,api_request,2026-08-26 09:41:18,,4302,1
5249,u_0049,s_01075,session_start,2026-08-23 22:47:00,,,
5250,u_0049,s_01075,search,2026-08-23 22:47:03,,,
5251,u_0049,s_01075,api_request,2026-08-23 22:47:08,,4170,1
5252,u_0049,s_01075,view_movie_card,2026-08-23 22:47:17,m_0165,,
5253,u_0049,s_01075,view_movie_card,2026-08-23 22:47:40,m_0209,,
5254,u_0049,s_01075,add_favorite,2026-08-23 22:47:47,m_0209,,
5255,u_0786,s_01076,session_start,2026-08-12 16:22:00,,,
5256,u_0786,s_01076,search,2026-08-12 16:22:15,,,
5257,u_0786,s_01076,api_request,2026-08-12 16:22:20,,4351,1
5258,u_0786,s_01076,view_movie_card,2026-08-12 16:22:27,m_0309,,
5259,u_0786,s_01076,view_movie_card,2026-08-12 16:22:38,m_0171,,
5260,u_0772,s_01077,session_start,2026-08-21 16:28:00,,,
5261,u_0772,s_01077,search,2026-08-21 16:28:12,,,
5262,u_0772,s_01077,api_request,2026-08-21 16:28:13,,3113,1
5263,u_0772,s_01077,view_movie_card,2026-08-21 16:28:28,m_0277,,
5264,u_0772,s_01077,view_movie_card,2026-08-21 16:28:33,m_0436,,
5265,u_0772,s_01077,view_movie_card,2026-08-21 16:28:40,m_0418,,
5266,u_0772,s_01077,view_movie_card,2026-08-21 16:29:21,m_0042,,
5267,u_0558,s_01078,session_start,2026-08-29 10:32:00,,,
5268,u_0558,s_01078,search,2026-08-29 10:32:03,,,
5269,u_0558,s_01078,api_request,2026-08-29 10:32:07,,7509,0
5270,u_0558,s_01078,error_shown,2026-08-29 10:32:08,,,
5271,u_0233,s_01079,session_start,2026-08-22 11:47:00,,,
5272,u_0233,s_01079,search,2026-08-22 11:47:14,,,
5273,u_0233,s_01079,api_request,2026-08-22 11:47:16,,2966,1
5274,u_0233,s_01079,view_movie_card,2026-08-22 11:47:33,m_0268,,
5275,u_0233,s_01079,view_movie_card,2026-08-22 11:47:50,m_0113,,
5276,u_0233,s_01079,view_movie_card,2026-08-22 11:48:10,m_0353,,
5277,u_0660,s_01080,session_start,2026-08-04 12:40:00,,,
5278,u_0660,s_01080,search,2026-08-04 12:40:15,,,
5279,u_0660,s_01080,api_request,2026-08-04 12:40:20,,1842,1
5280,u_0660,s_01080,view_movie_card,2026-08-04 12:40:28,m_0254,,
5281,u_0660,s_01080,add_favorite,2026-08-04 12:40:30,m_0254,,
5282,u_0660,s_01080,view_movie_card,2026-08-04 12:40:48,m_0124,,
5283,u_0660,s_01080,view_movie_card,2026-08-04 12:41:02,m_0423,,
5284,u_0660,s_01080,add_favorite,2026-08-04 12:41:04,m_0423,,
5285,u_0660,s_01080,view_movie_card,2026-08-04 12:41:04,m_0013,,
5286,u_0660,s_01080,add_favorite,2026-08-04 12:41:09,m_0013,,
5287,u_0848,s_01081,session_start,2026-08-04 12:11:00,,,
5288,u_0848,s_01081,search,2026-08-04 12:11:03,,,
5289,u_0848,s_01081,api_request,2026-08-04 12:11:03,,1274,1
5290,u_0848,s_01081,view_movie_card,2026-08-04 12:11:17,m_0176,,
5291,u_0848,s_01081,view_movie_card,2026-08-04 12:11:25,m_0156,,
5292,u_0651,s_01082,session_start,2026-08-19 23:30:00,,,
5293,u_0651,s_01082,search,2026-08-19 23:30:02,,,
5294,u_0651,s_01082,api_request,2026-08-19 23:30:07,,558,1
5295,u_0651,s_01082,random_pick,2026-08-19 23:30:11,,,
5296,u_0651,s_01082,view_movie_card,2026-08-19 23:30:24,m_0386,,
5297,u_0651,s_01082,view_movie_card,2026-08-19 23:30:23,m_0217,,
5298,u_0702,s_01083,session_start,2026-08-20 23:22:00,,,
5299,u_0702,s_01083,search,2026-08-20 23:22:02,,,
5300,u_0702,s_01083,api_request,2026-08-20 23:22:05,,6993,0
5301,u_0702,s_01083,error_shown,2026-08-20 23:22:05,,,
5302,u_0487,s_01084,session_start,2026-08-25 23:05:00,,,
5303,u_0487,s_01084,search,2026-08-25 23:05:03,,,
5304,u_0487,s_01084,api_request,2026-08-25 23:05:03,,1070,1
5305,u_0487,s_01084,random_pick,2026-08-25 23:05:07,,,
5306,u_0487,s_01084,view_movie_card,2026-08-25 23:05:09,m_0166,,
5307,u_0487,s_01084,view_movie_card,2026-08-25 23:05:41,m_0111,,
5308,u_0487,s_01084,view_movie_card,2026-08-25 23:05:27,m_0006,,
5309,u_0800,s_01085,session_start,2026-08-19 22:43:00,,,
5310,u_0800,s_01085,search,2026-08-19 22:43:10,,,
5311,u_0800,s_01085,api_request,2026-08-19 22:43:13,,1784,1
5312,u_0800,s_01085,view_movie_card,2026-08-19 22:43:19,m_0130,,
5313,u_0800,s_01085,view_movie_card,2026-08-19 22:43:53,m_0090,,
5314,u_0800,s_01085,view_movie_card,2026-08-19 22:43:55,m_0438,,
5315,u_0800,s_01085,add_favorite,2026-08-19 22:44:00,m_0438,,
5316,u_0113,s_01086,session_start,2026-08-20 14:27:00,,,
5317,u_0113,s_01086,search,2026-08-20 14:27:15,,,
5318,u_0113,s_01086,api_request,2026-08-20 14:27:15,,4283,1
5319,u_0113,s_01086,view_movie_card,2026-08-20 14:27:25,m_0396,,
5320,u_0113,s_01086,view_movie_card,2026-08-20 14:27:43,m_0094,,
5321,u_0866,s_01087,session_start,2026-08-28 19:37:00,,,
5322,u_0866,s_01087,search,2026-08-28 19:37:13,,,
5323,u_0866,s_01087,api_request,2026-08-28 19:37:16,,1251,1
5324,u_0866,s_01087,view_movie_card,2026-08-28 19:37:21,m_0225,,
5325,u_0022,s_01088,session_start,2026-08-26 20:27:00,,,
5326,u_0022,s_01088,search,2026-08-26 20:27:13,,,
5327,u_0022,s_01088,api_request,2026-08-26 20:27:16,,1171,1
5328,u_0022,s_01088,view_movie_card,2026-08-26 20:27:34,m_0035,,
5329,u_0022,s_01088,add_favorite,2026-08-26 20:27:39,m_0035,,
5330,u_0487,s_01089,session_start,2026-08-29 19:22:00,,,
5331,u_0487,s_01089,search,2026-08-29 19:22:05,,,
5332,u_0487,s_01089,api_request,2026-08-29 19:22:06,,1627,1
5333,u_0487,s_01089,random_pick,2026-08-29 19:22:11,,,
5334,u_0487,s_01089,view_movie_card,2026-08-29 19:22:22,m_0286,,
5335,u_0190,s_01090,session_start,2026-08-03 21:42:00,,,
5336,u_0190,s_01090,search,2026-08-03 21:42:03,,,
5337,u_0190,s_01090,api_request,2026-08-03 21:42:07,,4658,0
5338,u_0190,s_01090,error_shown,2026-08-03 21:42:07,,,
5339,u_0765,s_01091,session_start,2026-08-05 13:08:00,,,
5340,u_0765,s_01091,search,2026-08-05 13:08:02,,,
5341,u_0765,s_01091,api_request,2026-08-05 13:08:05,,3099,0
5342,u_0765,s_01091,error_shown,2026-08-05 13:08:05,,,
5343,u_0273,s_01092,session_start,2026-08-04 17:42:00,,,
5344,u_0273,s_01092,search,2026-08-04 17:42:02,,,
5345,u_0273,s_01092,api_request,2026-08-04 17:42:04,,1422,1
5346,u_0273,s_01092,view_movie_card,2026-08-04 17:42:15,m_0097,,
5347,u_0102,s_01093,session_start,2026-08-16 16:13:00,,,
5348,u_0102,s_01093,search,2026-08-16 16:13:10,,,
5349,u_0102,s_01093,api_request,2026-08-16 16:13:15,,880,1
5350,u_0102,s_01093,view_movie_card,2026-08-16 16:13:22,m_0245,,
5351,u_0253,s_01094,session_start,2026-08-03 18:10:00,,,
5352,u_0253,s_01094,search,2026-08-03 18:10:08,,,
5353,u_0253,s_01094,api_request,2026-08-03 18:10:13,,2146,1
5354,u_0443,s_01095,session_start,2026-08-14 09:48:00,,,
5355,u_0443,s_01095,search,2026-08-14 09:48:07,,,
5356,u_0443,s_01095,api_request,2026-08-14 09:48:10,,8502,0
5357,u_0443,s_01095,error_shown,2026-08-14 09:48:10,,,
5358,u_0401,s_01096,session_start,2026-08-24 23:23:00,,,
5359,u_0401,s_01096,search,2026-08-24 23:23:15,,,
5360,u_0401,s_01096,api_request,2026-08-24 23:23:17,,1343,1
5361,u_0401,s_01096,view_movie_card,2026-08-24 23:23:35,m_0331,,
5362,u_0401,s_01096,view_movie_card,2026-08-24 23:23:37,m_0124,,
5363,u_0401,s_01096,view_movie_card,2026-08-24 23:23:59,m_0255,,
5364,u_0401,s_01096,view_movie_card,2026-08-24 23:24:29,m_0308,,
5365,u_0401,s_01096,add_favorite,2026-08-24 23:24:31,m_0308,,
5366,u_0401,s_01096,view_movie_card,2026-08-24 23:23:52,m_0361,,
5367,u_0041,s_01097,session_start,2026-08-05 21:41:00,,,
5368,u_0041,s_01097,search,2026-08-05 21:41:08,,,
5369,u_0041,s_01097,api_request,2026-08-05 21:41:10,,3097,1
5370,u_0041,s_01097,random_pick,2026-08-05 21:41:13,,,
5371,u_0041,s_01097,view_movie_card,2026-08-05 21:41:30,m_0262,,
5372,u_0041,s_01097,view_movie_card,2026-08-05 21:41:28,m_0241,,
5373,u_0546,s_01098,session_start,2026-08-23 16:21:00,,,
5374,u_0546,s_01098,search,2026-08-23 16:21:12,,,
5375,u_0546,s_01098,api_request,2026-08-23 16:21:12,,2497,1
5376,u_0526,s_01099,session_start,2026-08-28 13:38:00,,,
5377,u_0526,s_01099,search,2026-08-28 13:38:07,,,
5378,u_0526,s_01099,api_request,2026-08-28 13:38:09,,3155,1
5379,u_0531,s_01100,session_start,2026-08-07 22:21:00,,,
5380,u_0531,s_01100,search,2026-08-07 22:21:06,,,
5381,u_0531,s_01100,api_request,2026-08-07 22:21:08,,1842,1
5382,u_0531,s_01100,random_pick,2026-08-07 22:21:11,,,
5383,u_0531,s_01100,view_movie_card,2026-08-07 22:21:19,m_0352,,
5384,u_0531,s_01100,view_movie_card,2026-08-07 22:21:38,m_0105,,
5385,u_0531,s_01100,view_movie_card,2026-08-07 22:21:38,m_0061,,
5386,u_0531,s_01100,view_movie_card,2026-08-07 22:22:04,m_0327,,
5387,u_0851,s_01101,session_start,2026-08-20 21:40:00,,,
5388,u_0851,s_01101,search,2026-08-20 21:40:12,,,
5389,u_0851,s_01101,api_request,2026-08-20 21:40:16,,3508,1
5390,u_0851,s_01101,view_movie_card,2026-08-20 21:40:31,m_0075,,
5391,u_0386,s_01102,session_start,2026-08-03 13:07:00,,,
5392,u_0386,s_01102,search,2026-08-03 13:07:08,,,
5393,u_0386,s_01102,api_request,2026-08-03 13:07:08,,2387,1
5394,u_0598,s_01103,session_start,2026-08-15 23:35:00,,,
5395,u_0598,s_01103,search,2026-08-15 23:35:10,,,
5396,u_0598,s_01103,api_request,2026-08-15 23:35:14,,2476,1
5397,u_0598,s_01103,view_movie_card,2026-08-15 23:35:22,m_0244,,
5398,u_0598,s_01103,view_movie_card,2026-08-15 23:35:44,m_0062,,
5399,u_0598,s_01103,add_favorite,2026-08-15 23:35:46,m_0062,,
5400,u_0056,s_01104,session_start,2026-08-12 21:51:00,,,
5401,u_0056,s_01104,search,2026-08-12 21:51:03,,,
5402,u_0056,s_01104,api_request,2026-08-12 21:51:05,,4684,1
5403,u_0056,s_01104,view_movie_card,2026-08-12 21:51:23,m_0105,,
5404,u_0056,s_01104,add_favorite,2026-08-12 21:51:24,m_0105,,
5405,u_0056,s_01104,view_movie_card,2026-08-12 21:51:15,m_0058,,
5406,u_0056,s_01104,view_movie_card,2026-08-12 21:51:44,m_0146,,
5407,u_0619,s_01105,session_start,2026-08-08 12:39:00,,,
5408,u_0619,s_01105,search,2026-08-08 12:39:06,,,
5409,u_0619,s_01105,api_request,2026-08-08 12:39:10,,2236,1
5410,u_0619,s_01105,random_pick,2026-08-08 12:39:12,,,
5411,u_0619,s_01105,view_movie_card,2026-08-08 12:39:20,m_0413,,
5412,u_0619,s_01105,view_movie_card,2026-08-08 12:39:44,m_0105,,
5413,u_0585,s_01106,session_start,2026-08-01 11:05:00,,,
5414,u_0585,s_01106,search,2026-08-01 11:05:06,,,
5415,u_0585,s_01106,api_request,2026-08-01 11:05:10,,2316,1
5416,u_0625,s_01107,session_start,2026-08-08 12:29:00,,,
5417,u_0625,s_01107,search,2026-08-08 12:29:04,,,
5418,u_0625,s_01107,api_request,2026-08-08 12:29:06,,325,1
5419,u_0625,s_01107,view_movie_card,2026-08-08 12:29:23,m_0229,,
5420,u_0625,s_01107,add_favorite,2026-08-08 12:29:25,m_0229,,
5421,u_0730,s_01108,session_start,2026-08-28 10:26:00,,,
5422,u_0730,s_01108,search,2026-08-28 10:26:04,,,
5423,u_0730,s_01108,api_request,2026-08-28 10:26:07,,3414,1
5424,u_0730,s_01108,random_pick,2026-08-28 10:26:11,,,
5425,u_0730,s_01108,view_movie_card,2026-08-28 10:26:25,m_0405,,
5426,u_0730,s_01108,view_movie_card,2026-08-28 10:26:37,m_0165,,
5427,u_0730,s_01108,add_favorite,2026-08-28 10:26:44,m_0165,,
5428,u_0730,s_01108,view_movie_card,2026-08-28 10:27:04,m_0311,,
5429,u_0730,s_01108,add_favorite,2026-08-28 10:27:07,m_0311,,
5430,u_0858,s_01109,session_start,2026-08-23 10:38:00,,,
5431,u_0858,s_01109,search,2026-08-23 10:38:08,,,
5432,u_0858,s_01109,api_request,2026-08-23 10:38:09,,1996,1
5433,u_0858,s_01109,random_pick,2026-08-23 10:38:12,,,
5434,u_0858,s_01109,view_movie_card,2026-08-23 10:38:21,m_0195,,
5435,u_0858,s_01109,view_movie_card,2026-08-23 10:38:49,m_0492,,
5436,u_0858,s_01109,add_favorite,2026-08-23 10:38:53,m_0492,,
5437,u_0464,s_01110,session_start,2026-08-21 20:04:00,,,
5438,u_0464,s_01110,search,2026-08-21 20:04:02,,,
5439,u_0464,s_01110,api_request,2026-08-21 20:04:05,,3245,1
5440,u_0464,s_01110,view_movie_card,2026-08-21 20:04:23,m_0046,,
5441,u_0464,s_01110,view_movie_card,2026-08-21 20:04:37,m_0118,,
5442,u_0162,s_01111,session_start,2026-08-30 13:30:00,,,
5443,u_0162,s_01111,search,2026-08-30 13:30:15,,,
5444,u_0162,s_01111,api_request,2026-08-30 13:30:19,,4649,1
5445,u_0374,s_01112,session_start,2026-08-28 09:24:00,,,
5446,u_0374,s_01112,search,2026-08-28 09:24:05,,,
5447,u_0374,s_01112,api_request,2026-08-28 09:24:05,,1600,1
5448,u_0374,s_01112,random_pick,2026-08-28 09:24:06,,,
5449,u_0374,s_01112,view_movie_card,2026-08-28 09:24:18,m_0232,,
5450,u_0374,s_01112,add_favorite,2026-08-28 09:24:21,m_0232,,
5451,u_0374,s_01112,view_movie_card,2026-08-28 09:24:41,m_0143,,
5452,u_0374,s_01112,view_movie_card,2026-08-28 09:24:35,m_0118,,
5453,u_0238,s_01113,session_start,2026-08-06 17:04:00,,,
5454,u_0238,s_01113,search,2026-08-06 17:04:11,,,
5455,u_0238,s_01113,api_request,2026-08-06 17:04:11,,1741,1
5456,u_0238,s_01113,view_movie_card,2026-08-06 17:04:21,m_0121,,
5457,u_0238,s_01113,add_favorite,2026-08-06 17:04:25,m_0121,,
5458,u_0238,s_01113,view_movie_card,2026-08-06 17:04:25,m_0035,,
5459,u_0184,s_01114,session_start,2026-08-09 22:50:00,,,
5460,u_0184,s_01114,search,2026-08-09 22:50:14,,,
5461,u_0184,s_01114,api_request,2026-08-09 22:50:17,,3322,1
5462,u_0184,s_01114,view_movie_card,2026-08-09 22:50:29,m_0403,,
5463,u_0184,s_01114,add_favorite,2026-08-09 22:50:32,m_0403,,
5464,u_0833,s_01115,session_start,2026-08-25 13:32:00,,,
5465,u_0833,s_01115,search,2026-08-25 13:32:10,,,
5466,u_0833,s_01115,api_request,2026-08-25 13:32:10,,1668,1
5467,u_0833,s_01115,random_pick,2026-08-25 13:32:15,,,
5468,u_0833,s_01115,view_movie_card,2026-08-25 13:32:26,m_0294,,
5469,u_0180,s_01116,session_start,2026-08-15 12:29:00,,,
5470,u_0180,s_01116,search,2026-08-15 12:29:13,,,
5471,u_0180,s_01116,api_request,2026-08-15 12:29:15,,646,1
5472,u_0180,s_01116,random_pick,2026-08-15 12:29:19,,,
5473,u_0180,s_01116,view_movie_card,2026-08-15 12:29:35,m_0347,,
5474,u_0180,s_01116,view_movie_card,2026-08-15 12:29:49,m_0456,,
5475,u_0806,s_01117,session_start,2026-08-21 17:22:00,,,
5476,u_0806,s_01117,search,2026-08-21 17:22:13,,,
5477,u_0806,s_01117,api_request,2026-08-21 17:22:16,,4588,1
5478,u_0512,s_01118,session_start,2026-08-06 17:54:00,,,
5479,u_0512,s_01118,search,2026-08-06 17:54:02,,,
5480,u_0512,s_01118,api_request,2026-08-06 17:54:03,,3310,1
5481,u_0423,s_01119,session_start,2026-08-04 18:57:00,,,
5482,u_0423,s_01119,search,2026-08-04 18:57:06,,,
5483,u_0423,s_01119,api_request,2026-08-04 18:57:09,,6991,0
5484,u_0423,s_01119,error_shown,2026-08-04 18:57:09,,,
5485,u_0221,s_01120,session_start,2026-08-07 21:01:00,,,
5486,u_0221,s_01120,search,2026-08-07 21:01:12,,,
5487,u_0221,s_01120,api_request,2026-08-07 21:01:13,,5136,1
5488,u_0813,s_01121,session_start,2026-08-24 11:41:00,,,
5489,u_0813,s_01121,search,2026-08-24 11:41:05,,,
5490,u_0813,s_01121,api_request,2026-08-24 11:41:06,,4860,0
5491,u_0813,s_01121,error_shown,2026-08-24 11:41:06,,,
5492,u_0499,s_01122,session_start,2026-08-29 16:16:00,,,
5493,u_0499,s_01122,search,2026-08-29 16:16:13,,,
5494,u_0499,s_01122,api_request,2026-08-29 16:16:17,,1976,1
5495,u_0499,s_01122,random_pick,2026-08-29 16:16:19,,,
5496,u_0499,s_01122,view_movie_card,2026-08-29 16:16:25,m_0152,,
5497,u_0499,s_01122,view_movie_card,2026-08-29 16:16:49,m_0239,,
5498,u_0444,s_01123,session_start,2026-08-29 19:55:00,,,
5499,u_0444,s_01123,search,2026-08-29 19:55:06,,,
5500,u_0444,s_01123,api_request,2026-08-29 19:55:09,,4818,1
5501,u_0444,s_01123,view_movie_card,2026-08-29 19:55:29,m_0035,,
5502,u_0444,s_01123,view_movie_card,2026-08-29 19:55:31,m_0159,,
5503,u_0444,s_01123,view_movie_card,2026-08-29 19:55:39,m_0006,,
5504,u_0444,s_01123,view_movie_card,2026-08-29 19:55:45,m_0382,,
5505,u_0444,s_01123,view_movie_card,2026-08-29 19:56:14,m_0031,,
5506,u_0444,s_01123,add_favorite,2026-08-29 19:56:18,m_0031,,
5507,u_0025,s_01124,session_start,2026-08-21 17:23:00,,,
5508,u_0025,s_01124,search,2026-08-21 17:23:07,,,
5509,u_0025,s_01124,api_request,2026-08-21 17:23:12,,2975,1
5510,u_0025,s_01124,view_movie_card,2026-08-21 17:23:20,m_0453,,
5511,u_0527,s_01125,session_start,2026-08-16 15:48:00,,,
5512,u_0527,s_01125,search,2026-08-16 15:48:14,,,
5513,u_0527,s_01125,api_request,2026-08-16 15:48:18,,4939,1
5514,u_0527,s_01125,random_pick,2026-08-16 15:48:22,,,
5515,u_0527,s_01125,view_movie_card,2026-08-16 15:48:33,m_0339,,
5516,u_0527,s_01125,view_movie_card,2026-08-16 15:48:44,m_0074,,
5517,u_0527,s_01125,add_favorite,2026-08-16 15:48:48,m_0074,,
5518,u_0527,s_01125,view_movie_card,2026-08-16 15:48:39,m_0316,,
5519,u_0527,s_01125,view_movie_card,2026-08-16 15:49:26,m_0113,,
5520,u_0527,s_01125,add_favorite,2026-08-16 15:49:31,m_0113,,
5521,u_0527,s_01125,view_movie_card,2026-08-16 15:48:43,m_0489,,
5522,u_0527,s_01125,add_favorite,2026-08-16 15:48:50,m_0489,,
5523,u_0819,s_01126,session_start,2026-08-19 12:26:00,,,
5524,u_0819,s_01126,search,2026-08-19 12:26:04,,,
5525,u_0819,s_01126,api_request,2026-08-19 12:26:07,,2390,1
5526,u_0168,s_01127,session_start,2026-08-07 09:04:00,,,
5527,u_0168,s_01127,search,2026-08-07 09:04:06,,,
5528,u_0168,s_01127,api_request,2026-08-07 09:04:10,,2094,1
5529,u_0168,s_01127,view_movie_card,2026-08-07 09:04:30,m_0059,,
5530,u_0168,s_01127,add_favorite,2026-08-07 09:04:38,m_0059,,
5531,u_0168,s_01127,view_movie_card,2026-08-07 09:04:40,m_0316,,
5532,u_0168,s_01127,view_movie_card,2026-08-07 09:04:58,m_0436,,
5533,u_0168,s_01127,view_movie_card,2026-08-07 09:05:02,m_0296,,
5534,u_0168,s_01127,view_movie_card,2026-08-07 09:05:25,m_0324,,
5535,u_0699,s_01128,session_start,2026-08-17 11:42:00,,,
5536,u_0699,s_01128,search,2026-08-17 11:42:11,,,
5537,u_0699,s_01128,api_request,2026-08-17 11:42:15,,5164,1
5538,u_0699,s_01128,view_movie_card,2026-08-17 11:42:33,m_0248,,
5539,u_0742,s_01129,session_start,2026-08-17 13:31:00,,,
5540,u_0821,s_01130,session_start,2026-08-02 18:19:00,,,
5541,u_0821,s_01130,search,2026-08-02 18:19:03,,,
5542,u_0821,s_01130,api_request,2026-08-02 18:19:04,,2093,1
5543,u_0157,s_01131,session_start,2026-08-08 16:57:00,,,
5544,u_0372,s_01132,session_start,2026-08-23 17:32:00,,,
5545,u_0372,s_01132,search,2026-08-23 17:32:08,,,
5546,u_0372,s_01132,api_request,2026-08-23 17:32:11,,2750,1
5547,u_0372,s_01132,view_movie_card,2026-08-23 17:32:18,m_0397,,
5548,u_0416,s_01133,session_start,2026-08-29 09:27:00,,,
5549,u_0416,s_01133,search,2026-08-29 09:27:04,,,
5550,u_0416,s_01133,api_request,2026-08-29 09:27:07,,550,1
5551,u_0416,s_01133,random_pick,2026-08-29 09:27:11,,,
5552,u_0416,s_01133,view_movie_card,2026-08-29 09:27:27,m_0476,,
5553,u_0416,s_01133,view_movie_card,2026-08-29 09:27:29,m_0208,,
5554,u_0626,s_01134,session_start,2026-08-08 13:15:00,,,
5555,u_0626,s_01134,search,2026-08-08 13:15:07,,,
5556,u_0626,s_01134,api_request,2026-08-08 13:15:08,,5161,1
5557,u_0626,s_01134,random_pick,2026-08-08 13:15:09,,,
5558,u_0626,s_01134,view_movie_card,2026-08-08 13:15:17,m_0277,,
5559,u_0813,s_01135,session_start,2026-08-29 10:59:00,,,
5560,u_0813,s_01135,search,2026-08-29 10:59:12,,,
5561,u_0813,s_01135,api_request,2026-08-29 10:59:13,,317,1
5562,u_0813,s_01135,random_pick,2026-08-29 10:59:16,,,
5563,u_0813,s_01135,view_movie_card,2026-08-29 10:59:29,m_0342,,
5564,u_0318,s_01136,session_start,2026-08-02 11:57:00,,,
5565,u_0318,s_01136,search,2026-08-02 11:57:02,,,
5566,u_0318,s_01136,api_request,2026-08-02 11:57:06,,623,1
5567,u_0318,s_01136,random_pick,2026-08-02 11:57:08,,,
5568,u_0318,s_01136,view_movie_card,2026-08-02 11:57:23,m_0422,,
5569,u_0318,s_01136,view_movie_card,2026-08-02 11:57:22,m_0137,,
5570,u_0318,s_01136,view_movie_card,2026-08-02 11:57:27,m_0426,,
5571,u_0621,s_01137,session_start,2026-08-05 10:29:00,,,
5572,u_0621,s_01137,search,2026-08-05 10:29:04,,,
5573,u_0621,s_01137,api_request,2026-08-05 10:29:09,,4517,1
5574,u_0621,s_01137,view_movie_card,2026-08-05 10:29:15,m_0202,,
5575,u_0621,s_01137,view_movie_card,2026-08-05 10:29:29,m_0356,,
5576,u_0314,s_01138,session_start,2026-08-15 14:32:00,,,
5577,u_0314,s_01138,search,2026-08-15 14:32:13,,,
5578,u_0314,s_01138,api_request,2026-08-15 14:32:16,,2226,1
5579,u_0335,s_01139,session_start,2026-08-28 13:42:00,,,
5580,u_0335,s_01139,search,2026-08-28 13:42:09,,,
5581,u_0335,s_01139,api_request,2026-08-28 13:42:10,,601,1
5582,u_0335,s_01139,random_pick,2026-08-28 13:42:11,,,
5583,u_0335,s_01139,view_movie_card,2026-08-28 13:42:29,m_0065,,
5584,u_0335,s_01139,add_favorite,2026-08-28 13:42:31,m_0065,,
5585,u_0335,s_01139,view_movie_card,2026-08-28 13:42:38,m_0395,,
5586,u_0736,s_01140,session_start,2026-08-11 18:15:00,,,
5587,u_0736,s_01140,search,2026-08-11 18:15:08,,,
5588,u_0736,s_01140,api_request,2026-08-11 18:15:09,,4822,1
5589,u_0736,s_01140,view_movie_card,2026-08-11 18:15:29,m_0336,,
5590,u_0736,s_01140,add_favorite,2026-08-11 18:15:32,m_0336,,
5591,u_0068,s_01141,session_start,2026-08-13 12:22:00,,,
5592,u_0068,s_01141,search,2026-08-13 12:22:15,,,
5593,u_0068,s_01141,api_request,2026-08-13 12:22:17,,4376,1
5594,u_0068,s_01141,view_movie_card,2026-08-13 12:22:32,m_0231,,
5595,u_0068,s_01141,add_favorite,2026-08-13 12:22:38,m_0231,,
5596,u_0068,s_01141,view_movie_card,2026-08-13 12:22:53,m_0338,,
5597,u_0068,s_01141,view_movie_card,2026-08-13 12:22:47,m_0004,,
5598,u_0068,s_01141,view_movie_card,2026-08-13 12:22:57,m_0489,,
5599,u_0068,s_01141,view_movie_card,2026-08-13 12:22:52,m_0250,,
5600,u_0144,s_01142,session_start,2026-08-11 11:02:00,,,
5601,u_0144,s_01142,search,2026-08-11 11:02:11,,,
5602,u_0144,s_01142,api_request,2026-08-11 11:02:15,,1956,1
5603,u_0144,s_01142,view_movie_card,2026-08-11 11:02:31,m_0365,,
5604,u_0144,s_01142,view_movie_card,2026-08-11 11:02:47,m_0173,,
5605,u_0144,s_01142,add_favorite,2026-08-11 11:02:55,m_0173,,
5606,u_0207,s_01143,session_start,2026-08-25 22:32:00,,,
5607,u_0207,s_01143,search,2026-08-25 22:32:07,,,
5608,u_0207,s_01143,api_request,2026-08-25 22:32:12,,4436,1
5609,u_0207,s_01143,view_movie_card,2026-08-25 22:32:23,m_0223,,
5610,u_0207,s_01143,view_movie_card,2026-08-25 22:32:24,m_0233,,
5611,u_0552,s_01144,session_start,2026-08-19 17:18:00,,,
5612,u_0341,s_01145,session_start,2026-08-15 09:18:00,,,
5613,u_0341,s_01145,search,2026-08-15 09:18:11,,,
5614,u_0341,s_01145,api_request,2026-08-15 09:18:16,,814,1
5615,u_0341,s_01145,view_movie_card,2026-08-15 09:18:28,m_0473,,
5616,u_0341,s_01145,view_movie_card,2026-08-15 09:18:40,m_0231,,
5617,u_0341,s_01145,view_movie_card,2026-08-15 09:18:34,m_0419,,
5618,u_0341,s_01145,view_movie_card,2026-08-15 09:19:08,m_0203,,
5619,u_0228,s_01146,session_start,2026-08-17 12:02:00,,,
5620,u_0003,s_01147,session_start,2026-08-15 12:25:00,,,
5621,u_0003,s_01147,search,2026-08-15 12:25:03,,,
5622,u_0003,s_01147,api_request,2026-08-15 12:25:05,,4777,1
5623,u_0751,s_01148,session_start,2026-08-01 17:55:00,,,
5624,u_0751,s_01148,search,2026-08-01 17:55:12,,,
5625,u_0751,s_01148,api_request,2026-08-01 17:55:14,,719,1
5626,u_0751,s_01148,view_movie_card,2026-08-01 17:55:28,m_0400,,
5627,u_0751,s_01148,add_favorite,2026-08-01 17:55:32,m_0400,,
5628,u_0751,s_01148,view_movie_card,2026-08-01 17:55:48,m_0288,,
5629,u_0206,s_01149,session_start,2026-08-06 17:41:00,,,
5630,u_0206,s_01149,search,2026-08-06 17:41:08,,,
5631,u_0206,s_01149,api_request,2026-08-06 17:41:08,,2311,1
5632,u_0768,s_01150,session_start,2026-08-01 10:08:00,,,
5633,u_0768,s_01150,search,2026-08-01 10:08:04,,,
5634,u_0768,s_01150,api_request,2026-08-01 10:08:09,,2406,1
5635,u_0768,s_01150,random_pick,2026-08-01 10:08:11,,,
5636,u_0768,s_01150,view_movie_card,2026-08-01 10:08:25,m_0050,,
5637,u_0768,s_01150,view_movie_card,2026-08-01 10:08:37,m_0159,,
5638,u_0768,s_01150,view_movie_card,2026-08-01 10:08:30,m_0040,,
5639,u_0768,s_01150,view_movie_card,2026-08-01 10:08:41,m_0437,,
5640,u_0789,s_01151,session_start,2026-08-08 10:49:00,,,
5641,u_0789,s_01151,search,2026-08-08 10:49:06,,,
5642,u_0789,s_01151,api_request,2026-08-08 10:49:07,,3996,1
5643,u_0789,s_01151,view_movie_card,2026-08-08 10:49:26,m_0262,,
5644,u_0789,s_01151,add_favorite,2026-08-08 10:49:31,m_0262,,
5645,u_0789,s_01151,view_movie_card,2026-08-08 10:49:21,m_0183,,
5646,u_0826,s_01152,session_start,2026-08-12 11:24:00,,,
5647,u_0826,s_01152,search,2026-08-12 11:24:06,,,
5648,u_0826,s_01152,api_request,2026-08-12 11:24:06,,1007,1
5649,u_0165,s_01153,session_start,2026-08-06 11:21:00,,,
5650,u_0165,s_01153,search,2026-08-06 11:21:13,,,
5651,u_0165,s_01153,api_request,2026-08-06 11:21:17,,3178,1
5652,u_0165,s_01153,view_movie_card,2026-08-06 11:21:35,m_0054,,
5653,u_0165,s_01153,view_movie_card,2026-08-06 11:21:51,m_0109,,
5654,u_0165,s_01153,add_favorite,2026-08-06 11:21:59,m_0109,,
5655,u_0165,s_01153,view_movie_card,2026-08-06 11:21:38,m_0500,,
5656,u_0165,s_01153,view_movie_card,2026-08-06 11:22:05,m_0428,,
5657,u_0571,s_01154,session_start,2026-08-30 21:31:00,,,
5658,u_0571,s_01154,search,2026-08-30 21:31:08,,,
5659,u_0571,s_01154,api_request,2026-08-30 21:31:10,,1931,1
5660,u_0004,s_01155,session_start,2026-08-02 16:12:00,,,
5661,u_0004,s_01155,search,2026-08-02 16:12:02,,,
5662,u_0004,s_01155,api_request,2026-08-02 16:12:07,,3074,1
5663,u_0004,s_01155,view_movie_card,2026-08-02 16:12:26,m_0044,,
5664,u_0004,s_01155,add_favorite,2026-08-02 16:12:28,m_0044,,
5665,u_0004,s_01155,view_movie_card,2026-08-02 16:12:23,m_0304,,
5666,u_0004,s_01155,add_favorite,2026-08-02 16:12:31,m_0304,,
5667,u_0004,s_01155,view_movie_card,2026-08-02 16:12:52,m_0062,,
5668,u_0004,s_01155,view_movie_card,2026-08-02 16:12:31,m_0403,,
5669,u_0550,s_01156,session_start,2026-08-11 12:19:00,,,
5670,u_0550,s_01156,search,2026-08-11 12:19:06,,,
5671,u_0550,s_01156,api_request,2026-08-11 12:19:06,,749,1
5672,u_0265,s_01157,session_start,2026-08-22 11:44:00,,,
5673,u_0265,s_01157,search,2026-08-22 11:44:04,,,
5674,u_0265,s_01157,api_request,2026-08-22 11:44:06,,3675,1
5675,u_0511,s_01158,session_start,2026-08-17 14:04:00,,,
5676,u_0511,s_01158,search,2026-08-17 14:04:06,,,
5677,u_0511,s_01158,api_request,2026-08-17 14:04:09,,5335,0
5678,u_0511,s_01158,error_shown,2026-08-17 14:04:09,,,
5679,u_0096,s_01159,session_start,2026-08-11 11:45:00,,,
5680,u_0096,s_01159,search,2026-08-11 11:45:10,,,
5681,u_0096,s_01159,api_request,2026-08-11 11:45:15,,1120,1
5682,u_0096,s_01159,random_pick,2026-08-11 11:45:18,,,
5683,u_0096,s_01159,view_movie_card,2026-08-11 11:45:30,m_0455,,
5684,u_0096,s_01159,add_favorite,2026-08-11 11:45:34,m_0455,,
5685,u_0238,s_01160,session_start,2026-08-19 21:05:00,,,
5686,u_0238,s_01160,search,2026-08-19 21:05:06,,,
5687,u_0238,s_01160,api_request,2026-08-19 21:05:10,,952,1
5688,u_0892,s_01161,session_start,2026-08-18 23:36:00,,,
5689,u_0892,s_01161,search,2026-08-18 23:36:06,,,
5690,u_0892,s_01161,api_request,2026-08-18 23:36:10,,1122,1
5691,u_0320,s_01162,session_start,2026-08-25 23:02:00,,,
5692,u_0342,s_01163,session_start,2026-08-14 10:42:00,,,
5693,u_0342,s_01163,search,2026-08-14 10:42:02,,,
5694,u_0342,s_01163,api_request,2026-08-14 10:42:03,,5119,1
5695,u_0342,s_01163,random_pick,2026-08-14 10:42:06,,,
5696,u_0342,s_01163,view_movie_card,2026-08-14 10:42:20,m_0278,,
5697,u_0342,s_01163,add_favorite,2026-08-14 10:42:23,m_0278,,
5698,u_0342,s_01163,view_movie_card,2026-08-14 10:42:27,m_0042,,
5699,u_0342,s_01163,view_movie_card,2026-08-14 10:42:33,m_0333,,
5700,u_0342,s_01163,view_movie_card,2026-08-14 10:42:35,m_0323,,
5701,u_0726,s_01164,session_start,2026-08-16 12:46:00,,,
5702,u_0726,s_01164,search,2026-08-16 12:46:13,,,
5703,u_0726,s_01164,api_request,2026-08-16 12:46:18,,3641,1
5704,u_0726,s_01164,random_pick,2026-08-16 12:46:20,,,
5705,u_0726,s_01164,view_movie_card,2026-08-16 12:46:38,m_0281,,
5706,u_0726,s_01164,view_movie_card,2026-08-16 12:46:54,m_0109,,
5707,u_0541,s_01165,session_start,2026-08-13 12:52:00,,,
5708,u_0541,s_01165,search,2026-08-13 12:52:04,,,
5709,u_0541,s_01165,api_request,2026-08-13 12:52:07,,3671,1
5710,u_0632,s_01166,session_start,2026-08-10 13:15:00,,,
5711,u_0632,s_01166,search,2026-08-10 13:15:03,,,
5712,u_0632,s_01166,api_request,2026-08-10 13:15:08,,4376,1
5713,u_0632,s_01166,view_movie_card,2026-08-10 13:15:21,m_0354,,
5714,u_0632,s_01166,add_favorite,2026-08-10 13:15:24,m_0354,,
5715,u_0123,s_01167,session_start,2026-08-27 19:37:00,,,
5716,u_0042,s_01168,session_start,2026-08-08 11:45:00,,,
5717,u_0042,s_01168,search,2026-08-08 11:45:05,,,
5718,u_0042,s_01168,api_request,2026-08-08 11:45:05,,3533,1
5719,u_0042,s_01168,view_movie_card,2026-08-08 11:45:10,m_0334,,
5720,u_0042,s_01168,add_favorite,2026-08-08 11:45:12,m_0334,,
5721,u_0424,s_01169,session_start,2026-08-27 20:00:00,,,
5722,u_0424,s_01169,search,2026-08-27 20:00:05,,,
5723,u_0424,s_01169,api_request,2026-08-27 20:00:08,,1309,1
5724,u_0676,s_01170,session_start,2026-08-11 15:24:00,,,
5725,u_0676,s_01170,search,2026-08-11 15:24:06,,,
5726,u_0676,s_01170,api_request,2026-08-11 15:24:09,,1495,1
5727,u_0676,s_01170,view_movie_card,2026-08-11 15:24:21,m_0251,,
5728,u_0676,s_01170,view_movie_card,2026-08-11 15:24:35,m_0224,,
5729,u_0676,s_01170,add_favorite,2026-08-11 15:24:36,m_0224,,
5730,u_0063,s_01171,session_start,2026-08-14 16:10:00,,,
5731,u_0063,s_01171,search,2026-08-14 16:10:15,,,
5732,u_0063,s_01171,api_request,2026-08-14 16:10:15,,4594,1
5733,u_0063,s_01171,view_movie_card,2026-08-14 16:10:24,m_0146,,
5734,u_0063,s_01171,view_movie_card,2026-08-14 16:10:51,m_0394,,
5735,u_0063,s_01171,add_favorite,2026-08-14 16:10:53,m_0394,,
5736,u_0311,s_01172,session_start,2026-08-19 16:22:00,,,
5737,u_0311,s_01172,search,2026-08-19 16:22:09,,,
5738,u_0311,s_01172,api_request,2026-08-19 16:22:10,,2557,1
5739,u_0492,s_01173,session_start,2026-08-13 13:10:00,,,
5740,u_0492,s_01173,search,2026-08-13 13:10:04,,,
5741,u_0492,s_01173,api_request,2026-08-13 13:10:04,,4280,1
5742,u_0492,s_01173,view_movie_card,2026-08-13 13:10:13,m_0057,,
5743,u_0492,s_01173,view_movie_card,2026-08-13 13:10:36,m_0268,,
5744,u_0492,s_01173,view_movie_card,2026-08-13 13:10:28,m_0140,,
5745,u_0492,s_01173,view_movie_card,2026-08-13 13:11:00,m_0383,,
5746,u_0492,s_01173,view_movie_card,2026-08-13 13:10:39,m_0291,,
5747,u_0290,s_01174,session_start,2026-08-04 12:57:00,,,
5748,u_0290,s_01174,search,2026-08-04 12:57:05,,,
5749,u_0290,s_01174,api_request,2026-08-04 12:57:10,,5005,1
5750,u_0643,s_01175,session_start,2026-08-17 23:11:00,,,
5751,u_0643,s_01175,search,2026-08-17 23:11:10,,,
5752,u_0643,s_01175,api_request,2026-08-17 23:11:10,,460,1
5753,u_0643,s_01175,view_movie_card,2026-08-17 23:11:25,m_0001,,
5754,u_0643,s_01175,view_movie_card,2026-08-17 23:11:30,m_0056,,
5755,u_0643,s_01175,view_movie_card,2026-08-17 23:12:04,m_0129,,
5756,u_0644,s_01176,session_start,2026-08-09 18:12:00,,,
5757,u_0644,s_01176,search,2026-08-09 18:12:15,,,
5758,u_0644,s_01176,api_request,2026-08-09 18:12:20,,3223,1
5759,u_0644,s_01176,random_pick,2026-08-09 18:12:22,,,
5760,u_0644,s_01176,view_movie_card,2026-08-09 18:12:35,m_0024,,
5761,u_0644,s_01176,view_movie_card,2026-08-09 18:12:52,m_0242,,
5762,u_0234,s_01177,session_start,2026-08-18 14:31:00,,,
5763,u_0234,s_01177,search,2026-08-18 14:31:10,,,
5764,u_0234,s_01177,api_request,2026-08-18 14:31:10,,1145,1
5765,u_0234,s_01177,view_movie_card,2026-08-18 14:31:16,m_0105,,
5766,u_0106,s_01178,session_start,2026-08-18 20:04:00,,,
5767,u_0106,s_01178,search,2026-08-18 20:04:10,,,
5768,u_0106,s_01178,api_request,2026-08-18 20:04:13,,2108,1
5769,u_0106,s_01178,random_pick,2026-08-18 20:04:16,,,
5770,u_0106,s_01178,view_movie_card,2026-08-18 20:04:18,m_0471,,
5771,u_0603,s_01179,session_start,2026-08-04 13:41:00,,,
5772,u_0603,s_01179,search,2026-08-04 13:41:05,,,
5773,u_0603,s_01179,api_request,2026-08-04 13:41:05,,2239,1
5774,u_0603,s_01179,random_pick,2026-08-04 13:41:10,,,
5775,u_0603,s_01179,view_movie_card,2026-08-04 13:41:17,m_0023,,
5776,u_0674,s_01180,session_start,2026-08-09 17:10:00,,,
5777,u_0674,s_01180,search,2026-08-09 17:10:13,,,
5778,u_0674,s_01180,api_request,2026-08-09 17:10:13,,4310,1
5779,u_0339,s_01181,session_start,2026-08-07 21:26:00,,,
5780,u_0339,s_01181,search,2026-08-07 21:26:10,,,
5781,u_0339,s_01181,api_request,2026-08-07 21:26:14,,5015,1
5782,u_0339,s_01181,random_pick,2026-08-07 21:26:17,,,
5783,u_0339,s_01181,view_movie_card,2026-08-07 21:26:33,m_0285,,
5784,u_0339,s_01181,view_movie_card,2026-08-07 21:26:24,m_0379,,
5785,u_0339,s_01181,add_favorite,2026-08-07 21:26:25,m_0379,,
5786,u_0177,s_01182,session_start,2026-08-22 13:12:00,,,
5787,u_0177,s_01182,search,2026-08-22 13:12:05,,,
5788,u_0177,s_01182,api_request,2026-08-22 13:12:05,,1904,1
5789,u_0472,s_01183,session_start,2026-08-07 11:18:00,,,
5790,u_0472,s_01183,search,2026-08-07 11:18:09,,,
5791,u_0472,s_01183,api_request,2026-08-07 11:18:11,,557,1
5792,u_0472,s_01183,random_pick,2026-08-07 11:18:14,,,
5793,u_0472,s_01183,view_movie_card,2026-08-07 11:18:29,m_0079,,
5794,u_0472,s_01183,view_movie_card,2026-08-07 11:18:31,m_0243,,
5795,u_0472,s_01183,view_movie_card,2026-08-07 11:18:41,m_0192,,
5796,u_0472,s_01183,add_favorite,2026-08-07 11:18:44,m_0192,,
5797,u_0472,s_01183,view_movie_card,2026-08-07 11:19:23,m_0056,,
5798,u_0472,s_01183,add_favorite,2026-08-07 11:19:26,m_0056,,
5799,u_0426,s_01184,session_start,2026-08-07 10:09:00,,,
5800,u_0426,s_01184,search,2026-08-07 10:09:05,,,
5801,u_0426,s_01184,api_request,2026-08-07 10:09:10,,2480,1
5802,u_0426,s_01184,view_movie_card,2026-08-07 10:09:25,m_0454,,
5803,u_0426,s_01184,view_movie_card,2026-08-07 10:09:32,m_0489,,
5804,u_0426,s_01184,view_movie_card,2026-08-07 10:09:40,m_0313,,
5805,u_0267,s_01185,session_start,2026-08-15 13:20:00,,,
5806,u_0267,s_01185,search,2026-08-15 13:20:13,,,
5807,u_0267,s_01185,api_request,2026-08-15 13:20:13,,2721,1
5808,u_0267,s_01185,view_movie_card,2026-08-15 13:20:21,m_0408,,
5809,u_0267,s_01185,view_movie_card,2026-08-15 13:20:25,m_0118,,
5810,u_0574,s_01186,session_start,2026-08-18 22:07:00,,,
5811,u_0574,s_01186,search,2026-08-18 22:07:12,,,
5812,u_0574,s_01186,api_request,2026-08-18 22:07:16,,1407,1
5813,u_0574,s_01186,view_movie_card,2026-08-18 22:07:25,m_0124,,
5814,u_0557,s_01187,session_start,2026-08-17 22:38:00,,,
5815,u_0557,s_01187,search,2026-08-17 22:38:05,,,
5816,u_0557,s_01187,api_request,2026-08-17 22:38:09,,3078,1
5817,u_0557,s_01187,random_pick,2026-08-17 22:38:14,,,
5818,u_0557,s_01187,view_movie_card,2026-08-17 22:38:18,m_0424,,
5819,u_0557,s_01187,add_favorite,2026-08-17 22:38:25,m_0424,,
5820,u_0211,s_01188,session_start,2026-08-16 22:53:00,,,
5821,u_0211,s_01188,search,2026-08-16 22:53:14,,,
5822,u_0211,s_01188,api_request,2026-08-16 22:53:16,,1032,1
5823,u_0211,s_01188,random_pick,2026-08-16 22:53:21,,,
5824,u_0211,s_01188,view_movie_card,2026-08-16 22:53:23,m_0378,,
5825,u_0211,s_01188,view_movie_card,2026-08-16 22:53:54,m_0085,,
5826,u_0034,s_01189,session_start,2026-08-28 14:01:00,,,
5827,u_0034,s_01189,search,2026-08-28 14:01:14,,,
5828,u_0034,s_01189,api_request,2026-08-28 14:01:14,,498,1
5829,u_0331,s_01190,session_start,2026-08-24 09:05:00,,,
5830,u_0331,s_01190,search,2026-08-24 09:05:13,,,
5831,u_0331,s_01190,api_request,2026-08-24 09:05:18,,976,1
5832,u_0331,s_01190,view_movie_card,2026-08-24 09:05:37,m_0402,,
5833,u_0331,s_01190,view_movie_card,2026-08-24 09:05:50,m_0030,,
5834,u_0737,s_01191,session_start,2026-08-24 18:01:00,,,
5835,u_0737,s_01191,search,2026-08-24 18:01:07,,,
5836,u_0737,s_01191,api_request,2026-08-24 18:01:09,,1243,1
5837,u_0771,s_01192,session_start,2026-08-17 19:18:00,,,
5838,u_0771,s_01192,search,2026-08-17 19:18:04,,,
5839,u_0771,s_01192,api_request,2026-08-17 19:18:04,,1511,1
5840,u_0771,s_01192,view_movie_card,2026-08-17 19:18:24,m_0268,,
5841,u_0771,s_01192,view_movie_card,2026-08-17 19:18:18,m_0078,,
5842,u_0771,s_01192,add_favorite,2026-08-17 19:18:23,m_0078,,
5843,u_0044,s_01193,session_start,2026-08-17 18:50:00,,,
5844,u_0044,s_01193,search,2026-08-17 18:50:09,,,
5845,u_0044,s_01193,api_request,2026-08-17 18:50:09,,4128,1
5846,u_0044,s_01193,random_pick,2026-08-17 18:50:12,,,
5847,u_0044,s_01193,view_movie_card,2026-08-17 18:50:21,m_0194,,
5848,u_0044,s_01193,view_movie_card,2026-08-17 18:50:39,m_0046,,
5849,u_0154,s_01194,session_start,2026-08-17 13:33:00,,,
5850,u_0154,s_01194,search,2026-08-17 13:33:11,,,
5851,u_0154,s_01194,api_request,2026-08-17 13:33:12,,1522,1
5852,u_0379,s_01195,session_start,2026-08-17 12:20:00,,,
5853,u_0379,s_01195,search,2026-08-17 12:20:07,,,
5854,u_0379,s_01195,api_request,2026-08-17 12:20:09,,5025,1
5855,u_0379,s_01195,view_movie_card,2026-08-17 12:20:29,m_0028,,
5856,u_0877,s_01196,session_start,2026-08-08 15:38:00,,,
5857,u_0877,s_01196,search,2026-08-08 15:38:09,,,
5858,u_0877,s_01196,api_request,2026-08-08 15:38:14,,439,1
5859,u_0877,s_01196,view_movie_card,2026-08-08 15:38:24,m_0065,,
5860,u_0877,s_01196,add_favorite,2026-08-08 15:38:29,m_0065,,
5861,u_0877,s_01196,view_movie_card,2026-08-08 15:38:26,m_0476,,
5862,u_0877,s_01196,add_favorite,2026-08-08 15:38:33,m_0476,,
5863,u_0877,s_01196,view_movie_card,2026-08-08 15:38:53,m_0428,,
5864,u_0542,s_01197,session_start,2026-08-29 17:58:00,,,
5865,u_0542,s_01197,search,2026-08-29 17:58:06,,,
5866,u_0542,s_01197,api_request,2026-08-29 17:58:11,,1753,1
5867,u_0542,s_01197,view_movie_card,2026-08-29 17:58:23,m_0265,,
5868,u_0542,s_01197,add_favorite,2026-08-29 17:58:27,m_0265,,
5869,u_0542,s_01197,view_movie_card,2026-08-29 17:58:25,m_0205,,
5870,u_0145,s_01198,session_start,2026-08-05 19:04:00,,,
5871,u_0145,s_01198,search,2026-08-05 19:04:11,,,
5872,u_0145,s_01198,api_request,2026-08-05 19:04:16,,1699,1
5873,u_0145,s_01198,view_movie_card,2026-08-05 19:04:30,m_0209,,
5874,u_0145,s_01198,view_movie_card,2026-08-05 19:04:26,m_0125,,
5875,u_0378,s_01199,session_start,2026-08-25 20:08:00,,,
5876,u_0378,s_01199,search,2026-08-25 20:08:15,,,
5877,u_0378,s_01199,api_request,2026-08-25 20:08:19,,1152,1
5878,u_0378,s_01199,random_pick,2026-08-25 20:08:20,,,
5879,u_0378,s_01199,view_movie_card,2026-08-25 20:08:36,m_0150,,
5880,u_0378,s_01199,view_movie_card,2026-08-25 20:08:53,m_0081,,
5881,u_0378,s_01199,view_movie_card,2026-08-25 20:09:07,m_0388,,
5882,u_0413,s_01200,session_start,2026-08-28 09:11:00,,,
5883,u_0413,s_01200,search,2026-08-28 09:11:13,,,
5884,u_0413,s_01200,api_request,2026-08-28 09:11:18,,4752,1
5885,u_0413,s_01200,view_movie_card,2026-08-28 09:11:23,m_0343,,
5886,u_0413,s_01200,add_favorite,2026-08-28 09:11:30,m_0343,,
5887,u_0287,s_01201,session_start,2026-08-10 15:50:00,,,
5888,u_0287,s_01201,search,2026-08-10 15:50:10,,,
5889,u_0287,s_01201,api_request,2026-08-10 15:50:14,,4644,1
5890,u_0287,s_01201,view_movie_card,2026-08-10 15:50:22,m_0189,,
5891,u_0287,s_01201,view_movie_card,2026-08-10 15:50:34,m_0426,,
5892,u_0287,s_01201,view_movie_card,2026-08-10 15:50:59,m_0372,,
5893,u_0287,s_01201,view_movie_card,2026-08-10 15:51:30,m_0313,,
5894,u_0349,s_01202,session_start,2026-08-02 19:44:00,,,
5895,u_0349,s_01202,search,2026-08-02 19:44:12,,,
5896,u_0349,s_01202,api_request,2026-08-02 19:44:17,,5386,0
5897,u_0349,s_01202,error_shown,2026-08-02 19:44:17,,,
5898,u_0222,s_01203,session_start,2026-08-08 12:58:00,,,
5899,u_0222,s_01203,search,2026-08-08 12:58:14,,,
5900,u_0222,s_01203,api_request,2026-08-08 12:58:17,,4610,1
5901,u_0222,s_01203,view_movie_card,2026-08-08 12:58:34,m_0373,,
5902,u_0093,s_01204,session_start,2026-08-05 21:06:00,,,
5903,u_0093,s_01204,search,2026-08-05 21:06:11,,,
5904,u_0093,s_01204,api_request,2026-08-05 21:06:14,,1313,1
5905,u_0093,s_01204,random_pick,2026-08-05 21:06:19,,,
5906,u_0093,s_01204,view_movie_card,2026-08-05 21:06:21,m_0324,,
5907,u_0093,s_01204,view_movie_card,2026-08-05 21:06:54,m_0111,,
5908,u_0093,s_01204,add_favorite,2026-08-05 21:07:00,m_0111,,
5909,u_0417,s_01205,session_start,2026-08-08 09:56:00,,,
5910,u_0417,s_01205,search,2026-08-08 09:56:13,,,
5911,u_0417,s_01205,api_request,2026-08-08 09:56:13,,4436,1
5912,u_0417,s_01205,view_movie_card,2026-08-08 09:56:21,m_0237,,
5913,u_0417,s_01205,view_movie_card,2026-08-08 09:56:49,m_0399,,
5914,u_0417,s_01205,view_movie_card,2026-08-08 09:56:28,m_0006,,
5915,u_0417,s_01205,view_movie_card,2026-08-08 09:56:57,m_0421,,
5916,u_0417,s_01205,add_favorite,2026-08-08 09:56:58,m_0421,,
5917,u_0417,s_01205,view_movie_card,2026-08-08 09:56:53,m_0172,,
5918,u_0858,s_01206,session_start,2026-08-04 17:08:00,,,
5919,u_0858,s_01206,search,2026-08-04 17:08:02,,,
5920,u_0858,s_01206,api_request,2026-08-04 17:08:04,,3034,1
5921,u_0858,s_01206,random_pick,2026-08-04 17:08:07,,,
5922,u_0858,s_01206,view_movie_card,2026-08-04 17:08:12,m_0492,,
5923,u_0858,s_01206,view_movie_card,2026-08-04 17:08:40,m_0470,,
5924,u_0858,s_01206,add_favorite,2026-08-04 17:08:44,m_0470,,
5925,u_0858,s_01206,view_movie_card,2026-08-04 17:08:55,m_0189,,
5926,u_0060,s_01207,session_start,2026-08-12 11:56:00,,,
5927,u_0060,s_01207,search,2026-08-12 11:56:11,,,
5928,u_0060,s_01207,api_request,2026-08-12 11:56:11,,4608,1
5929,u_0060,s_01207,random_pick,2026-08-12 11:56:14,,,
5930,u_0060,s_01207,view_movie_card,2026-08-12 11:56:23,m_0119,,
5931,u_0060,s_01207,view_movie_card,2026-08-12 11:56:51,m_0176,,
5932,u_0418,s_01208,session_start,2026-08-19 11:48:00,,,
5933,u_0418,s_01208,search,2026-08-19 11:48:15,,,
5934,u_0418,s_01208,api_request,2026-08-19 11:48:16,,4443,1
5935,u_0418,s_01208,random_pick,2026-08-19 11:48:19,,,
5936,u_0418,s_01208,view_movie_card,2026-08-19 11:48:34,m_0040,,
5937,u_0418,s_01208,add_favorite,2026-08-19 11:48:35,m_0040,,
5938,u_0749,s_01209,session_start,2026-08-23 20:54:00,,,
5939,u_0749,s_01209,search,2026-08-23 20:54:10,,,
5940,u_0749,s_01209,api_request,2026-08-23 20:54:14,,651,1
5941,u_0812,s_01210,session_start,2026-08-21 09:49:00,,,
5942,u_0812,s_01210,search,2026-08-21 09:49:09,,,
5943,u_0812,s_01210,api_request,2026-08-21 09:49:12,,679,1
5944,u_0812,s_01210,view_movie_card,2026-08-21 09:49:30,m_0400,,
5945,u_0057,s_01211,session_start,2026-08-02 12:55:00,,,
5946,u_0057,s_01211,search,2026-08-02 12:55:05,,,
5947,u_0057,s_01211,api_request,2026-08-02 12:55:08,,1024,1
5948,u_0158,s_01212,session_start,2026-08-25 09:24:00,,,
5949,u_0158,s_01212,search,2026-08-25 09:24:03,,,
5950,u_0158,s_01212,api_request,2026-08-25 09:24:05,,2043,1
5951,u_0158,s_01212,random_pick,2026-08-25 09:24:08,,,
5952,u_0158,s_01212,view_movie_card,2026-08-25 09:24:21,m_0027,,
5953,u_0447,s_01213,session_start,2026-08-17 17:11:00,,,
5954,u_0447,s_01213,search,2026-08-17 17:11:09,,,
5955,u_0447,s_01213,api_request,2026-08-17 17:11:14,,3777,1
5956,u_0447,s_01213,random_pick,2026-08-17 17:11:16,,,
5957,u_0447,s_01213,view_movie_card,2026-08-17 17:11:27,m_0149,,
5958,u_0447,s_01213,view_movie_card,2026-08-17 17:11:26,m_0060,,
5959,u_0813,s_01214,session_start,2026-08-29 17:00:00,,,
5960,u_0813,s_01214,search,2026-08-29 17:00:09,,,
5961,u_0813,s_01214,api_request,2026-08-29 17:00:10,,2244,1
5962,u_0813,s_01214,view_movie_card,2026-08-29 17:00:19,m_0209,,
5963,u_0813,s_01214,add_favorite,2026-08-29 17:00:23,m_0209,,
5964,u_0813,s_01214,view_movie_card,2026-08-29 17:00:42,m_0315,,
5965,u_0813,s_01214,view_movie_card,2026-08-29 17:00:28,m_0053,,
5966,u_0019,s_01215,session_start,2026-08-15 20:44:00,,,
5967,u_0019,s_01215,search,2026-08-15 20:44:02,,,
5968,u_0019,s_01215,api_request,2026-08-15 20:44:06,,4924,1
5969,u_0019,s_01215,random_pick,2026-08-15 20:44:11,,,
5970,u_0019,s_01215,view_movie_card,2026-08-15 20:44:16,m_0479,,
5971,u_0019,s_01215,add_favorite,2026-08-15 20:44:24,m_0479,,
5972,u_0170,s_01216,session_start,2026-08-09 18:51:00,,,
5973,u_0170,s_01216,search,2026-08-09 18:51:11,,,
5974,u_0170,s_01216,api_request,2026-08-09 18:51:16,,3746,1
5975,u_0170,s_01216,view_movie_card,2026-08-09 18:51:30,m_0426,,
5976,u_0170,s_01216,view_movie_card,2026-08-09 18:51:54,m_0046,,
5977,u_0803,s_01217,session_start,2026-08-10 11:34:00,,,
5978,u_0803,s_01217,search,2026-08-10 11:34:08,,,
5979,u_0803,s_01217,api_request,2026-08-10 11:34:13,,2333,1
5980,u_0803,s_01217,random_pick,2026-08-10 11:34:18,,,
5981,u_0803,s_01217,view_movie_card,2026-08-10 11:34:27,m_0292,,
5982,u_0803,s_01217,view_movie_card,2026-08-10 11:34:35,m_0489,,
5983,u_0803,s_01217,add_favorite,2026-08-10 11:34:39,m_0489,,
5984,u_0800,s_01218,session_start,2026-08-04 11:53:00,,,
5985,u_0800,s_01218,search,2026-08-04 11:53:05,,,
5986,u_0800,s_01218,api_request,2026-08-04 11:53:07,,3821,1
5987,u_0800,s_01218,view_movie_card,2026-08-04 11:53:25,m_0319,,
5988,u_0800,s_01218,view_movie_card,2026-08-04 11:53:47,m_0080,,
5989,u_0428,s_01219,session_start,2026-08-04 16:48:00,,,
5990,u_0179,s_01220,session_start,2026-08-01 19:28:00,,,
5991,u_0179,s_01220,search,2026-08-01 19:28:06,,,
5992,u_0179,s_01220,api_request,2026-08-01 19:28:10,,2168,1
5993,u_0179,s_01220,view_movie_card,2026-08-01 19:28:26,m_0333,,
5994,u_0575,s_01221,session_start,2026-08-17 11:42:00,,,
5995,u_0575,s_01221,search,2026-08-17 11:42:15,,,
5996,u_0575,s_01221,api_request,2026-08-17 11:42:17,,3123,1
5997,u_0146,s_01222,session_start,2026-08-29 19:07:00,,,
5998,u_0350,s_01223,session_start,2026-08-19 18:27:00,,,
5999,u_0350,s_01223,search,2026-08-19 18:27:14,,,
6000,u_0350,s_01223,api_request,2026-08-19 18:27:15,,3238,1
6001,u_0350,s_01223,view_movie_card,2026-08-19 18:27:22,m_0402,,
6002,u_0417,s_01224,session_start,2026-08-19 15:22:00,,,
6003,u_0417,s_01224,search,2026-08-19 15:22:15,,,
6004,u_0417,s_01224,api_request,2026-08-19 15:22:16,,6947,0
6005,u_0417,s_01224,error_shown,2026-08-19 15:22:17,,,
6006,u_0689,s_01225,session_start,2026-08-26 15:06:00,,,
6007,u_0689,s_01225,search,2026-08-26 15:06:04,,,
6008,u_0689,s_01225,api_request,2026-08-26 15:06:05,,2869,1
6009,u_0689,s_01225,view_movie_card,2026-08-26 15:06:18,m_0432,,
6010,u_0689,s_01225,add_favorite,2026-08-26 15:06:23,m_0432,,
6011,u_0689,s_01225,view_movie_card,2026-08-26 15:06:39,m_0278,,
6012,u_0689,s_01225,add_favorite,2026-08-26 15:06:44,m_0278,,
6013,u_0689,s_01225,view_movie_card,2026-08-26 15:06:44,m_0321,,
6014,u_0689,s_01225,view_movie_card,2026-08-26 15:06:25,m_0427,,
6015,u_0689,s_01225,view_movie_card,2026-08-26 15:07:45,m_0386,,
6016,u_0527,s_01226,session_start,2026-08-01 19:54:00,,,
6017,u_0527,s_01226,search,2026-08-01 19:54:08,,,
6018,u_0527,s_01226,api_request,2026-08-01 19:54:11,,751,1
6019,u_0527,s_01226,view_movie_card,2026-08-01 19:54:22,m_0039,,
6020,u_0527,s_01226,add_favorite,2026-08-01 19:54:26,m_0039,,
6021,u_0527,s_01226,view_movie_card,2026-08-01 19:54:41,m_0422,,
6022,u_0527,s_01226,view_movie_card,2026-08-01 19:54:26,m_0025,,
6023,u_0527,s_01226,view_movie_card,2026-08-01 19:55:19,m_0271,,
6024,u_0527,s_01226,add_favorite,2026-08-01 19:55:24,m_0271,,
6025,u_0527,s_01226,view_movie_card,2026-08-01 19:54:46,m_0151,,
6026,u_0330,s_01227,session_start,2026-08-03 22:47:00,,,
6027,u_0330,s_01227,search,2026-08-03 22:47:08,,,
6028,u_0330,s_01227,api_request,2026-08-03 22:47:09,,4574,1
6029,u_0330,s_01227,view_movie_card,2026-08-03 22:47:27,m_0322,,
6030,u_0330,s_01227,add_favorite,2026-08-03 22:47:33,m_0322,,
6031,u_0330,s_01227,view_movie_card,2026-08-03 22:47:33,m_0327,,
6032,u_0452,s_01228,session_start,2026-08-01 23:31:00,,,
6033,u_0452,s_01228,search,2026-08-01 23:31:06,,,
6034,u_0452,s_01228,api_request,2026-08-01 23:31:09,,3978,1
6035,u_0884,s_01229,session_start,2026-08-24 15:48:00,,,
6036,u_0884,s_01229,search,2026-08-24 15:48:04,,,
6037,u_0884,s_01229,api_request,2026-08-24 15:48:09,,459,1
6038,u_0884,s_01229,view_movie_card,2026-08-24 15:48:29,m_0473,,
6039,u_0717,s_01230,session_start,2026-08-02 11:36:00,,,
6040,u_0270,s_01231,session_start,2026-08-03 21:49:00,,,
6041,u_0270,s_01231,search,2026-08-03 21:49:10,,,
6042,u_0270,s_01231,api_request,2026-08-03 21:49:15,,850,1
6043,u_0238,s_01232,session_start,2026-08-07 12:29:00,,,
6044,u_0238,s_01232,search,2026-08-07 12:29:04,,,
6045,u_0238,s_01232,api_request,2026-08-07 12:29:06,,1702,1
6046,u_0238,s_01232,view_movie_card,2026-08-07 12:29:25,m_0279,,
6047,u_0238,s_01232,view_movie_card,2026-08-07 12:29:44,m_0006,,
6048,u_0238,s_01232,add_favorite,2026-08-07 12:29:47,m_0006,,
6049,u_0238,s_01232,view_movie_card,2026-08-07 12:29:30,m_0041,,
6050,u_0238,s_01232,view_movie_card,2026-08-07 12:29:26,m_0195,,
6051,u_0238,s_01232,add_favorite,2026-08-07 12:29:33,m_0195,,
6052,u_0686,s_01233,session_start,2026-08-08 22:32:00,,,
6053,u_0686,s_01233,search,2026-08-08 22:32:09,,,
6054,u_0686,s_01233,api_request,2026-08-08 22:32:13,,3125,1
6055,u_0686,s_01233,view_movie_card,2026-08-08 22:32:27,m_0158,,
6056,u_0886,s_01234,session_start,2026-08-02 20:10:00,,,
6057,u_0886,s_01234,search,2026-08-02 20:10:02,,,
6058,u_0886,s_01234,api_request,2026-08-02 20:10:03,,2708,1
6059,u_0886,s_01234,random_pick,2026-08-02 20:10:06,,,
6060,u_0886,s_01234,view_movie_card,2026-08-02 20:10:17,m_0028,,
6061,u_0886,s_01234,view_movie_card,2026-08-02 20:10:25,m_0350,,
6062,u_0886,s_01234,view_movie_card,2026-08-02 20:10:27,m_0204,,
6063,u_0886,s_01234,view_movie_card,2026-08-02 20:10:35,m_0475,,
6064,u_0886,s_01234,add_favorite,2026-08-02 20:10:43,m_0475,,
6065,u_0886,s_01234,view_movie_card,2026-08-02 20:11:43,m_0342,,
6066,u_0015,s_01235,session_start,2026-08-30 11:04:00,,,
6067,u_0015,s_01235,search,2026-08-30 11:04:12,,,
6068,u_0015,s_01235,api_request,2026-08-30 11:04:12,,5125,1
6069,u_0015,s_01235,view_movie_card,2026-08-30 11:04:25,m_0266,,
6070,u_0560,s_01236,session_start,2026-08-14 11:36:00,,,
6071,u_0560,s_01236,search,2026-08-14 11:36:15,,,
6072,u_0560,s_01236,api_request,2026-08-14 11:36:19,,3887,1
6073,u_0560,s_01236,view_movie_card,2026-08-14 11:36:31,m_0449,,
6074,u_0560,s_01236,add_favorite,2026-08-14 11:36:34,m_0449,,
6075,u_0560,s_01236,view_movie_card,2026-08-14 11:36:49,m_0210,,
6076,u_0560,s_01236,add_favorite,2026-08-14 11:36:53,m_0210,,
6077,u_0757,s_01237,session_start,2026-08-19 21:28:00,,,
6078,u_0757,s_01237,search,2026-08-19 21:28:14,,,
6079,u_0757,s_01237,api_request,2026-08-19 21:28:19,,3811,1
6080,u_0757,s_01237,random_pick,2026-08-19 21:28:23,,,
6081,u_0757,s_01237,view_movie_card,2026-08-19 21:28:25,m_0207,,
6082,u_0757,s_01237,view_movie_card,2026-08-19 21:28:59,m_0121,,
6083,u_0757,s_01237,view_movie_card,2026-08-19 21:28:46,m_0441,,
6084,u_0757,s_01237,view_movie_card,2026-08-19 21:29:23,m_0392,,
6085,u_0757,s_01237,add_favorite,2026-08-19 21:29:26,m_0392,,
6086,u_0176,s_01238,session_start,2026-08-03 19:53:00,,,
6087,u_0176,s_01238,search,2026-08-03 19:53:12,,,
6088,u_0176,s_01238,api_request,2026-08-03 19:53:15,,1604,1
6089,u_0176,s_01238,view_movie_card,2026-08-03 19:53:31,m_0008,,
6090,u_0176,s_01238,view_movie_card,2026-08-03 19:53:53,m_0480,,
6091,u_0176,s_01238,add_favorite,2026-08-03 19:53:58,m_0480,,
6092,u_0751,s_01239,session_start,2026-08-13 18:09:00,,,
6093,u_0751,s_01239,search,2026-08-13 18:09:12,,,
6094,u_0751,s_01239,api_request,2026-08-13 18:09:13,,4974,1
6095,u_0751,s_01239,view_movie_card,2026-08-13 18:09:19,m_0286,,
6096,u_0751,s_01239,view_movie_card,2026-08-13 18:09:39,m_0121,,
6097,u_0803,s_01240,session_start,2026-08-20 17:18:00,,,
6098,u_0803,s_01240,search,2026-08-20 17:18:02,,,
6099,u_0803,s_01240,api_request,2026-08-20 17:18:03,,609,1
6100,u_0709,s_01241,session_start,2026-08-26 09:38:00,,,
6101,u_0709,s_01241,search,2026-08-26 09:38:12,,,
6102,u_0709,s_01241,api_request,2026-08-26 09:38:16,,5200,1
6103,u_0709,s_01241,view_movie_card,2026-08-26 09:38:25,m_0153,,
6104,u_0625,s_01242,session_start,2026-08-11 22:47:00,,,
6105,u_0625,s_01242,search,2026-08-11 22:47:12,,,
6106,u_0625,s_01242,api_request,2026-08-11 22:47:12,,2622,1
6107,u_0625,s_01242,view_movie_card,2026-08-11 22:47:18,m_0356,,
6108,u_0625,s_01242,view_movie_card,2026-08-11 22:47:26,m_0183,,
6109,u_0412,s_01243,session_start,2026-08-08 23:34:00,,,
6110,u_0412,s_01243,search,2026-08-08 23:34:09,,,
6111,u_0412,s_01243,api_request,2026-08-08 23:34:10,,1829,1
6112,u_0412,s_01243,random_pick,2026-08-08 23:34:11,,,
6113,u_0412,s_01243,view_movie_card,2026-08-08 23:34:17,m_0369,,
6114,u_0412,s_01243,view_movie_card,2026-08-08 23:34:48,m_0254,,
6115,u_0154,s_01244,session_start,2026-08-16 15:34:00,,,
6116,u_0154,s_01244,search,2026-08-16 15:34:11,,,
6117,u_0154,s_01244,api_request,2026-08-16 15:34:14,,1560,1
6118,u_0591,s_01245,session_start,2026-08-05 14:33:00,,,
6119,u_0591,s_01245,search,2026-08-05 14:33:13,,,
6120,u_0591,s_01245,api_request,2026-08-05 14:33:13,,4659,1
6121,u_0591,s_01245,view_movie_card,2026-08-05 14:33:23,m_0350,,
6122,u_0591,s_01245,view_movie_card,2026-08-05 14:33:37,m_0189,,
6123,u_0591,s_01245,add_favorite,2026-08-05 14:33:42,m_0189,,
6124,u_0889,s_01246,session_start,2026-08-29 09:42:00,,,
6125,u_0889,s_01246,search,2026-08-29 09:42:08,,,
6126,u_0889,s_01246,api_request,2026-08-29 09:42:11,,3018,1
6127,u_0889,s_01246,random_pick,2026-08-29 09:42:12,,,
6128,u_0889,s_01246,view_movie_card,2026-08-29 09:42:21,m_0144,,
6129,u_0889,s_01246,view_movie_card,2026-08-29 09:42:31,m_0399,,
6130,u_0258,s_01247,session_start,2026-08-28 14:17:00,,,
6131,u_0258,s_01247,search,2026-08-28 14:17:10,,,
6132,u_0258,s_01247,api_request,2026-08-28 14:17:13,,3528,1
6133,u_0258,s_01247,view_movie_card,2026-08-28 14:17:27,m_0096,,
6134,u_0258,s_01247,view_movie_card,2026-08-28 14:17:31,m_0350,,
6135,u_0809,s_01248,session_start,2026-08-19 22:17:00,,,
6136,u_0809,s_01248,search,2026-08-19 22:17:15,,,
6137,u_0809,s_01248,api_request,2026-08-19 22:17:17,,1893,1
6138,u_0809,s_01248,view_movie_card,2026-08-19 22:17:25,m_0175,,
6139,u_0809,s_01248,view_movie_card,2026-08-19 22:17:43,m_0041,,
6140,u_0809,s_01248,view_movie_card,2026-08-19 22:18:02,m_0096,,
6141,u_0809,s_01248,view_movie_card,2026-08-19 22:18:17,m_0370,,
6142,u_0352,s_01249,session_start,2026-08-16 11:58:00,,,
6143,u_0352,s_01249,search,2026-08-16 11:58:11,,,
6144,u_0352,s_01249,api_request,2026-08-16 11:58:12,,5126,1
6145,u_0352,s_01249,random_pick,2026-08-16 11:58:17,,,
6146,u_0352,s_01249,view_movie_card,2026-08-16 11:58:28,m_0053,,
6147,u_0352,s_01249,view_movie_card,2026-08-16 11:58:28,m_0287,,
6148,u_0352,s_01249,view_movie_card,2026-08-16 11:59:00,m_0188,,
6149,u_0352,s_01249,add_favorite,2026-08-16 11:59:08,m_0188,,
6150,u_0871,s_01250,session_start,2026-08-17 13:24:00,,,
6151,u_0871,s_01250,search,2026-08-17 13:24:02,,,
6152,u_0871,s_01250,api_request,2026-08-17 13:24:07,,4295,1
6153,u_0871,s_01250,random_pick,2026-08-17 13:24:08,,,
6154,u_0871,s_01250,view_movie_card,2026-08-17 13:24:18,m_0157,,
6155,u_0525,s_01251,session_start,2026-08-04 23:43:00,,,
6156,u_0525,s_01251,search,2026-08-04 23:43:03,,,
6157,u_0525,s_01251,api_request,2026-08-04 23:43:04,,4266,1
6158,u_0525,s_01251,view_movie_card,2026-08-04 23:43:19,m_0298,,
6159,u_0859,s_01252,session_start,2026-08-26 09:05:00,,,
6160,u_0859,s_01252,search,2026-08-26 09:05:08,,,
6161,u_0859,s_01252,api_request,2026-08-26 09:05:10,,2705,1
6162,u_0859,s_01252,random_pick,2026-08-26 09:05:11,,,
6163,u_0859,s_01252,view_movie_card,2026-08-26 09:05:21,m_0374,,
6164,u_0859,s_01252,add_favorite,2026-08-26 09:05:25,m_0374,,
6165,u_0746,s_01253,session_start,2026-08-27 15:30:00,,,
6166,u_0746,s_01253,search,2026-08-27 15:30:10,,,
6167,u_0746,s_01253,api_request,2026-08-27 15:30:10,,3791,1
6168,u_0746,s_01253,random_pick,2026-08-27 15:30:15,,,
6169,u_0746,s_01253,view_movie_card,2026-08-27 15:30:23,m_0488,,
6170,u_0822,s_01254,session_start,2026-08-23 22:41:00,,,
6171,u_0822,s_01254,search,2026-08-23 22:41:14,,,
6172,u_0822,s_01254,api_request,2026-08-23 22:41:14,,5898,0
6173,u_0822,s_01254,error_shown,2026-08-23 22:41:15,,,
6174,u_0631,s_01255,session_start,2026-08-06 16:24:00,,,
6175,u_0631,s_01255,search,2026-08-06 16:24:03,,,
6176,u_0631,s_01255,api_request,2026-08-06 16:24:08,,4173,1
6177,u_0631,s_01255,view_movie_card,2026-08-06 16:24:28,m_0004,,
6178,u_0631,s_01255,view_movie_card,2026-08-06 16:24:26,m_0121,,
6179,u_0786,s_01256,session_start,2026-08-17 17:54:00,,,
6180,u_0786,s_01256,search,2026-08-17 17:54:04,,,
6181,u_0786,s_01256,api_request,2026-08-17 17:54:05,,4866,1
6182,u_0427,s_01257,session_start,2026-08-26 21:27:00,,,
6183,u_0427,s_01257,search,2026-08-26 21:27:07,,,
6184,u_0427,s_01257,api_request,2026-08-26 21:27:11,,3984,1
6185,u_0427,s_01257,view_movie_card,2026-08-26 21:27:20,m_0253,,
6186,u_0686,s_01258,session_start,2026-08-17 14:47:00,,,
6187,u_0686,s_01258,search,2026-08-17 14:47:12,,,
6188,u_0686,s_01258,api_request,2026-08-17 14:47:14,,3756,1
6189,u_0807,s_01259,session_start,2026-08-26 22:20:00,,,
6190,u_0807,s_01259,search,2026-08-26 22:20:11,,,
6191,u_0807,s_01259,api_request,2026-08-26 22:20:13,,1355,1
6192,u_0807,s_01259,random_pick,2026-08-26 22:20:14,,,
6193,u_0807,s_01259,view_movie_card,2026-08-26 22:20:31,m_0171,,
6194,u_0807,s_01259,add_favorite,2026-08-26 22:20:32,m_0171,,
6195,u_0807,s_01259,view_movie_card,2026-08-26 22:20:25,m_0022,,
6196,u_0807,s_01259,add_favorite,2026-08-26 22:20:30,m_0022,,
6197,u_0601,s_01260,session_start,2026-08-12 19:14:00,,,
6198,u_0601,s_01260,search,2026-08-12 19:14:05,,,
6199,u_0601,s_01260,api_request,2026-08-12 19:14:05,,1374,1
6200,u_0601,s_01260,view_movie_card,2026-08-12 19:14:13,m_0410,,
6201,u_0601,s_01260,view_movie_card,2026-08-12 19:14:35,m_0036,,
6202,u_0601,s_01260,add_favorite,2026-08-12 19:14:41,m_0036,,
6203,u_0601,s_01260,view_movie_card,2026-08-12 19:14:50,m_0247,,
6204,u_0601,s_01260,add_favorite,2026-08-12 19:14:54,m_0247,,
6205,u_0569,s_01261,session_start,2026-08-21 19:27:00,,,
6206,u_0569,s_01261,search,2026-08-21 19:27:12,,,
6207,u_0569,s_01261,api_request,2026-08-21 19:27:13,,2629,1
6208,u_0396,s_01262,session_start,2026-08-17 18:24:00,,,
6209,u_0396,s_01262,search,2026-08-17 18:24:13,,,
6210,u_0396,s_01262,api_request,2026-08-17 18:24:17,,2119,1
6211,u_0396,s_01262,view_movie_card,2026-08-17 18:24:31,m_0330,,
6212,u_0396,s_01262,view_movie_card,2026-08-17 18:24:27,m_0067,,
6213,u_0396,s_01262,view_movie_card,2026-08-17 18:24:47,m_0471,,
6214,u_0396,s_01262,view_movie_card,2026-08-17 18:25:01,m_0487,,
6215,u_0834,s_01263,session_start,2026-08-17 12:51:00,,,
6216,u_0834,s_01263,search,2026-08-17 12:51:10,,,
6217,u_0834,s_01263,api_request,2026-08-17 12:51:11,,1859,1
6218,u_0147,s_01264,session_start,2026-08-05 12:38:00,,,
6219,u_0147,s_01264,search,2026-08-05 12:38:12,,,
6220,u_0147,s_01264,api_request,2026-08-05 12:38:12,,1058,1
6221,u_0147,s_01264,view_movie_card,2026-08-05 12:38:24,m_0213,,
6222,u_0147,s_01264,view_movie_card,2026-08-05 12:38:32,m_0105,,
6223,u_0147,s_01264,view_movie_card,2026-08-05 12:39:09,m_0177,,
6224,u_0147,s_01264,add_favorite,2026-08-05 12:39:12,m_0177,,
6225,u_0532,s_01265,session_start,2026-08-25 16:25:00,,,
6226,u_0532,s_01265,search,2026-08-25 16:25:12,,,
6227,u_0532,s_01265,api_request,2026-08-25 16:25:15,,1780,1
6228,u_0267,s_01266,session_start,2026-08-16 16:20:00,,,
6229,u_0267,s_01266,search,2026-08-16 16:20:07,,,
6230,u_0267,s_01266,api_request,2026-08-16 16:20:11,,4263,1
6231,u_0267,s_01266,view_movie_card,2026-08-16 16:20:17,m_0167,,
6232,u_0267,s_01266,add_favorite,2026-08-16 16:20:19,m_0167,,
6233,u_0876,s_01267,session_start,2026-08-17 22:49:00,,,
6234,u_0876,s_01267,search,2026-08-17 22:49:09,,,
6235,u_0876,s_01267,api_request,2026-08-17 22:49:12,,4836,1
6236,u_0876,s_01267,random_pick,2026-08-17 22:49:14,,,
6237,u_0876,s_01267,view_movie_card,2026-08-17 22:49:31,m_0492,,
6238,u_0876,s_01267,add_favorite,2026-08-17 22:49:39,m_0492,,
6239,u_0704,s_01268,session_start,2026-08-06 10:29:00,,,
6240,u_0704,s_01268,search,2026-08-06 10:29:09,,,
6241,u_0704,s_01268,api_request,2026-08-06 10:29:10,,5072,1
6242,u_0334,s_01269,session_start,2026-08-27 23:01:00,,,
6243,u_0334,s_01269,search,2026-08-27 23:01:04,,,
6244,u_0334,s_01269,api_request,2026-08-27 23:01:08,,2053,1
6245,u_0334,s_01269,view_movie_card,2026-08-27 23:01:26,m_0410,,
6246,u_0334,s_01269,view_movie_card,2026-08-27 23:01:22,m_0328,,
6247,u_0334,s_01269,view_movie_card,2026-08-27 23:01:35,m_0122,,
6248,u_0334,s_01269,view_movie_card,2026-08-27 23:02:08,m_0335,,
6249,u_0877,s_01270,session_start,2026-08-08 21:36:00,,,
6250,u_0877,s_01270,search,2026-08-08 21:36:05,,,
6251,u_0877,s_01270,api_request,2026-08-08 21:36:07,,2823,1
6252,u_0877,s_01270,view_movie_card,2026-08-08 21:36:26,m_0378,,
6253,u_0828,s_01271,session_start,2026-08-16 12:10:00,,,
6254,u_0828,s_01271,search,2026-08-16 12:10:05,,,
6255,u_0828,s_01271,api_request,2026-08-16 12:10:05,,2438,1
6256,u_0511,s_01272,session_start,2026-08-19 21:49:00,,,
6257,u_0511,s_01272,search,2026-08-19 21:49:13,,,
6258,u_0511,s_01272,api_request,2026-08-19 21:49:14,,3960,1
6259,u_0511,s_01272,view_movie_card,2026-08-19 21:49:19,m_0096,,
6260,u_0511,s_01272,view_movie_card,2026-08-19 21:49:52,m_0036,,
6261,u_0511,s_01272,add_favorite,2026-08-19 21:49:58,m_0036,,
6262,u_0511,s_01272,view_movie_card,2026-08-19 21:49:50,m_0342,,
6263,u_0511,s_01272,view_movie_card,2026-08-19 21:50:30,m_0389,,
6264,u_0220,s_01273,session_start,2026-08-16 20:07:00,,,
6265,u_0220,s_01273,search,2026-08-16 20:07:15,,,
6266,u_0220,s_01273,api_request,2026-08-16 20:07:17,,4873,1
6267,u_0153,s_01274,session_start,2026-08-17 12:08:00,,,
6268,u_0153,s_01274,search,2026-08-17 12:08:12,,,
6269,u_0153,s_01274,api_request,2026-08-17 12:08:13,,3284,1
6270,u_0153,s_01274,view_movie_card,2026-08-17 12:08:24,m_0089,,
6271,u_0153,s_01274,add_favorite,2026-08-17 12:08:25,m_0089,,
6272,u_0153,s_01274,view_movie_card,2026-08-17 12:08:39,m_0390,,
6273,u_0153,s_01274,view_movie_card,2026-08-17 12:09:10,m_0266,,
6274,u_0358,s_01275,session_start,2026-08-28 18:28:00,,,
6275,u_0358,s_01275,search,2026-08-28 18:28:13,,,
6276,u_0358,s_01275,api_request,2026-08-28 18:28:18,,4513,1
6277,u_0358,s_01275,view_movie_card,2026-08-28 18:28:24,m_0409,,
6278,u_0788,s_01276,session_start,2026-08-25 21:52:00,,,
6279,u_0788,s_01276,search,2026-08-25 21:52:02,,,
6280,u_0788,s_01276,api_request,2026-08-25 21:52:04,,2235,1
6281,u_0587,s_01277,session_start,2026-08-21 10:52:00,,,
6282,u_0587,s_01277,search,2026-08-21 10:52:11,,,
6283,u_0587,s_01277,api_request,2026-08-21 10:52:13,,844,1
6284,u_0587,s_01277,view_movie_card,2026-08-21 10:52:20,m_0012,,
6285,u_0587,s_01277,view_movie_card,2026-08-21 10:52:33,m_0399,,
6286,u_0587,s_01277,view_movie_card,2026-08-21 10:53:01,m_0340,,
6287,u_0587,s_01277,add_favorite,2026-08-21 10:53:06,m_0340,,
6288,u_0587,s_01277,view_movie_card,2026-08-21 10:52:57,m_0245,,
6289,u_0198,s_01278,session_start,2026-08-28 20:32:00,,,
6290,u_0198,s_01278,search,2026-08-28 20:32:15,,,
6291,u_0198,s_01278,api_request,2026-08-28 20:32:16,,5023,1
6292,u_0198,s_01278,random_pick,2026-08-28 20:32:21,,,
6293,u_0198,s_01278,view_movie_card,2026-08-28 20:32:36,m_0048,,
6294,u_0198,s_01278,view_movie_card,2026-08-28 20:32:32,m_0075,,
6295,u_0156,s_01279,session_start,2026-08-21 11:46:00,,,
6296,u_0156,s_01279,search,2026-08-21 11:46:04,,,
6297,u_0156,s_01279,api_request,2026-08-21 11:46:05,,4071,1
6298,u_0156,s_01279,random_pick,2026-08-21 11:46:06,,,
6299,u_0156,s_01279,view_movie_card,2026-08-21 11:46:12,m_0060,,
6300,u_0156,s_01279,add_favorite,2026-08-21 11:46:19,m_0060,,
6301,u_0156,s_01279,view_movie_card,2026-08-21 11:46:21,m_0067,,
6302,u_0156,s_01279,view_movie_card,2026-08-21 11:46:23,m_0062,,
6303,u_0741,s_01280,session_start,2026-08-02 16:08:00,,,
6304,u_0741,s_01280,search,2026-08-02 16:08:13,,,
6305,u_0741,s_01280,api_request,2026-08-02 16:08:17,,2337,1
6306,u_0741,s_01280,view_movie_card,2026-08-02 16:08:23,m_0151,,
6307,u_0741,s_01280,view_movie_card,2026-08-02 16:08:53,m_0195,,
6308,u_0184,s_01281,session_start,2026-08-18 09:42:00,,,
6309,u_0184,s_01281,search,2026-08-18 09:42:12,,,
6310,u_0184,s_01281,api_request,2026-08-18 09:42:14,,1148,1
6311,u_0184,s_01281,random_pick,2026-08-18 09:42:15,,,
6312,u_0184,s_01281,view_movie_card,2026-08-18 09:42:28,m_0012,,
6313,u_0184,s_01281,view_movie_card,2026-08-18 09:42:48,m_0321,,
6314,u_0184,s_01281,view_movie_card,2026-08-18 09:42:59,m_0441,,
6315,u_0184,s_01281,add_favorite,2026-08-18 09:43:05,m_0441,,
6316,u_0294,s_01282,session_start,2026-08-05 11:38:00,,,
6317,u_0294,s_01282,search,2026-08-05 11:38:02,,,
6318,u_0294,s_01282,api_request,2026-08-05 11:38:07,,3304,1
6319,u_0860,s_01283,session_start,2026-08-12 20:24:00,,,
6320,u_0860,s_01283,search,2026-08-12 20:24:14,,,
6321,u_0860,s_01283,api_request,2026-08-12 20:24:19,,4758,0
6322,u_0860,s_01283,error_shown,2026-08-12 20:24:19,,,
6323,u_0611,s_01284,session_start,2026-08-23 19:36:00,,,
6324,u_0611,s_01284,search,2026-08-23 19:36:14,,,
6325,u_0611,s_01284,api_request,2026-08-23 19:36:19,,439,1
6326,u_0611,s_01284,view_movie_card,2026-08-23 19:36:28,m_0142,,
6327,u_0611,s_01284,add_favorite,2026-08-23 19:36:34,m_0142,,
6328,u_0376,s_01285,session_start,2026-08-18 14:34:00,,,
6329,u_0376,s_01285,search,2026-08-18 14:34:14,,,
6330,u_0376,s_01285,api_request,2026-08-18 14:34:15,,521,1
6331,u_0376,s_01285,view_movie_card,2026-08-18 14:34:24,m_0014,,
6332,u_0376,s_01285,add_favorite,2026-08-18 14:34:32,m_0014,,
6333,u_0127,s_01286,session_start,2026-08-30 09:27:00,,,
6334,u_0127,s_01286,search,2026-08-30 09:27:04,,,
6335,u_0127,s_01286,api_request,2026-08-30 09:27:08,,4353,1
6336,u_0127,s_01286,view_movie_card,2026-08-30 09:27:27,m_0369,,
6337,u_0883,s_01287,session_start,2026-08-03 15:27:00,,,
6338,u_0883,s_01287,search,2026-08-03 15:27:08,,,
6339,u_0883,s_01287,api_request,2026-08-03 15:27:10,,2605,1
6340,u_0883,s_01287,random_pick,2026-08-03 15:27:13,,,
6341,u_0883,s_01287,view_movie_card,2026-08-03 15:27:23,m_0488,,
6342,u_0883,s_01287,view_movie_card,2026-08-03 15:27:20,m_0114,,
6343,u_0883,s_01287,view_movie_card,2026-08-03 15:27:52,m_0017,,
6344,u_0883,s_01287,view_movie_card,2026-08-03 15:27:42,m_0009,,
6345,u_0883,s_01287,view_movie_card,2026-08-03 15:28:35,m_0490,,
6346,u_0463,s_01288,session_start,2026-08-30 21:40:00,,,
6347,u_0463,s_01288,search,2026-08-30 21:40:14,,,
6348,u_0463,s_01288,api_request,2026-08-30 21:40:16,,3338,1
6349,u_0463,s_01288,view_movie_card,2026-08-30 21:40:32,m_0146,,
6350,u_0463,s_01288,view_movie_card,2026-08-30 21:40:36,m_0485,,
6351,u_0463,s_01288,view_movie_card,2026-08-30 21:41:16,m_0431,,
6352,u_0463,s_01288,add_favorite,2026-08-30 21:41:21,m_0431,,
6353,u_0114,s_01289,session_start,2026-08-15 15:00:00,,,
6354,u_0114,s_01289,search,2026-08-15 15:00:02,,,
6355,u_0114,s_01289,api_request,2026-08-15 15:00:03,,4512,1
6356,u_0114,s_01289,view_movie_card,2026-08-15 15:00:21,m_0284,,
6357,u_0782,s_01290,session_start,2026-08-15 15:17:00,,,
6358,u_0529,s_01291,session_start,2026-08-16 11:27:00,,,
6359,u_0529,s_01291,search,2026-08-16 11:27:02,,,
6360,u_0529,s_01291,api_request,2026-08-16 11:27:06,,3300,1
6361,u_0529,s_01291,random_pick,2026-08-16 11:27:07,,,
6362,u_0529,s_01291,view_movie_card,2026-08-16 11:27:21,m_0361,,
6363,u_0529,s_01291,add_favorite,2026-08-16 11:27:23,m_0361,,
6364,u_0419,s_01292,session_start,2026-08-07 17:02:00,,,
6365,u_0419,s_01292,search,2026-08-07 17:02:05,,,
6366,u_0419,s_01292,api_request,2026-08-07 17:02:05,,2177,1
6367,u_0419,s_01292,view_movie_card,2026-08-07 17:02:19,m_0185,,
6368,u_0419,s_01292,view_movie_card,2026-08-07 17:02:31,m_0252,,
6369,u_0419,s_01292,view_movie_card,2026-08-07 17:02:56,m_0090,,
6370,u_0419,s_01292,add_favorite,2026-08-07 17:03:00,m_0090,,
6371,u_0419,s_01292,view_movie_card,2026-08-07 17:02:25,m_0009,,
6372,u_0419,s_01292,view_movie_card,2026-08-07 17:02:55,m_0179,,
6373,u_0458,s_01293,session_start,2026-08-17 19:22:00,,,
6374,u_0458,s_01293,search,2026-08-17 19:22:08,,,
6375,u_0458,s_01293,api_request,2026-08-17 19:22:13,,543,1
6376,u_0458,s_01293,random_pick,2026-08-17 19:22:15,,,
6377,u_0458,s_01293,view_movie_card,2026-08-17 19:22:30,m_0081,,
6378,u_0458,s_01293,view_movie_card,2026-08-17 19:22:51,m_0473,,
6379,u_0448,s_01294,session_start,2026-08-14 23:25:00,,,
6380,u_0448,s_01294,search,2026-08-14 23:25:03,,,
6381,u_0448,s_01294,api_request,2026-08-14 23:25:06,,4597,1
6382,u_0448,s_01294,view_movie_card,2026-08-14 23:25:11,m_0017,,
6383,u_0448,s_01294,add_favorite,2026-08-14 23:25:16,m_0017,,
6384,u_0103,s_01295,session_start,2026-08-13 15:27:00,,,
6385,u_0103,s_01295,search,2026-08-13 15:27:07,,,
6386,u_0103,s_01295,api_request,2026-08-13 15:27:12,,855,1
6387,u_0498,s_01296,session_start,2026-08-02 16:37:00,,,
6388,u_0498,s_01296,search,2026-08-02 16:37:03,,,
6389,u_0498,s_01296,api_request,2026-08-02 16:37:05,,8366,0
6390,u_0498,s_01296,error_shown,2026-08-02 16:37:05,,,
6391,u_0557,s_01297,session_start,2026-08-09 18:15:00,,,
6392,u_0557,s_01297,search,2026-08-09 18:15:10,,,
6393,u_0557,s_01297,api_request,2026-08-09 18:15:10,,4911,1
6394,u_0557,s_01297,view_movie_card,2026-08-09 18:15:23,m_0294,,
6395,u_0557,s_01297,add_favorite,2026-08-09 18:15:27,m_0294,,
6396,u_0557,s_01297,view_movie_card,2026-08-09 18:15:24,m_0163,,
6397,u_0557,s_01297,view_movie_card,2026-08-09 18:15:28,m_0131,,
6398,u_0557,s_01297,view_movie_card,2026-08-09 18:15:34,m_0414,,
6399,u_0842,s_01298,session_start,2026-08-21 22:38:00,,,
6400,u_0842,s_01298,search,2026-08-21 22:38:08,,,
6401,u_0842,s_01298,api_request,2026-08-21 22:38:13,,4337,1
6402,u_0842,s_01298,random_pick,2026-08-21 22:38:18,,,
6403,u_0842,s_01298,view_movie_card,2026-08-21 22:38:32,m_0351,,
6404,u_0842,s_01298,add_favorite,2026-08-21 22:38:39,m_0351,,
6405,u_0842,s_01298,view_movie_card,2026-08-21 22:38:47,m_0309,,
6406,u_0392,s_01299,session_start,2026-08-10 10:26:00,,,
6407,u_0294,s_01300,session_start,2026-08-05 12:31:00,,,
6408,u_0273,s_01301,session_start,2026-08-16 16:36:00,,,
6409,u_0273,s_01301,search,2026-08-16 16:36:15,,,
6410,u_0273,s_01301,api_request,2026-08-16 16:36:16,,3879,1
6411,u_0273,s_01301,view_movie_card,2026-08-16 16:36:30,m_0299,,
6412,u_0273,s_01301,view_movie_card,2026-08-16 16:36:32,m_0313,,
6413,u_0273,s_01301,view_movie_card,2026-08-16 16:36:31,m_0035,,
6414,u_0442,s_01302,session_start,2026-08-30 13:10:00,,,
6415,u_0442,s_01302,search,2026-08-30 13:10:12,,,
6416,u_0442,s_01302,api_request,2026-08-30 13:10:13,,6827,0
6417,u_0442,s_01302,error_shown,2026-08-30 13:10:13,,,
6418,u_0840,s_01303,session_start,2026-08-02 17:29:00,,,
6419,u_0092,s_01304,session_start,2026-08-28 11:06:00,,,
6420,u_0092,s_01304,search,2026-08-28 11:06:15,,,
6421,u_0092,s_01304,api_request,2026-08-28 11:06:16,,524,1
6422,u_0092,s_01304,random_pick,2026-08-28 11:06:21,,,
6423,u_0092,s_01304,view_movie_card,2026-08-28 11:06:23,m_0121,,
6424,u_0092,s_01304,view_movie_card,2026-08-28 11:06:54,m_0462,,
6425,u_0092,s_01304,add_favorite,2026-08-28 11:06:56,m_0462,,
6426,u_0092,s_01304,view_movie_card,2026-08-28 11:06:37,m_0500,,
6427,u_0551,s_01305,session_start,2026-08-01 20:53:00,,,
6428,u_0551,s_01305,search,2026-08-01 20:53:11,,,
6429,u_0551,s_01305,api_request,2026-08-01 20:53:13,,4463,1
6430,u_0551,s_01305,random_pick,2026-08-01 20:53:18,,,
6431,u_0551,s_01305,view_movie_card,2026-08-01 20:53:30,m_0458,,
6432,u_0551,s_01305,view_movie_card,2026-08-01 20:53:31,m_0083,,
6433,u_0551,s_01305,view_movie_card,2026-08-01 20:54:10,m_0485,,
6434,u_0756,s_01306,session_start,2026-08-12 17:32:00,,,
6435,u_0383,s_01307,session_start,2026-08-19 16:32:00,,,
6436,u_0383,s_01307,search,2026-08-19 16:32:02,,,
6437,u_0383,s_01307,api_request,2026-08-19 16:32:06,,510,1
6438,u_0383,s_01307,view_movie_card,2026-08-19 16:32:26,m_0342,,
6439,u_0383,s_01307,add_favorite,2026-08-19 16:32:29,m_0342,,
6440,u_0577,s_01308,session_start,2026-08-27 12:24:00,,,
6441,u_0577,s_01308,search,2026-08-27 12:24:11,,,
6442,u_0577,s_01308,api_request,2026-08-27 12:24:14,,988,1
6443,u_0691,s_01309,session_start,2026-08-17 23:31:00,,,
6444,u_0691,s_01309,search,2026-08-17 23:31:06,,,
6445,u_0691,s_01309,api_request,2026-08-17 23:31:07,,3769,1
6446,u_0691,s_01309,view_movie_card,2026-08-17 23:31:24,m_0297,,
6447,u_0691,s_01309,view_movie_card,2026-08-17 23:31:47,m_0341,,
6448,u_0364,s_01310,session_start,2026-08-09 09:37:00,,,
6449,u_0364,s_01310,search,2026-08-09 09:37:03,,,
6450,u_0364,s_01310,api_request,2026-08-09 09:37:05,,1024,1
6451,u_0438,s_01311,session_start,2026-08-14 10:22:00,,,
6452,u_0438,s_01311,search,2026-08-14 10:22:10,,,
6453,u_0438,s_01311,api_request,2026-08-14 10:22:15,,4293,1
6454,u_0438,s_01311,view_movie_card,2026-08-14 10:22:27,m_0171,,
6455,u_0438,s_01311,view_movie_card,2026-08-14 10:22:47,m_0055,,
6456,u_0438,s_01311,view_movie_card,2026-08-14 10:23:12,m_0298,,
6457,u_0438,s_01311,view_movie_card,2026-08-14 10:23:23,m_0094,,
6458,u_0432,s_01312,session_start,2026-08-02 23:38:00,,,
6459,u_0432,s_01312,search,2026-08-02 23:38:06,,,
6460,u_0432,s_01312,api_request,2026-08-02 23:38:11,,4779,1
6461,u_0432,s_01312,view_movie_card,2026-08-02 23:38:16,m_0137,,
6462,u_0455,s_01313,session_start,2026-08-10 11:04:00,,,
6463,u_0455,s_01313,search,2026-08-10 11:04:10,,,
6464,u_0455,s_01313,api_request,2026-08-10 11:04:12,,1466,1
6465,u_0455,s_01313,view_movie_card,2026-08-10 11:04:24,m_0423,,
6466,u_0455,s_01313,view_movie_card,2026-08-10 11:04:38,m_0278,,
6467,u_0455,s_01313,view_movie_card,2026-08-10 11:04:27,m_0258,,
6468,u_0455,s_01313,view_movie_card,2026-08-10 11:05:00,m_0137,,
6469,u_0455,s_01313,view_movie_card,2026-08-10 11:05:12,m_0315,,
6470,u_0455,s_01313,add_favorite,2026-08-10 11:05:19,m_0315,,
6471,u_0492,s_01314,session_start,2026-08-05 13:25:00,,,
6472,u_0492,s_01314,search,2026-08-05 13:25:14,,,
6473,u_0492,s_01314,api_request,2026-08-05 13:25:18,,5016,1
6474,u_0492,s_01314,view_movie_card,2026-08-05 13:25:25,m_0154,,
6475,u_0492,s_01314,add_favorite,2026-08-05 13:25:27,m_0154,,
6476,u_0743,s_01315,session_start,2026-08-19 23:48:00,,,
6477,u_0743,s_01315,search,2026-08-19 23:48:12,,,
6478,u_0743,s_01315,api_request,2026-08-19 23:48:17,,1637,1
6479,u_0418,s_01316,session_start,2026-08-28 12:45:00,,,
6480,u_0418,s_01316,search,2026-08-28 12:45:05,,,
6481,u_0418,s_01316,api_request,2026-08-28 12:45:09,,303,1
6482,u_0418,s_01316,random_pick,2026-08-28 12:45:12,,,
6483,u_0418,s_01316,view_movie_card,2026-08-28 12:45:24,m_0285,,
6484,u_0418,s_01316,view_movie_card,2026-08-28 12:45:43,m_0171,,
6485,u_0418,s_01316,view_movie_card,2026-08-28 12:45:24,m_0466,,
6486,u_0418,s_01316,add_favorite,2026-08-28 12:45:29,m_0466,,
6487,u_0418,s_01316,view_movie_card,2026-08-28 12:46:05,m_0254,,
6488,u_0418,s_01316,add_favorite,2026-08-28 12:46:07,m_0254,,
6489,u_0418,s_01316,view_movie_card,2026-08-28 12:45:49,m_0220,,
6490,u_0714,s_01317,session_start,2026-08-02 22:12:00,,,
6491,u_0714,s_01317,search,2026-08-02 22:12:02,,,
6492,u_0714,s_01317,api_request,2026-08-02 22:12:06,,817,1
6493,u_0714,s_01317,view_movie_card,2026-08-02 22:12:13,m_0396,,
6494,u_0714,s_01317,view_movie_card,2026-08-02 22:12:32,m_0305,,
6495,u_0714,s_01317,view_movie_card,2026-08-02 22:12:24,m_0280,,
6496,u_0888,s_01318,session_start,2026-08-30 20:00:00,,,
6497,u_0888,s_01318,search,2026-08-30 20:00:15,,,
6498,u_0888,s_01318,api_request,2026-08-30 20:00:19,,2524,1
6499,u_0888,s_01318,view_movie_card,2026-08-30 20:00:27,m_0404,,
6500,u_0404,s_01319,session_start,2026-08-11 18:11:00,,,
6501,u_0404,s_01319,search,2026-08-11 18:11:06,,,
6502,u_0404,s_01319,api_request,2026-08-11 18:11:10,,4710,1
6503,u_0404,s_01319,view_movie_card,2026-08-11 18:11:27,m_0357,,
6504,u_0404,s_01319,view_movie_card,2026-08-11 18:11:48,m_0160,,
6505,u_0404,s_01319,view_movie_card,2026-08-11 18:12:01,m_0291,,
6506,u_0404,s_01319,view_movie_card,2026-08-11 18:11:38,m_0168,,
6507,u_0676,s_01320,session_start,2026-08-09 14:51:00,,,
6508,u_0676,s_01320,search,2026-08-09 14:51:03,,,
6509,u_0676,s_01320,api_request,2026-08-09 14:51:08,,1779,1
6510,u_0676,s_01320,view_movie_card,2026-08-09 14:51:24,m_0127,,
6511,u_0676,s_01320,view_movie_card,2026-08-09 14:51:42,m_0456,,
6512,u_0676,s_01320,view_movie_card,2026-08-09 14:51:56,m_0059,,
6513,u_0676,s_01320,add_favorite,2026-08-09 14:51:58,m_0059,,
6514,u_0064,s_01321,session_start,2026-08-14 19:46:00,,,
6515,u_0064,s_01321,search,2026-08-14 19:46:11,,,
6516,u_0064,s_01321,api_request,2026-08-14 19:46:15,,4848,1
6517,u_0255,s_01322,session_start,2026-08-07 15:20:00,,,
6518,u_0255,s_01322,search,2026-08-07 15:20:13,,,
6519,u_0255,s_01322,api_request,2026-08-07 15:20:18,,4516,1
6520,u_0255,s_01322,view_movie_card,2026-08-07 15:20:35,m_0249,,
6521,u_0255,s_01322,add_favorite,2026-08-07 15:20:36,m_0249,,
6522,u_0587,s_01323,session_start,2026-08-20 19:41:00,,,
6523,u_0587,s_01323,search,2026-08-20 19:41:04,,,
6524,u_0587,s_01323,api_request,2026-08-20 19:41:06,,5054,1
6525,u_0587,s_01323,view_movie_card,2026-08-20 19:41:23,m_0350,,
6526,u_0883,s_01324,session_start,2026-08-26 23:47:00,,,
6527,u_0883,s_01324,search,2026-08-26 23:47:08,,,
6528,u_0883,s_01324,api_request,2026-08-26 23:47:11,,709,1
6529,u_0883,s_01324,random_pick,2026-08-26 23:47:14,,,
6530,u_0883,s_01324,view_movie_card,2026-08-26 23:47:26,m_0217,,
6531,u_0883,s_01324,view_movie_card,2026-08-26 23:47:51,m_0388,,
6532,u_0585,s_01325,session_start,2026-08-18 23:01:00,,,
6533,u_0585,s_01325,search,2026-08-18 23:01:06,,,
6534,u_0585,s_01325,api_request,2026-08-18 23:01:08,,1875,1
6535,u_0436,s_01326,session_start,2026-08-26 18:01:00,,,
6536,u_0436,s_01326,search,2026-08-26 18:01:15,,,
6537,u_0436,s_01326,api_request,2026-08-26 18:01:18,,3613,1
6538,u_0649,s_01327,session_start,2026-08-26 11:54:00,,,
6539,u_0649,s_01327,search,2026-08-26 11:54:08,,,
6540,u_0649,s_01327,api_request,2026-08-26 11:54:10,,743,1
6541,u_0649,s_01327,view_movie_card,2026-08-26 11:54:26,m_0118,,
6542,u_0649,s_01327,view_movie_card,2026-08-26 11:54:20,m_0356,,
6543,u_0192,s_01328,session_start,2026-08-14 11:54:00,,,
6544,u_0192,s_01328,search,2026-08-14 11:54:04,,,
6545,u_0192,s_01328,api_request,2026-08-14 11:54:06,,4002,1
6546,u_0192,s_01328,view_movie_card,2026-08-14 11:54:26,m_0160,,
6547,u_0192,s_01328,view_movie_card,2026-08-14 11:54:36,m_0314,,
6548,u_0192,s_01328,add_favorite,2026-08-14 11:54:37,m_0314,,
6549,u_0192,s_01328,view_movie_card,2026-08-14 11:54:30,m_0041,,
6550,u_0192,s_01328,add_favorite,2026-08-14 11:54:32,m_0041,,
6551,u_0192,s_01328,view_movie_card,2026-08-14 11:54:34,m_0191,,
6552,u_0258,s_01329,session_start,2026-08-28 17:52:00,,,
6553,u_0258,s_01329,search,2026-08-28 17:52:10,,,
6554,u_0258,s_01329,api_request,2026-08-28 17:52:15,,791,1
6555,u_0258,s_01329,view_movie_card,2026-08-28 17:52:23,m_0243,,
6556,u_0258,s_01329,view_movie_card,2026-08-28 17:52:49,m_0247,,
6557,u_0258,s_01329,view_movie_card,2026-08-28 17:52:42,m_0101,,
6558,u_0258,s_01329,view_movie_card,2026-08-28 17:52:55,m_0296,,
6559,u_0805,s_01330,session_start,2026-08-12 16:59:00,,,
6560,u_0805,s_01330,search,2026-08-12 16:59:14,,,
6561,u_0805,s_01330,api_request,2026-08-12 16:59:16,,3646,1
6562,u_0832,s_01331,session_start,2026-08-28 11:40:00,,,
6563,u_0832,s_01331,search,2026-08-28 11:40:04,,,
6564,u_0832,s_01331,api_request,2026-08-28 11:40:05,,738,1
6565,u_0832,s_01331,view_movie_card,2026-08-28 11:40:25,m_0176,,
6566,u_0748,s_01332,session_start,2026-08-12 20:37:00,,,
6567,u_0748,s_01332,search,2026-08-12 20:37:14,,,
6568,u_0748,s_01332,api_request,2026-08-12 20:37:18,,7539,0
6569,u_0748,s_01332,error_shown,2026-08-12 20:37:18,,,
6570,u_0173,s_01333,session_start,2026-08-12 22:40:00,,,
6571,u_0173,s_01333,search,2026-08-12 22:40:06,,,
6572,u_0173,s_01333,api_request,2026-08-12 22:40:10,,1347,1
6573,u_0173,s_01333,view_movie_card,2026-08-12 22:40:25,m_0450,,
6574,u_0173,s_01333,view_movie_card,2026-08-12 22:40:36,m_0025,,
6575,u_0173,s_01333,add_favorite,2026-08-12 22:40:43,m_0025,,
6576,u_0377,s_01334,session_start,2026-08-09 13:41:00,,,
6577,u_0377,s_01334,search,2026-08-09 13:41:09,,,
6578,u_0377,s_01334,api_request,2026-08-09 13:41:11,,1912,1
6579,u_0199,s_01335,session_start,2026-08-03 10:08:00,,,
6580,u_0199,s_01335,search,2026-08-03 10:08:13,,,
6581,u_0199,s_01335,api_request,2026-08-03 10:08:16,,4701,1
6582,u_0199,s_01335,view_movie_card,2026-08-03 10:08:23,m_0231,,
6583,u_0199,s_01335,view_movie_card,2026-08-03 10:08:50,m_0392,,
6584,u_0199,s_01335,add_favorite,2026-08-03 10:08:55,m_0392,,
6585,u_0199,s_01335,view_movie_card,2026-08-03 10:08:46,m_0251,,
6586,u_0199,s_01335,add_favorite,2026-08-03 10:08:50,m_0251,,
6587,u_0552,s_01336,session_start,2026-08-28 22:35:00,,,
6588,u_0552,s_01336,search,2026-08-28 22:35:04,,,
6589,u_0552,s_01336,api_request,2026-08-28 22:35:04,,3196,1
6590,u_0552,s_01336,random_pick,2026-08-28 22:35:05,,,
6591,u_0552,s_01336,view_movie_card,2026-08-28 22:35:21,m_0493,,
6592,u_0552,s_01336,view_movie_card,2026-08-28 22:35:16,m_0131,,
6593,u_0552,s_01336,view_movie_card,2026-08-28 22:35:37,m_0017,,
6594,u_0737,s_01337,session_start,2026-08-26 12:20:00,,,
6595,u_0737,s_01337,search,2026-08-26 12:20:15,,,
6596,u_0737,s_01337,api_request,2026-08-26 12:20:16,,2179,1
6597,u_0737,s_01337,random_pick,2026-08-26 12:20:17,,,
6598,u_0737,s_01337,view_movie_card,2026-08-26 12:20:24,m_0264,,
6599,u_0737,s_01337,add_favorite,2026-08-26 12:20:31,m_0264,,
6600,u_0294,s_01338,session_start,2026-08-15 16:32:00,,,
6601,u_0294,s_01338,search,2026-08-15 16:32:03,,,
6602,u_0294,s_01338,api_request,2026-08-15 16:32:06,,1711,1
6603,u_0294,s_01338,view_movie_card,2026-08-15 16:32:22,m_0134,,
6604,u_0216,s_01339,session_start,2026-08-02 22:34:00,,,
6605,u_0216,s_01339,search,2026-08-02 22:34:07,,,
6606,u_0216,s_01339,api_request,2026-08-02 22:34:12,,2081,1
6607,u_0216,s_01339,random_pick,2026-08-02 22:34:15,,,
6608,u_0216,s_01339,view_movie_card,2026-08-02 22:34:24,m_0330,,
6609,u_0216,s_01339,view_movie_card,2026-08-02 22:34:30,m_0275,,
6610,u_0216,s_01339,view_movie_card,2026-08-02 22:34:51,m_0448,,
6611,u_0582,s_01340,session_start,2026-08-13 21:39:00,,,
6612,u_0582,s_01340,search,2026-08-13 21:39:11,,,
6613,u_0582,s_01340,api_request,2026-08-13 21:39:15,,1569,1
6614,u_0063,s_01341,session_start,2026-08-25 20:38:00,,,
6615,u_0063,s_01341,search,2026-08-25 20:38:07,,,
6616,u_0063,s_01341,api_request,2026-08-25 20:38:11,,1388,1
6617,u_0461,s_01342,session_start,2026-08-04 13:53:00,,,
6618,u_0461,s_01342,search,2026-08-04 13:53:06,,,
6619,u_0461,s_01342,api_request,2026-08-04 13:53:09,,1033,1
6620,u_0391,s_01343,session_start,2026-08-20 17:47:00,,,
6621,u_0391,s_01343,search,2026-08-20 17:47:04,,,
6622,u_0391,s_01343,api_request,2026-08-20 17:47:06,,1968,1
6623,u_0461,s_01344,session_start,2026-08-21 12:37:00,,,
6624,u_0461,s_01344,search,2026-08-21 12:37:05,,,
6625,u_0461,s_01344,api_request,2026-08-21 12:37:07,,1145,1
6626,u_0461,s_01344,view_movie_card,2026-08-21 12:37:27,m_0016,,
6627,u_0581,s_01345,session_start,2026-08-27 11:56:00,,,
6628,u_0581,s_01345,search,2026-08-27 11:56:04,,,
6629,u_0581,s_01345,api_request,2026-08-27 11:56:08,,704,1
6630,u_0581,s_01345,random_pick,2026-08-27 11:56:10,,,
6631,u_0581,s_01345,view_movie_card,2026-08-27 11:56:16,m_0023,,
6632,u_0581,s_01345,view_movie_card,2026-08-27 11:56:18,m_0095,,
6633,u_0065,s_01346,session_start,2026-08-29 09:01:00,,,
6634,u_0065,s_01346,search,2026-08-29 09:01:08,,,
6635,u_0065,s_01346,api_request,2026-08-29 09:01:11,,1238,1
6636,u_0065,s_01346,view_movie_card,2026-08-29 09:01:31,m_0367,,
6637,u_0838,s_01347,session_start,2026-08-01 17:05:00,,,
6638,u_0838,s_01347,search,2026-08-01 17:05:07,,,
6639,u_0838,s_01347,api_request,2026-08-01 17:05:10,,2665,1
6640,u_0838,s_01347,view_movie_card,2026-08-01 17:05:24,m_0476,,
6641,u_0838,s_01347,view_movie_card,2026-08-01 17:05:34,m_0329,,
6642,u_0838,s_01347,view_movie_card,2026-08-01 17:05:28,m_0403,,
6643,u_0785,s_01348,session_start,2026-08-14 21:48:00,,,
6644,u_0785,s_01348,search,2026-08-14 21:48:12,,,
6645,u_0785,s_01348,api_request,2026-08-14 21:48:13,,2834,1
6646,u_0785,s_01348,random_pick,2026-08-14 21:48:14,,,
6647,u_0785,s_01348,view_movie_card,2026-08-14 21:48:19,m_0002,,
6648,u_0785,s_01348,add_favorite,2026-08-14 21:48:20,m_0002,,
6649,u_0785,s_01348,view_movie_card,2026-08-14 21:48:51,m_0428,,
6650,u_0785,s_01348,view_movie_card,2026-08-14 21:48:43,m_0002,,
6651,u_0785,s_01348,view_movie_card,2026-08-14 21:49:05,m_0484,,
6652,u_0785,s_01348,view_movie_card,2026-08-14 21:49:38,m_0225,,
6653,u_0706,s_01349,session_start,2026-08-11 09:57:00,,,
6654,u_0706,s_01349,search,2026-08-11 09:57:08,,,
6655,u_0706,s_01349,api_request,2026-08-11 09:57:13,,2500,1
6656,u_0706,s_01349,view_movie_card,2026-08-11 09:57:29,m_0154,,
6657,u_0861,s_01350,session_start,2026-08-23 10:45:00,,,
6658,u_0861,s_01350,search,2026-08-23 10:45:05,,,
6659,u_0861,s_01350,api_request,2026-08-23 10:45:07,,6661,0
6660,u_0861,s_01350,error_shown,2026-08-23 10:45:07,,,
6661,u_0409,s_01351,session_start,2026-08-18 14:06:00,,,
6662,u_0409,s_01351,search,2026-08-18 14:06:11,,,
6663,u_0409,s_01351,api_request,2026-08-18 14:06:13,,4145,1
6664,u_0409,s_01351,view_movie_card,2026-08-18 14:06:24,m_0221,,
6665,u_0409,s_01351,view_movie_card,2026-08-18 14:06:35,m_0151,,
6666,u_0582,s_01352,session_start,2026-08-13 17:46:00,,,
6667,u_0582,s_01352,search,2026-08-13 17:46:08,,,
6668,u_0582,s_01352,api_request,2026-08-13 17:46:09,,4061,1
6669,u_0444,s_01353,session_start,2026-08-17 12:34:00,,,
6670,u_0444,s_01353,search,2026-08-17 12:34:10,,,
6671,u_0444,s_01353,api_request,2026-08-17 12:34:15,,4170,1
6672,u_0444,s_01353,view_movie_card,2026-08-17 12:34:22,m_0187,,
6673,u_0444,s_01353,add_favorite,2026-08-17 12:34:29,m_0187,,
6674,u_0444,s_01353,view_movie_card,2026-08-17 12:34:35,m_0186,,
6675,u_0444,s_01353,view_movie_card,2026-08-17 12:34:36,m_0292,,
6676,u_0609,s_01354,session_start,2026-08-13 09:44:00,,,
6677,u_0609,s_01354,search,2026-08-13 09:44:02,,,
6678,u_0609,s_01354,api_request,2026-08-13 09:44:02,,3236,1
6679,u_0609,s_01354,view_movie_card,2026-08-13 09:44:12,m_0195,,
6680,u_0609,s_01354,add_favorite,2026-08-13 09:44:14,m_0195,,
6681,u_0609,s_01354,view_movie_card,2026-08-13 09:44:12,m_0390,,
6682,u_0609,s_01354,view_movie_card,2026-08-13 09:44:50,m_0479,,
6683,u_0609,s_01354,add_favorite,2026-08-13 09:44:52,m_0479,,
6684,u_0609,s_01354,view_movie_card,2026-08-13 09:45:18,m_0185,,
6685,u_0609,s_01354,view_movie_card,2026-08-13 09:45:17,m_0498,,
6686,u_0298,s_01355,session_start,2026-08-15 16:29:00,,,
6687,u_0298,s_01355,search,2026-08-15 16:29:12,,,
6688,u_0298,s_01355,api_request,2026-08-15 16:29:13,,3454,1
6689,u_0298,s_01355,random_pick,2026-08-15 16:29:18,,,
6690,u_0298,s_01355,view_movie_card,2026-08-15 16:29:22,m_0144,,
6691,u_0298,s_01355,add_favorite,2026-08-15 16:29:29,m_0144,,
6692,u_0298,s_01355,view_movie_card,2026-08-15 16:29:31,m_0224,,
6693,u_0298,s_01355,view_movie_card,2026-08-15 16:29:43,m_0073,,
6694,u_0602,s_01356,session_start,2026-08-16 14:32:00,,,
6695,u_0602,s_01356,search,2026-08-16 14:32:02,,,
6696,u_0602,s_01356,api_request,2026-08-16 14:32:07,,2465,1
6697,u_0602,s_01356,view_movie_card,2026-08-16 14:32:15,m_0422,,
6698,u_0602,s_01356,view_movie_card,2026-08-16 14:32:35,m_0191,,
6699,u_0446,s_01357,session_start,2026-08-27 09:20:00,,,
6700,u_0446,s_01357,search,2026-08-27 09:20:04,,,
6701,u_0446,s_01357,api_request,2026-08-27 09:20:04,,1459,1
6702,u_0446,s_01357,view_movie_card,2026-08-27 09:20:09,m_0364,,
6703,u_0446,s_01357,view_movie_card,2026-08-27 09:20:16,m_0033,,
6704,u_0446,s_01357,view_movie_card,2026-08-27 09:20:40,m_0474,,
6705,u_0446,s_01357,view_movie_card,2026-08-27 09:21:04,m_0210,,
6706,u_0217,s_01358,session_start,2026-08-02 16:10:00,,,
6707,u_0217,s_01358,search,2026-08-02 16:10:06,,,
6708,u_0217,s_01358,api_request,2026-08-02 16:10:10,,4421,1
6709,u_0217,s_01358,random_pick,2026-08-02 16:10:13,,,
6710,u_0217,s_01358,view_movie_card,2026-08-02 16:10:15,m_0030,,
6711,u_0217,s_01358,add_favorite,2026-08-02 16:10:18,m_0030,,
6712,u_0217,s_01358,view_movie_card,2026-08-02 16:10:30,m_0353,,
6713,u_0140,s_01359,session_start,2026-08-15 12:05:00,,,
6714,u_0556,s_01360,session_start,2026-08-03 15:59:00,,,
6715,u_0007,s_01361,session_start,2026-08-26 21:23:00,,,
6716,u_0007,s_01361,search,2026-08-26 21:23:02,,,
6717,u_0007,s_01361,api_request,2026-08-26 21:23:05,,783,1
6718,u_0007,s_01361,view_movie_card,2026-08-26 21:23:15,m_0433,,
6719,u_0007,s_01361,view_movie_card,2026-08-26 21:23:21,m_0418,,
6720,u_0083,s_01362,session_start,2026-08-11 11:27:00,,,
6721,u_0083,s_01362,search,2026-08-11 11:27:02,,,
6722,u_0083,s_01362,api_request,2026-08-11 11:27:05,,3909,1
6723,u_0083,s_01362,random_pick,2026-08-11 11:27:06,,,
6724,u_0083,s_01362,view_movie_card,2026-08-11 11:27:24,m_0037,,
6725,u_0083,s_01362,view_movie_card,2026-08-11 11:27:35,m_0349,,
6726,u_0083,s_01362,add_favorite,2026-08-11 11:27:43,m_0349,,
6727,u_0850,s_01363,session_start,2026-08-09 23:44:00,,,
6728,u_0588,s_01364,session_start,2026-08-03 23:32:00,,,
6729,u_0588,s_01364,search,2026-08-03 23:32:10,,,
6730,u_0588,s_01364,api_request,2026-08-03 23:32:12,,2159,1
6731,u_0535,s_01365,session_start,2026-08-05 21:36:00,,,
6732,u_0535,s_01365,search,2026-08-05 21:36:11,,,
6733,u_0535,s_01365,api_request,2026-08-05 21:36:15,,3676,1
6734,u_0535,s_01365,random_pick,2026-08-05 21:36:19,,,
6735,u_0535,s_01365,view_movie_card,2026-08-05 21:36:23,m_0212,,
6736,u_0535,s_01365,view_movie_card,2026-08-05 21:36:29,m_0492,,
6737,u_0145,s_01366,session_start,2026-08-24 17:59:00,,,
6738,u_0831,s_01367,session_start,2026-08-07 21:19:00,,,
6739,u_0831,s_01367,search,2026-08-07 21:19:05,,,
6740,u_0831,s_01367,api_request,2026-08-07 21:19:05,,5722,0
6741,u_0831,s_01367,error_shown,2026-08-07 21:19:05,,,
6742,u_0794,s_01368,session_start,2026-08-02 11:22:00,,,
6743,u_0794,s_01368,search,2026-08-02 11:22:11,,,
6744,u_0794,s_01368,api_request,2026-08-02 11:22:14,,1800,1
6745,u_0794,s_01368,random_pick,2026-08-02 11:22:17,,,
6746,u_0794,s_01368,view_movie_card,2026-08-02 11:22:33,m_0132,,
6747,u_0794,s_01368,view_movie_card,2026-08-02 11:22:38,m_0173,,
6748,u_0794,s_01368,view_movie_card,2026-08-02 11:22:41,m_0216,,
6749,u_0794,s_01368,view_movie_card,2026-08-02 11:23:22,m_0442,,
6750,u_0764,s_01369,session_start,2026-08-18 15:02:00,,,
6751,u_0764,s_01369,search,2026-08-18 15:02:05,,,
6752,u_0764,s_01369,api_request,2026-08-18 15:02:10,,2359,1
6753,u_0200,s_01370,session_start,2026-08-30 17:32:00,,,
6754,u_0200,s_01370,search,2026-08-30 17:32:04,,,
6755,u_0200,s_01370,api_request,2026-08-30 17:32:06,,3434,1
6756,u_0871,s_01371,session_start,2026-08-26 23:40:00,,,
6757,u_0871,s_01371,search,2026-08-26 23:40:04,,,
6758,u_0871,s_01371,api_request,2026-08-26 23:40:08,,5736,0
6759,u_0871,s_01371,error_shown,2026-08-26 23:40:08,,,
6760,u_0455,s_01372,session_start,2026-08-02 16:52:00,,,
6761,u_0369,s_01373,session_start,2026-08-23 09:25:00,,,
6762,u_0369,s_01373,search,2026-08-23 09:25:07,,,
6763,u_0369,s_01373,api_request,2026-08-23 09:25:10,,3552,1
6764,u_0369,s_01373,view_movie_card,2026-08-23 09:25:15,m_0305,,
6765,u_0369,s_01373,add_favorite,2026-08-23 09:25:21,m_0305,,
6766,u_0369,s_01373,view_movie_card,2026-08-23 09:25:40,m_0055,,
6767,u_0369,s_01373,add_favorite,2026-08-23 09:25:45,m_0055,,
6768,u_0615,s_01374,session_start,2026-08-24 09:42:00,,,
6769,u_0615,s_01374,search,2026-08-24 09:42:05,,,
6770,u_0615,s_01374,api_request,2026-08-24 09:42:06,,1120,1
6771,u_0615,s_01374,view_movie_card,2026-08-24 09:42:11,m_0073,,
6772,u_0615,s_01374,view_movie_card,2026-08-24 09:42:34,m_0361,,
6773,u_0704,s_01375,session_start,2026-08-22 15:03:00,,,
6774,u_0704,s_01375,search,2026-08-22 15:03:04,,,
6775,u_0704,s_01375,api_request,2026-08-22 15:03:09,,8874,0
6776,u_0704,s_01375,error_shown,2026-08-22 15:03:09,,,
6777,u_0240,s_01376,session_start,2026-08-20 14:58:00,,,
6778,u_0240,s_01376,search,2026-08-20 14:58:06,,,
6779,u_0240,s_01376,api_request,2026-08-20 14:58:11,,1751,1
6780,u_0139,s_01377,session_start,2026-08-29 10:42:00,,,
6781,u_0139,s_01377,search,2026-08-29 10:42:07,,,
6782,u_0139,s_01377,api_request,2026-08-29 10:42:11,,787,1
6783,u_0139,s_01377,view_movie_card,2026-08-29 10:42:17,m_0041,,
6784,u_0139,s_01377,view_movie_card,2026-08-29 10:42:41,m_0110,,
6785,u_0139,s_01377,view_movie_card,2026-08-29 10:42:41,m_0465,,
6786,u_0139,s_01377,view_movie_card,2026-08-29 10:43:03,m_0226,,
6787,u_0449,s_01378,session_start,2026-08-20 14:02:00,,,
6788,u_0449,s_01378,search,2026-08-20 14:02:15,,,
6789,u_0449,s_01378,api_request,2026-08-20 14:02:19,,3928,1
6790,u_0449,s_01378,view_movie_card,2026-08-20 14:02:25,m_0477,,
6791,u_0449,s_01378,view_movie_card,2026-08-20 14:02:51,m_0330,,
6792,u_0449,s_01378,add_favorite,2026-08-20 14:02:55,m_0330,,
6793,u_0449,s_01378,view_movie_card,2026-08-20 14:02:40,m_0025,,
6794,u_0449,s_01378,add_favorite,2026-08-20 14:02:47,m_0025,,
6795,u_0449,s_01378,view_movie_card,2026-08-20 14:03:15,m_0491,,
6796,u_0739,s_01379,session_start,2026-08-07 13:49:00,,,
6797,u_0739,s_01379,search,2026-08-07 13:49:13,,,
6798,u_0739,s_01379,api_request,2026-08-07 13:49:17,,2572,1
6799,u_0739,s_01379,view_movie_card,2026-08-07 13:49:35,m_0024,,
6800,u_0739,s_01379,view_movie_card,2026-08-07 13:49:45,m_0033,,
6801,u_0739,s_01379,add_favorite,2026-08-07 13:49:50,m_0033,,
6802,u_0739,s_01379,view_movie_card,2026-08-07 13:49:41,m_0490,,
6803,u_0739,s_01379,view_movie_card,2026-08-07 13:50:17,m_0451,,
6804,u_0739,s_01379,view_movie_card,2026-08-07 13:50:07,m_0492,,
6805,u_0250,s_01380,session_start,2026-08-12 21:48:00,,,
6806,u_0151,s_01381,session_start,2026-08-22 18:21:00,,,
6807,u_0151,s_01381,search,2026-08-22 18:21:08,,,
6808,u_0151,s_01381,api_request,2026-08-22 18:21:08,,6338,0
6809,u_0151,s_01381,error_shown,2026-08-22 18:21:08,,,
6810,u_0014,s_01382,session_start,2026-08-16 18:36:00,,,
6811,u_0014,s_01382,search,2026-08-16 18:36:08,,,
6812,u_0014,s_01382,api_request,2026-08-16 18:36:12,,4785,1
6813,u_0014,s_01382,view_movie_card,2026-08-16 18:36:32,m_0135,,
6814,u_0014,s_01382,add_favorite,2026-08-16 18:36:36,m_0135,,
6815,u_0014,s_01382,view_movie_card,2026-08-16 18:36:52,m_0257,,
6816,u_0224,s_01383,session_start,2026-08-22 11:45:00,,,
6817,u_0224,s_01383,search,2026-08-22 11:45:11,,,
6818,u_0224,s_01383,api_request,2026-08-22 11:45:13,,3371,1
6819,u_0503,s_01384,session_start,2026-08-01 09:25:00,,,
6820,u_0503,s_01384,search,2026-08-01 09:25:14,,,
6821,u_0503,s_01384,api_request,2026-08-01 09:25:15,,365,1
6822,u_0503,s_01384,view_movie_card,2026-08-01 09:25:22,m_0253,,
6823,u_0503,s_01384,add_favorite,2026-08-01 09:25:29,m_0253,,
6824,u_0503,s_01384,view_movie_card,2026-08-01 09:25:45,m_0131,,
6825,u_0503,s_01384,add_favorite,2026-08-01 09:25:52,m_0131,,
6826,u_0471,s_01385,session_start,2026-08-06 13:06:00,,,
6827,u_0471,s_01385,search,2026-08-06 13:06:04,,,
6828,u_0471,s_01385,api_request,2026-08-06 13:06:08,,1830,1
6829,u_0471,s_01385,view_movie_card,2026-08-06 13:06:20,m_0405,,
6830,u_0471,s_01385,view_movie_card,2026-08-06 13:06:38,m_0439,,
6831,u_0471,s_01385,add_favorite,2026-08-06 13:06:39,m_0439,,
6832,u_0586,s_01386,session_start,2026-08-24 21:02:00,,,
6833,u_0586,s_01386,search,2026-08-24 21:02:08,,,
6834,u_0586,s_01386,api_request,2026-08-24 21:02:13,,5001,0
6835,u_0586,s_01386,error_shown,2026-08-24 21:02:13,,,
6836,u_0554,s_01387,session_start,2026-08-01 19:48:00,,,
6837,u_0554,s_01387,search,2026-08-01 19:48:08,,,
6838,u_0554,s_01387,api_request,2026-08-01 19:48:12,,414,1
6839,u_0554,s_01387,random_pick,2026-08-01 19:48:16,,,
6840,u_0554,s_01387,view_movie_card,2026-08-01 19:48:31,m_0113,,
6841,u_0554,s_01387,view_movie_card,2026-08-01 19:48:22,m_0145,,
6842,u_0554,s_01387,view_movie_card,2026-08-01 19:48:57,m_0491,,
6843,u_0554,s_01387,view_movie_card,2026-08-01 19:49:28,m_0172,,
6844,u_0557,s_01388,session_start,2026-08-19 17:50:00,,,
6845,u_0557,s_01388,search,2026-08-19 17:50:15,,,
6846,u_0557,s_01388,api_request,2026-08-19 17:50:19,,1018,1
6847,u_0557,s_01388,view_movie_card,2026-08-19 17:50:33,m_0086,,
6848,u_0557,s_01388,view_movie_card,2026-08-19 17:50:43,m_0489,,
6849,u_0557,s_01388,view_movie_card,2026-08-19 17:51:13,m_0344,,
6850,u_0711,s_01389,session_start,2026-08-06 21:00:00,,,
6851,u_0711,s_01389,search,2026-08-06 21:00:07,,,
6852,u_0711,s_01389,api_request,2026-08-06 21:00:10,,936,1
6853,u_0711,s_01389,view_movie_card,2026-08-06 21:00:19,m_0001,,
6854,u_0711,s_01389,view_movie_card,2026-08-06 21:00:26,m_0047,,
6855,u_0711,s_01389,view_movie_card,2026-08-06 21:00:40,m_0116,,
6856,u_0711,s_01389,view_movie_card,2026-08-06 21:00:30,m_0093,,
6857,u_0711,s_01389,add_favorite,2026-08-06 21:00:33,m_0093,,
6858,u_0711,s_01389,view_movie_card,2026-08-06 21:00:50,m_0332,,
6859,u_0070,s_01390,session_start,2026-08-24 19:10:00,,,
6860,u_0070,s_01390,search,2026-08-24 19:10:10,,,
6861,u_0070,s_01390,api_request,2026-08-24 19:10:11,,4304,1
6862,u_0070,s_01390,view_movie_card,2026-08-24 19:10:29,m_0055,,
6863,u_0070,s_01390,view_movie_card,2026-08-24 19:10:47,m_0109,,
6864,u_0070,s_01390,view_movie_card,2026-08-24 19:10:56,m_0282,,
6865,u_0321,s_01391,session_start,2026-08-24 18:56:00,,,
6866,u_0321,s_01391,search,2026-08-24 18:56:09,,,
6867,u_0321,s_01391,api_request,2026-08-24 18:56:14,,1671,1
6868,u_0321,s_01391,view_movie_card,2026-08-24 18:56:20,m_0363,,
6869,u_0321,s_01391,add_favorite,2026-08-24 18:56:26,m_0363,,
6870,u_0548,s_01392,session_start,2026-08-30 12:30:00,,,
6871,u_0548,s_01392,search,2026-08-30 12:30:13,,,
6872,u_0548,s_01392,api_request,2026-08-30 12:30:18,,850,1
6873,u_0548,s_01392,view_movie_card,2026-08-30 12:30:38,m_0461,,
6874,u_0548,s_01392,add_favorite,2026-08-30 12:30:43,m_0461,,
6875,u_0548,s_01392,view_movie_card,2026-08-30 12:30:48,m_0493,,
6876,u_0099,s_01393,session_start,2026-08-28 09:42:00,,,
6877,u_0773,s_01394,session_start,2026-08-05 11:46:00,,,
6878,u_0773,s_01394,search,2026-08-05 11:46:02,,,
6879,u_0773,s_01394,api_request,2026-08-05 11:46:02,,2051,1
6880,u_0773,s_01394,view_movie_card,2026-08-05 11:46:14,m_0070,,
6881,u_0773,s_01394,view_movie_card,2026-08-05 11:46:20,m_0031,,
6882,u_0286,s_01395,session_start,2026-08-09 13:31:00,,,
6883,u_0286,s_01395,search,2026-08-09 13:31:13,,,
6884,u_0286,s_01395,api_request,2026-08-09 13:31:14,,4599,1
6885,u_0286,s_01395,view_movie_card,2026-08-09 13:31:30,m_0296,,
6886,u_0690,s_01396,session_start,2026-08-07 20:00:00,,,
6887,u_0690,s_01396,search,2026-08-07 20:00:12,,,
6888,u_0690,s_01396,api_request,2026-08-07 20:00:12,,2002,1
6889,u_0713,s_01397,session_start,2026-08-09 23:45:00,,,
6890,u_0713,s_01397,search,2026-08-09 23:45:15,,,
6891,u_0713,s_01397,api_request,2026-08-09 23:45:16,,3895,1
6892,u_0713,s_01397,random_pick,2026-08-09 23:45:17,,,
6893,u_0713,s_01397,view_movie_card,2026-08-09 23:45:28,m_0191,,
6894,u_0713,s_01397,view_movie_card,2026-08-09 23:45:28,m_0461,,
6895,u_0713,s_01397,view_movie_card,2026-08-09 23:45:43,m_0258,,
6896,u_0713,s_01397,add_favorite,2026-08-09 23:45:49,m_0258,,
6897,u_0713,s_01397,view_movie_card,2026-08-09 23:45:40,m_0209,,
6898,u_0845,s_01398,session_start,2026-08-07 09:43:00,,,
6899,u_0845,s_01398,search,2026-08-07 09:43:13,,,
6900,u_0845,s_01398,api_request,2026-08-07 09:43:18,,3904,1
6901,u_0845,s_01398,view_movie_card,2026-08-07 09:43:26,m_0313,,
6902,u_0845,s_01398,view_movie_card,2026-08-07 09:43:36,m_0394,,
6903,u_0845,s_01398,add_favorite,2026-08-07 09:43:37,m_0394,,
6904,u_0092,s_01399,session_start,2026-08-21 11:38:00,,,
6905,u_0092,s_01399,search,2026-08-21 11:38:15,,,
6906,u_0092,s_01399,api_request,2026-08-21 11:38:20,,906,1
6907,u_0092,s_01399,view_movie_card,2026-08-21 11:38:30,m_0299,,
6908,u_0092,s_01399,view_movie_card,2026-08-21 11:38:42,m_0062,,
6909,u_0863,s_01400,session_start,2026-08-01 13:15:00,,,
